shape_yield_assumed,functional_QC_yield_assumed,net_mass_yield,variable_cost_JPY_retiredkg,new_cost_JPY_qualifiedkg,variable_savings_JPY_retiredkg,break_even_retiredkg_year
0.5,0.5,0.209475,2000.0,6000.0,-743.1500000000001,
0.5,0.9,0.377055,2000.0,6000.0,262.3299999999999,7623.985056989291
0.5,0.98,0.41057099999999996,2000.0,6000.0,463.42599999999993,4315.683625864755
0.8,0.5,0.33516,2000.0,6000.0,10.960000000000036,182481.75182481692
0.8,0.9,0.603288,2000.0,6000.0,1619.728,1234.7752215186747
0.8,0.98,0.6569136,2000.0,6000.0,1941.4816,1030.1411046079447
0.95,0.5,0.3980025,2000.0,6000.0,388.0149999999999,5154.439905673751
0.95,0.9,0.7164045,2000.0,6000.0,2298.4269999999997,870.1603313918607
0.95,0.98,0.7800849,2000.0,6000.0,2680.5094,746.1268369362928
