case,frequency_Hz,k_storage_N_m,k_loss_N_m,loss_factor
elastic,1.0,27.77777777777778,0.0,0.0
elastic,1.1547819846894583,27.77777777777778,0.0,0.0
elastic,1.333521432163324,27.77777777777778,0.0,0.0
elastic,1.539926526059492,27.77777777777778,0.0,0.0
elastic,1.7782794100389228,27.77777777777778,0.0,0.0
elastic,2.0535250264571463,27.77777777777778,0.0,0.0
elastic,2.371373705661655,27.77777777777778,0.0,0.0
elastic,2.7384196342643614,27.77777777777778,0.0,0.0
elastic,3.1622776601683795,27.77777777777778,0.0,0.0
elastic,3.651741272548377,27.77777777777778,0.0,0.0
elastic,4.216965034285822,27.77777777777778,0.0,0.0
elastic,4.869675251658631,27.77777777777778,0.0,0.0
elastic,5.623413251903491,27.77777777777778,0.0,0.0
elastic,6.493816315762113,27.77777777777778,0.0,0.0
elastic,7.498942093324558,27.77777777777778,0.0,0.0
elastic,8.659643233600654,27.77777777777778,0.0,0.0
elastic,10.0,27.77777777777778,0.0,0.0
elastic,11.547819846894582,27.77777777777778,0.0,0.0
elastic,13.33521432163324,27.77777777777778,0.0,0.0
elastic,15.39926526059492,27.77777777777778,0.0,0.0
elastic,17.78279410038923,27.77777777777778,0.0,0.0
elastic,20.53525026457146,27.77777777777778,0.0,0.0
elastic,23.71373705661655,27.77777777777778,0.0,0.0
elastic,27.384196342643612,27.77777777777778,0.0,0.0
elastic,31.622776601683793,27.77777777777778,0.0,0.0
elastic,36.51741272548377,27.77777777777778,0.0,0.0
elastic,42.169650342858226,27.77777777777778,0.0,0.0
elastic,48.69675251658631,27.77777777777778,0.0,0.0
elastic,56.23413251903491,27.77777777777778,0.0,0.0
elastic,64.93816315762113,27.77777777777778,0.0,0.0
elastic,74.98942093324558,27.77777777777778,0.0,0.0
elastic,86.59643233600653,27.77777777777778,0.0,0.0
elastic,100.0,27.77777777777778,0.0,0.0
elastic,115.47819846894582,27.77777777777778,0.0,0.0
elastic,133.3521432163324,27.77777777777778,0.0,0.0
elastic,153.9926526059492,27.77777777777778,0.0,0.0
elastic,177.82794100389228,27.77777777777778,0.0,0.0
elastic,205.3525026457146,27.77777777777778,0.0,0.0
elastic,237.13737056616552,27.77777777777778,0.0,0.0
elastic,273.8419634264361,27.77777777777778,0.0,0.0
elastic,316.22776601683796,27.77777777777778,0.0,0.0
elastic,365.1741272548377,27.77777777777778,0.0,0.0
elastic,421.6965034285823,27.77777777777778,0.0,0.0
elastic,486.9675251658631,27.77777777777778,0.0,0.0
elastic,562.341325190349,27.77777777777778,0.0,0.0
elastic,649.3816315762114,27.77777777777778,0.0,0.0
elastic,749.8942093324558,27.77777777777778,0.0,0.0
elastic,865.9643233600654,27.77777777777778,0.0,0.0
elastic,1000.0,27.77777777777778,0.0,0.0
elastic,1154.781984689458,27.77777777777778,0.0,0.0
elastic,1333.521432163324,27.77777777777778,0.0,0.0
elastic,1539.926526059492,27.77777777777778,0.0,0.0
elastic,1778.2794100389228,27.77777777777778,0.0,0.0
elastic,2053.525026457146,27.77777777777778,0.0,0.0
elastic,2371.373705661655,27.77777777777778,0.0,0.0
elastic,2738.4196342643613,27.77777777777778,0.0,0.0
elastic,3162.2776601683795,27.77777777777778,0.0,0.0
elastic,3651.741272548377,27.77777777777778,0.0,0.0
elastic,4216.965034285822,27.77777777777778,0.0,0.0
elastic,4869.675251658631,27.77777777777778,0.0,0.0
elastic,5623.413251903491,27.77777777777778,0.0,0.0
elastic,6493.816315762113,27.77777777777778,0.0,0.0
elastic,7498.942093324558,27.77777777777778,0.0,0.0
elastic,8659.643233600653,27.77777777777778,0.0,0.0
elastic,10000.0,27.77777777777778,0.0,0.0
elastic,11547.819846894581,27.77777777777778,0.0,0.0
elastic,13335.21432163324,27.77777777777778,0.0,0.0
elastic,15399.26526059492,27.77777777777778,0.0,0.0
elastic,17782.794100389227,27.77777777777778,0.0,0.0
elastic,20535.25026457146,27.77777777777778,0.0,0.0
elastic,23713.737056616552,27.77777777777778,0.0,0.0
elastic,27384.196342643612,27.77777777777778,0.0,0.0
elastic,31622.776601683792,27.77777777777778,0.0,0.0
elastic,36517.41272548377,27.77777777777778,0.0,0.0
elastic,42169.65034285822,27.77777777777778,0.0,0.0
elastic,48696.75251658631,27.77777777777778,0.0,0.0
elastic,56234.13251903491,27.77777777777778,0.0,0.0
elastic,64938.16315762113,27.77777777777778,0.0,0.0
elastic,74989.42093324558,27.77777777777778,0.0,0.0
elastic,86596.43233600653,27.77777777777778,0.0,0.0
elastic,100000.0,27.77777777777778,0.0,0.0
low_loss,1.0,27.777777802451787,0.0004139411762707474,1.4901882332510095e-05
low_loss,1.1547819846894583,27.7777778106811,0.0004780118125121687,1.7208425230054356e-05
low_loss,1.333521432163324,27.777777821655064,0.0005519994286855096,1.9871979401288918e-05
low_loss,1.539926526059492,27.77777783628908,0.0006374389944616259,2.2947803752281123e-05
low_loss,1.7782794100389228,27.77777785580385,0.0007361030650743056,2.6499710268238943e-05
low_loss,2.0535250264571463,27.77777788182722,0.0008500385552370955,3.060138787390937e-05
low_loss,2.371373705661655,27.777777916529935,0.0009816092049739632,3.533793120254696e-05
low_loss,2.7384196342643614,27.777777962806752,0.0011335446183554899,4.080760598897642e-05
low_loss,3.1622776601683795,27.777778024517882,0.001308996892486334,4.7123887710923313e-05
low_loss,3.651741272548377,27.777778106810988,0.001511606011544856,5.4417815771025144e-05
low_loss,4.216965034285822,27.777778216550605,0.0017455753624958188,6.284071205722879e-05
low_loss,4.869675251658631,27.777778362890736,0.0020157589390498933,7.25673202772333e-05
low_loss,5.623413251903491,27.77777855803843,0.002327762042878482,8.3799431189751e-05
low_loss,6.493816315762113,27.777778818272036,0.0026880575710286837,9.677006893223938e-05
low_loss,7.498942093324558,27.777779165299105,0.0031041203017132153,0.00011174832527976111
low_loss,8.659643233600654,27.777779628067083,0.0035845819638556796,0.00012904494210306733
low_loss,10.0,27.777780245178,0.004139410306658724,0.0001490187578029131
low_loss,11.547819846894582,27.777781068108464,0.00478011588291386,0.00017208415140120345
low_loss,13.33521432163324,27.777782165503577,0.005519990834020341,0.00019871963863535
low_loss,15.39926526059492,27.777783628902938,0.006374384627505559,0.00022947779825288064
low_loss,17.78279410038923,27.77778558037639,0.007361022462785572,0.00026499673422440717
low_loss,20.53525026457146,27.777788182706352,0.0085003729435228,0.0003060133113411415
low_loss,23.71373705661655,27.777791652966098,0.009816072633049702,0.0003533784382748636
low_loss,27.384196342643612,27.77779628062645,0.011335416283299152,0.0004080747143791607
low_loss,31.622776601683793,27.777802451701117,0.0130899228807077,0.00047123680512408826
low_loss,36.51741272548377,27.77781068094437,0.015115989210916789,0.000544174967010139
low_loss,42.169650342858226,27.77782165478628,0.017455644437363166,0.0006284022071383505
low_loss,48.69675251658631,27.777836288585693,0.020157421249982904,0.0007256656364652086
low_loss,56.23413251903491,27.777855802974884,0.02327736150547895,0.0008379826603818012
low_loss,64.93816315762113,27.777881825660472,0.026880176988929003,0.0009676827469291704
low_loss,74.98942093324558,27.777916527165974,0.031040589018635614,0.001117455623004657
low_loss,86.59643233600653,27.777962801827687,0.035844874132348624,0.0012904068735375427
low_loss,100.0,27.778024509121302,0.04139264706956433,0.0014901220587508835
low_loss,115.47819846894582,27.778106795413564,0.04779891672753529,0.0017207406206468814
low_loss,133.3521432163324,27.77821652291371,0.05519645572357338,0.0019870410210836575
low_loss,153.9926526059492,27.77836284149154,0.06373852961227398,0.0022945387377930723
low_loss,177.82794100389228,27.77855795085725,0.07360203759015571,0.0026495989359982
low_loss,205.3525026457146,27.778818116319155,0.08499112247580407,0.0030595658216961553
low_loss,237.13737056616552,27.779165022206527,0.09814131351891861,0.0035329108502888742
low_loss,273.8419634264361,27.779627574711874,0.11332427054100075,0.004079402081119374
low_loss,316.22776601683796,27.780244302507608,0.13085320100374792,0.004710296985830911
low_loss,365.1741272548377,27.781066551779816,0.15108902115325146,0.0054385608584049065
low_loss,421.6965034285823,27.7821627357899,0.1744473257164673,0.006279112514582548
low_loss,486.9675251658631,27.783623982074413,0.20140621351931035,0.007249098017208075
low_loss,562.341325190349,27.78557162817678,0.23251498231323414,0.008368191427720906
low_loss,649.3816315762114,27.788167155414417,0.2684036449870135,0.009658918614022951
low_loss,749.8942093324558,27.79162532599068,0.30979311590921027,0.011146995264774683
low_loss,865.9643233600654,27.796231507313358,0.3575057473927417,0.012861662463081723
low_loss,1000.0,27.802364430985847,0.4124756280827678,0.014835990985826443
low_loss,1154.781984689458,27.81052593692061,0.47575763777155017,0.017107106814544106
low_loss,1333.521432163324,27.82137957301338,0.5485336162387264,0.019716262265110737
low_loss,1539.926526059492,27.83580020334819,0.6321130508354721,0.022708635865242317
low_loss,1778.2794100389228,27.854936910476408,0.7279242945858616,0.026132685093682082
low_loss,2053.525026457146,27.880291247849343,0.8374903498984693,0.03003879487675985
low_loss,2371.373705661655,27.913811933476364,0.9623805615654848,0.03447685912117667
low_loss,2738.4196342643613,27.958004758625922,1.1041261210859232,0.03949230750256832
low_loss,3162.2776601683795,28.016051872027628,1.264083330353582,0.04511996680073592
low_loss,3651.741272548377,28.09192639478612,1.4432249528556658,0.05137507953614492
low_loss,4216.965034285822,28.190475062263626,1.641838699709277,0.05824090215163055
low_loss,4869.675251658631,28.317422346554903,1.8591168513593392,0.06565275711210768
low_loss,5623.413251903491,28.47922556355596,2.0926385695676233,0.07347947593931459
low_loss,6493.816315762113,28.682688359589037,2.3377848706637256,0.08150508213718992
low_loss,7498.942093324558,28.934235526325168,2.5871919261932166,0.0894162876305931
low_loss,8659.643233600653,29.238792329178988,2.8304365149786612,0.0968041526172753
low_loss,10000.0,29.59832718879321,3.0542272484564874,0.10318918461084202
low_loss,11547.819846894581,30.01031593577932,3.243379500060259,0.10807548667601301
low_loss,13335.21432163324,30.46661223744068,3.3826957850161645,0.11102960049030791
low_loss,15399.26526059492,30.953316925297205,3.4595240010265464,0.11176585725451552
low_loss,17782.794100389227,31.452056142764764,3.4663381940694786,0.1102102253135802
low_loss,20535.25026457146,31.942567576951774,3.402451661941574,0.10651778864503741
low_loss,23713.737056616552,32.40588720483087,3.2741795812389585,0.10103656661345362
low_loss,27384.196342643612,32.827120256253835,3.0933830764726946,0.09423254468638259
low_loss,31622.776601683792,33.196995642999966,2.8749843698067306,0.08660375175887218
low_loss,36517.41272548377,33.51198354757229,2.6343419654642592,0.0786089537709593
low_loss,42169.65034285822,33.7733110285815,2.3852103918800887,0.07062412062179942
low_loss,48696.75251658631,33.98546017964719,2.13859410970347,0.06292673685743429
low_loss,56234.13251903491,34.154668797230556,1.9024264345537827,0.055700333264775845
low_loss,64938.16315762113,34.28773605062199,1.6818105860189365,0.0490499163763957
low_loss,74989.42093324558,34.39122405876601,1.4795399869971217,0.04302085859081252
low_loss,86596.43233600653,34.47101396851728,1.296686614070782,0.03761672387284745
low_loss,100000.0,34.53212271560303,1.1331361966755849,0.0328139745710908
balanced,1.0,27.777777876473824,0.0016557647050829895,5.9607529171198634e-05
balanced,1.1547819846894583,27.777777909391066,0.0019120472500486747,6.883370067561282e-05
balanced,1.333521432163324,27.777777953286922,0.0022079977147420383,7.948791722848254e-05
balanced,1.539926526059492,27.77777801182298,0.0025497559778465038,9.179121442907557e-05
balanced,1.7782794100389228,27.777778089882073,0.0029444122602972226,0.00010599884017972306
balanced,2.0535250264571463,27.77777819397554,0.003400154220948382,0.00012240555012012476
balanced,2.371373705661655,27.77777833278641,0.003926436819895853,0.00014135172269199935
balanced,2.7384196342643614,27.77777851789368,0.0045341784734219594,0.00016323042069405107
balanced,3.1622776601683795,27.77777876473818,0.005235987569945336,0.00018849554582067707
balanced,3.651741272548377,27.777779093910617,0.006046424046179424,0.00021767125534902492
balanced,4.216965034285822,27.777779532869097,0.006982301449983275,0.00025136283631746757
balanced,4.869675251658631,27.777780118229618,0.008063035756199573,0.00029026926276618035
balanced,5.623413251903491,27.77778089882038,0.009311048171513929,0.00033519769651251495
balanced,6.493816315762113,27.77778193975482,0.010752230284114735,0.000387080232231445
balanced,7.498942093324558,27.77778332786309,0.012416481206852861,0.00044699323413608196
balanced,8.659643233600654,27.777785178934998,0.014338327855422718,0.0005161796652634511
balanced,10.0,27.777787647378673,0.016557641226634896,0.0005960748723700969
balanced,11.547819846894582,27.777790939100537,0.01912046353165544,0.0006883363610005833
balanced,13.33521432163324,27.777795328680977,0.022079963336081365,0.0007948781778690508
balanced,15.39926526059492,27.77780118227842,0.025497538510022236,0.0009179106129641774
balanced,17.78279410038923,27.777808988172225,0.02944408985114229,0.0010599860436681513
balanced,20.53525026457146,27.777819397492085,0.0340014917740912,0.001224051869858475
balanced,23.71373705661655,27.77783327853107,0.039264290532198806,0.001413511634924578
balanced,27.384196342643612,27.77785178917247,0.04534166513319661,0.0016322955956900287
balanced,31.622776601683793,27.777876473471117,0.0523596915228308,0.0018849421975375336
balanced,36.51741272548377,27.777909390444144,0.060463956843667156,0.00217669213308282
balanced,42.169650342858226,27.77795328581178,0.06982257774945266,0.002513596917347979
balanced,48.69675251658631,27.77801182100944,0.08062968499993162,0.002902644203605266
balanced,56.23413251903491,27.778089878566213,0.0931094460219158,0.003351902396059268
balanced,64.93816315762113,27.77819396930855,0.10752070795571601,0.0038706874923010843
balanced,74.98942093324558,27.778332775330558,0.12416235607454246,0.004469755513362156
balanced,86.59643233600653,27.778517873977407,0.1433794965293945,0.005161524354174085
balanced,100.0,27.778764703151865,0.16557058827825732,0.005960329411605231
balanced,115.47819846894582,27.779093848320905,0.19119566691014117,0.0068827179156420865
balanced,133.3521432163324,27.7795327583215,0.22078582289429352,0.007947787488547877
balanced,153.9926526059492,27.78011803263283,0.25495411844909593,0.009177575061042062
balanced,177.82794100389228,27.78089847009567,0.29440815036062284,0.010597502837337463
balanced,205.3525026457146,27.78193913194327,0.33996448990321626,0.012236888443554686
balanced,237.13737056616552,27.783326755492784,0.39256525407567444,0.014129526587310643
balanced,273.8419634264361,27.785176965514175,0.453297082164003,0.016314349292308513
balanced,316.22776601683796,27.787643876697107,0.5234128040149917,0.018836170721690044
balanced,365.1741272548377,27.79093287378593,0.6043560846130058,0.021746520253844038
balanced,421.6965034285823,27.795317609826263,0.6977893028658692,0.025104563029680407
balanced,486.9675251658631,27.80116259496432,0.8056248540772414,0.028978099434703704
balanced,562.341325190349,27.808953179373777,0.9300599292529366,0.03344462207023215
balanced,649.3816315762114,27.819335288324336,1.073614579948054,0.03859238794963753
balanced,749.8942093324558,27.83316797062938,1.239172463636841,0.04452143086782156
balanced,865.9643233600654,27.851592695920086,1.4300229895709669,0.05134438827911079
balanced,1000.0,27.876124390610048,1.649902512331071,0.05918694037994871
balanced,1154.781984689458,27.908770414349103,1.9030305510862007,0.0681875454501489
balanced,1333.521432163324,27.9521849587202,2.1941344649549057,0.07849599121482648
balanced,1539.926526059492,28.009867480059402,2.5284522033418884,0.09027005233573229
balanced,1778.2794100389228,28.086414308572284,2.9116971783434464,0.10366923831408284
balanced,2053.525026457146,28.18783165806402,3.349961399593877,0.11884423889822383
balanced,2371.373705661655,28.321914400572116,3.849522246261939,0.13592026978883098
balanced,2738.4196342643613,28.49868570117035,4.416504484343693,0.15497221628583108
balanced,3162.2776601683795,28.730874154777172,5.056333321414328,0.17598953983005056
balanced,3651.741272548377,29.03437224581115,5.772899811422663,0.198829847690457
balanced,4216.965034285822,29.428566915721163,6.567354798837108,0.22316257592987762
balanced,4869.675251658631,29.936356052886275,7.436467405437357,0.24840923832880388
balanced,5623.413251903491,30.5835689208905,8.370554278270493,0.27369448934891566
balanced,6493.816315762113,31.397420105022828,9.351139482654903,0.2978314603994787
balanced,7498.942093324558,32.403608771967356,10.348767704772866,0.3193708385260371
balanced,8659.643233600653,33.621835983382624,11.321746059914645,0.33673788860044246
balanced,10000.0,35.0599754218395,12.21690899382595,0.3484574317817637
balanced,11547.819846894581,36.70793040978397,12.973518000241036,0.3534254820528681
balanced,13335.21432163324,38.53311561642937,13.530783140064658,0.35114687519053184
balanced,15399.26526059492,40.4799343678555,13.838096004106186,0.3418507519887386
balanced,17782.794100389227,42.47489123772571,13.865352776277915,0.3264364515655986
balanced,20535.25026457146,44.43693697447376,13.609806647766296,0.3062723845161578
balanced,23713.737056616552,46.29021548599012,13.096718324955834,0.2829262769130897
balanced,27384.196342643612,47.975147691682,12.373532305890778,0.25791546042569286
balanced,31622.776601683792,49.454649238666505,11.499937479226922,0.2325350125066827
balanced,36517.41272548377,50.71460085695583,10.537367861857037,0.20777779345199696
balanced,42169.65034285822,51.75991078099269,9.540841567520355,0.18432878696197344
balanced,48696.75251658631,52.60850738525544,8.55437643881388,0.1626044315640746
balanced,56234.13251903491,53.2853418555889,7.609705738215131,0.14281048921180897
balanced,64938.16315762113,53.81761086915462,6.727242344075746,0.12500076156170362
balanced,74989.42093324558,54.23156290173069,5.918159947988487,0.10912759344060174
balanced,86596.43233600653,54.55072254073581,5.186746456283128,0.09508116876746993
balanced,100000.0,54.79515752907879,4.532544786702339,0.08271798076859256
large_branch,1.0,27.777778172561952,0.006623058820331958,0.0002384301141433268
large_branch,1.1547819846894583,27.77777830423094,0.007648189000194699,0.00027533479878877765
large_branch,1.333521432163324,27.777778479814344,0.008831990858968153,0.00031795166288716055
large_branch,1.539926526059492,27.777778713958583,0.010199023911386015,0.00036716484843551993
large_branch,1.7782794100389228,27.777779026194946,0.01177764904118889,0.00042399534642716954
large_branch,2.0535250264571463,27.777779442568818,0.013600616883793527,0.0004896221784722968
large_branch,2.371373705661655,27.7777799978123,0.01570574727958341,0.0005654068568769841
large_branch,2.7384196342643614,27.777780738241376,0.018136713893687838,0.0006529216305865362
large_branch,3.1622776601683795,27.7777817256194,0.020943950279781343,0.000753982102914459
large_branch,3.651741272548377,27.777783042309128,0.024185696184717696,0.0008706848976349112
large_branch,4.216965034285822,27.77778479814305,0.0279292057999331,0.0010054511546867544
large_branch,4.869675251658631,27.777787139585133,0.03225214302479829,0.001161076757580769
large_branch,5.623413251903491,27.77779026194818,0.037244192686055715,0.0013407903341064256
large_branch,6.493816315762113,27.777794425685947,0.04300892113645894,0.0015483202329659718
large_branch,7.498942093324558,27.777799978119017,0.049665924827411445,0.0017879718648177332
large_branch,8.659643233600654,27.777807382406642,0.057353311421690874,0.002064717010674362
large_branch,10.0,27.777817256181354,0.06623056490653959,0.0023842969480188875
large_branch,11.547819846894582,27.777830423068817,0.07648185412662176,0.0027533415303416004
large_branch,13.33521432163324,27.77784798139059,0.08831985334432546,0.0031795066847328923
large_branch,15.39926526059492,27.777871395780345,0.10199015404008895,0.003671633171128511
large_branch,17.78279410038923,27.777902619355558,0.11777635940456915,0.004239929883061183
large_branch,20.53525026457146,27.777944256634992,0.1360059670963648,0.004896185471460101
large_branch,23.71373705661655,27.777999780790932,0.15705716212879522,0.005654012649154225
large_branch,27.384196342643612,27.77807382335654,0.18136666053278644,0.006529130194055736
large_branch,31.622776601683793,27.778172560551134,0.2094387660913232,0.007539688423879811
large_branch,36.51741272548377,27.778304228443247,0.24185582737466862,0.008706644775206378
large_branch,42.169650342858226,27.778479809913776,0.27929031099781065,0.010054197094620548
large_branch,48.69675251658631,27.778713950704415,0.32251873999972647,0.011610283347604292
large_branch,56.23413251903491,27.77902618093152,0.3724377840876632,0.013407157675790569
large_branch,64.93816315762113,27.77944254390085,0.43008283182286405,0.01548205408165368
large_branch,74.98942093324558,27.77999776798889,0.49664942429816983,0.017877950475232322
large_branch,86.59643233600653,27.780738162576284,0.573517986117578,0.02064444734194176
large_branch,100.0,27.781725479274108,0.6622823531130293,0.023838776810573167
large_branch,115.47819846894582,27.78304205995029,0.7647826676405647,0.027526959286543046
large_branch,133.3521432163324,27.78479769995267,0.8831432915771741,0.031785125848826264
large_branch,153.9926526059492,27.787138797197976,1.0198164737963837,0.03670102493241301
large_branch,177.82794100389228,27.790260547049357,1.1776326014424914,0.04237573085897271
large_branch,205.3525026457146,27.794423194439744,1.359857959612865,0.04892556863295165
large_branch,237.13737056616552,27.799973688637785,1.5702610163026978,0.05648426267915801
large_branch,273.8419634264361,27.807374528723347,1.813188328656012,0.06520530468574433
large_branch,316.22776601683796,27.8172421734551,2.0936512160599667,0.07526451410980833
large_branch,365.1741272548377,27.830398161810383,2.4174243384520233,0.08686272917824359
large_branch,421.6965034285823,27.847937105971717,2.7911572114634766,0.10022850887812945
large_branch,486.9675251658631,27.87131704652396,3.2224994163089655,0.11562063647476134
large_branch,562.341325190349,27.902479384161776,3.7202397170117463,0.13333007672154962
large_branch,649.3816315762114,27.944007819963996,4.294458319792216,0.15368083016080938
large_branch,749.8942093324558,27.99933854918417,4.956689854547364,0.17702881965730544
large_branch,865.9643233600654,28.073037450347005,5.720091958283867,0.20375750106845536
large_branch,1000.0,28.17116422910686,6.599610049324284,0.2342682750223532
large_branch,1154.781984689458,28.301748324063063,7.612122204344803,0.2689629671348865
large_branch,1333.521432163324,28.475406501547457,8.776537859819623,0.3082146644453583
large_branch,1539.926526059492,28.706136586904286,10.113808813367553,0.35232218667772464
large_branch,1778.2794100389228,29.012323900955806,11.646788713373786,0.4014428059308301
large_branch,2053.525026457146,29.417993298922752,13.399845598375508,0.45549828848680146
large_branch,2371.373705661655,29.954324268955126,15.398088985047757,0.5140522899729187
large_branch,2738.4196342643613,30.66140947134807,17.66601793737477,0.5761645743612341
large_branch,3162.2776601683795,31.590163285775347,20.22533328565731,0.640241492349757
large_branch,3651.741272548377,32.804155649911266,23.091599245690652,0.7039229874448274
large_branch,4216.965034285822,34.38093432955131,26.269419195348434,0.7640693805336518
large_branch,4869.675251658631,36.41209087821175,29.745869621749428,0.8169228655734446
large_branch,5623.413251903491,39.00094235022866,33.48221711308197,0.8584976437854114
large_branch,6493.816315762113,42.25634708675796,37.40455793061961,0.8851820024533361
large_branch,7498.942093324558,46.28110175453606,41.395070819091465,0.8944270825409703
large_branch,8659.643233600653,51.154010600197154,45.28698423965858,0.8853066203079694
large_branch,10000.0,56.906568354024685,48.8676359753038,0.8587345431074067
large_branch,11547.819846894581,63.49838830580252,51.894072000964144,0.8172502229670298
large_branch,13335.21432163324,70.79912913238417,54.12313256025863,0.7644604280238557
large_branch,15399.26526059492,78.58640413808865,55.35238401642474,0.7043506395732513
large_branch,17782.794100389227,86.5662316175695,55.46141110511166,0.6406818232556076
large_branch,20535.25026457146,94.4144145645617,54.439226591065186,0.576598677671607
large_branch,23713.737056616552,101.82752861062714,52.386873299823336,0.5144667067404013
large_branch,27384.196342643612,108.56725743339466,49.494129223563114,0.4558844940329036
large_branch,31622.776601683792,114.48526362133269,45.99974991690769,0.4017962527391717
large_branch,36517.41272548377,119.52507009449,42.14947144742815,0.35264126106855304
large_branch,42169.65034285822,123.70630979063743,38.16336627008142,0.3084997550623709
large_branch,48696.75251658631,127.10069620768843,34.21750575525552,0.26921572246419906
large_branch,56234.13251903491,129.80803408902224,30.438822952860523,0.23449105570758128
large_branch,64938.16315762113,131.93711014328514,26.908969376302984,0.20395299963050237
large_branch,74989.42093324558,133.59291827358942,23.672639791953948,0.177199810423139
large_branch,86596.43233600653,134.8695568296099,20.746985825132512,0.15383001407310637
large_branch,100000.0,135.84729678298186,18.130179146809358,0.1334599920362979
fast_relaxation,1.0,27.777777778764737,0.0001655764710907187,5.960752959054085e-06
fast_relaxation,1.1547819846894583,27.77777777909391,0.000191204725901751,6.883370132136897e-06
fast_relaxation,1.333521432163324,27.77777777953287,0.00022079977285533866,7.94879182228996e-06
fast_relaxation,1.539926526059492,27.777777780118235,0.00025497559991149646,9.179121596040472e-06
fast_relaxation,1.7782794100389228,27.77777778089882,0.00029444122930490893,1.0599884253785744e-05
fast_relaxation,2.0535250264571463,27.777777781939758,0.000340015427138385,1.2240555375147841e-05
fast_relaxation,2.371373705661655,27.777777783327863,0.00039264368975627686,1.4135172828401715e-05
fast_relaxation,2.7384196342643614,27.777777785178937,0.0004534178593023302,1.6323042930534747e-05
fast_relaxation,3.1622776601683795,27.777777787647384,0.0005235987754122612,1.8849555908144047e-05
fast_relaxation,3.651741272548377,27.77777779093911,0.0006046424329798895,2.1767127576962585e-05
fast_relaxation,4.216965034285822,27.77777779532869,0.0006982301886736416,2.5136286776369166e-05
fast_relaxation,4.869675251658631,27.777777801182296,0.0008063036428767304,2.9026931119105287e-05
fast_relaxation,5.623413251903491,27.77777780898821,0.0009311049207218787,3.3519777108325635e-05
fast_relaxation,6.493816315762113,27.777777819397553,0.0010752231879024062,3.8708034706489916e-05
fast_relaxation,7.498942093324558,27.77777783327864,0.0012416483662895915,4.469934109711462e-05
fast_relaxation,8.659643233600654,27.77777785178937,0.0014338331637548313,5.161799375764205e-05
fast_relaxation,10.0,27.777777876473824,0.0016557647050829897,5.960752917119864e-05
fast_relaxation,11.547819846894582,27.777777909391066,0.0019120472500486743,6.883370067561281e-05
fast_relaxation,13.33521432163324,27.777777953286922,0.0022079977147420387,7.948791722848257e-05
fast_relaxation,15.39926526059492,27.77777801182298,0.0025497559778465038,9.179121442907557e-05
fast_relaxation,17.78279410038923,27.777778089882073,0.0029444122602972226,0.00010599884017972306
fast_relaxation,20.53525026457146,27.77777819397554,0.003400154220948381,0.00012240555012012474
fast_relaxation,23.71373705661655,27.77777833278641,0.003926436819895854,0.00014135172269199938
fast_relaxation,27.384196342643612,27.77777851789368,0.0045341784734219594,0.00016323042069405107
fast_relaxation,31.622776601683793,27.77777876473818,0.005235987569945335,0.00018849554582067702
fast_relaxation,36.51741272548377,27.777779093910617,0.006046424046179425,0.00021767125534902495
fast_relaxation,42.169650342858226,27.777779532869097,0.006982301449983277,0.0002513628363174676
fast_relaxation,48.69675251658631,27.777780118229618,0.008063035756199573,0.00029026926276618035
fast_relaxation,56.23413251903491,27.77778089882038,0.009311048171513929,0.00033519769651251495
fast_relaxation,64.93816315762113,27.77778193975482,0.010752230284114738,0.0003870802322314451
fast_relaxation,74.98942093324558,27.77778332786309,0.012416481206852863,0.00044699323413608207
fast_relaxation,86.59643233600653,27.777785178934998,0.014338327855422718,0.0005161796652634511
fast_relaxation,100.0,27.777787647378673,0.0165576412266349,0.000596074872370097
fast_relaxation,115.47819846894582,27.777790939100537,0.019120463531655443,0.0006883363610005834
fast_relaxation,133.3521432163324,27.777795328680977,0.022079963336081365,0.0007948781778690508
fast_relaxation,153.9926526059492,27.77780118227842,0.025497538510022236,0.0009179106129641774
fast_relaxation,177.82794100389228,27.777808988172225,0.029444089851142295,0.0010599860436681515
fast_relaxation,205.3525026457146,27.777819397492085,0.03400149177409121,0.0012240518698584753
fast_relaxation,237.13737056616552,27.77783327853107,0.039264290532198806,0.001413511634924578
fast_relaxation,273.8419634264361,27.77785178917247,0.04534166513319661,0.0016322955956900287
fast_relaxation,316.22776601683796,27.777876473471117,0.05235969152283081,0.001884942197537534
fast_relaxation,365.1741272548377,27.777909390444144,0.060463956843667156,0.00217669213308282
fast_relaxation,421.6965034285823,27.77795328581178,0.06982257774945266,0.002513596917347979
fast_relaxation,486.9675251658631,27.77801182100944,0.08062968499993163,0.002902644203605267
fast_relaxation,562.341325190349,27.778089878566213,0.0931094460219158,0.003351902396059268
fast_relaxation,649.3816315762114,27.77819396930855,0.10752070795571603,0.0038706874923010847
fast_relaxation,749.8942093324558,27.778332775330558,0.12416235607454246,0.004469755513362156
fast_relaxation,865.9643233600654,27.778517873977407,0.14337949652939452,0.005161524354174086
fast_relaxation,1000.0,27.778764703151865,0.16557058827825732,0.005960329411605231
fast_relaxation,1154.781984689458,27.779093848320905,0.19119566691014117,0.0068827179156420865
fast_relaxation,1333.521432163324,27.7795327583215,0.22078582289429352,0.007947787488547877
fast_relaxation,1539.926526059492,27.78011803263283,0.25495411844909593,0.009177575061042062
fast_relaxation,1778.2794100389228,27.78089847009567,0.29440815036062284,0.010597502837337463
fast_relaxation,2053.525026457146,27.78193913194327,0.33996448990321626,0.012236888443554686
fast_relaxation,2371.373705661655,27.783326755492784,0.3925652540756745,0.014129526587310646
fast_relaxation,2738.4196342643613,27.785176965514175,0.453297082164003,0.016314349292308513
fast_relaxation,3162.2776601683795,27.787643876697107,0.5234128040149917,0.018836170721690044
fast_relaxation,3651.741272548377,27.79093287378593,0.6043560846130058,0.021746520253844038
fast_relaxation,4216.965034285822,27.795317609826263,0.6977893028658692,0.025104563029680407
fast_relaxation,4869.675251658631,27.80116259496432,0.8056248540772415,0.028978099434703707
fast_relaxation,5623.413251903491,27.808953179373777,0.9300599292529368,0.033444622070232154
fast_relaxation,6493.816315762113,27.819335288324336,1.073614579948054,0.03859238794963753
fast_relaxation,7498.942093324558,27.83316797062938,1.239172463636841,0.04452143086782156
fast_relaxation,8659.643233600653,27.851592695920086,1.4300229895709666,0.05134438827911078
fast_relaxation,10000.0,27.876124390610048,1.6499025123310715,0.05918694037994873
fast_relaxation,11547.819846894581,27.908770414349103,1.9030305510862007,0.0681875454501489
fast_relaxation,13335.21432163324,27.9521849587202,2.1941344649549057,0.07849599121482648
fast_relaxation,15399.26526059492,28.009867480059402,2.5284522033418884,0.09027005233573229
fast_relaxation,17782.794100389227,28.086414308572284,2.9116971783434464,0.10366923831408284
fast_relaxation,20535.25026457146,28.18783165806402,3.349961399593878,0.11884423889822386
fast_relaxation,23713.737056616552,28.321914400572116,3.8495222462619396,0.13592026978883098
fast_relaxation,27384.196342643612,28.49868570117035,4.416504484343694,0.1549722162858311
fast_relaxation,31622.776601683792,28.730874154777172,5.056333321414328,0.17598953983005056
fast_relaxation,36517.41272548377,29.03437224581115,5.772899811422664,0.19882984769045706
fast_relaxation,42169.65034285822,29.428566915721163,6.567354798837108,0.22316257592987762
fast_relaxation,48696.75251658631,29.936356052886275,7.436467405437359,0.24840923832880393
fast_relaxation,56234.13251903491,30.5835689208905,8.370554278270493,0.27369448934891566
fast_relaxation,64938.16315762113,31.397420105022828,9.351139482654903,0.2978314603994787
fast_relaxation,74989.42093324558,32.403608771967356,10.348767704772868,0.31937083852603715
fast_relaxation,86596.43233600653,33.621835983382624,11.321746059914647,0.33673788860044246
fast_relaxation,100000.0,35.0599754218395,12.21690899382595,0.3484574317817637
slow_relaxation,1.0,27.777787647378673,0.016557641226634896,0.0005960748723700969
slow_relaxation,1.1547819846894583,27.777790939100537,0.019120463531655443,0.0006883363610005834
slow_relaxation,1.333521432163324,27.777795328680977,0.02207996333608136,0.0007948781778690506
slow_relaxation,1.539926526059492,27.77780118227842,0.025497538510022236,0.0009179106129641774
slow_relaxation,1.7782794100389228,27.777808988172225,0.02944408985114229,0.0010599860436681513
slow_relaxation,2.0535250264571463,27.777819397492085,0.034001491774091216,0.0012240518698584755
slow_relaxation,2.371373705661655,27.77783327853107,0.039264290532198806,0.001413511634924578
slow_relaxation,2.7384196342643614,27.77785178917247,0.04534166513319661,0.0016322955956900287
slow_relaxation,3.1622776601683795,27.777876473471117,0.0523596915228308,0.0018849421975375336
slow_relaxation,3.651741272548377,27.777909390444144,0.060463956843667156,0.00217669213308282
slow_relaxation,4.216965034285822,27.77795328581178,0.06982257774945266,0.002513596917347979
slow_relaxation,4.869675251658631,27.77801182100944,0.08062968499993163,0.002902644203605267
slow_relaxation,5.623413251903491,27.778089878566213,0.09310944602191583,0.0033519023960592695
slow_relaxation,6.493816315762113,27.77819396930855,0.10752070795571601,0.0038706874923010843
slow_relaxation,7.498942093324558,27.778332775330558,0.12416235607454246,0.004469755513362156
slow_relaxation,8.659643233600654,27.778517873977407,0.14337949652939452,0.005161524354174086
slow_relaxation,10.0,27.778764703151865,0.16557058827825732,0.005960329411605231
slow_relaxation,11.547819846894582,27.779093848320905,0.19119566691014117,0.0068827179156420865
slow_relaxation,13.33521432163324,27.7795327583215,0.22078582289429352,0.007947787488547877
slow_relaxation,15.39926526059492,27.78011803263283,0.25495411844909593,0.009177575061042062
slow_relaxation,17.78279410038923,27.78089847009567,0.29440815036062284,0.010597502837337463
slow_relaxation,20.53525026457146,27.78193913194327,0.33996448990321626,0.012236888443554686
slow_relaxation,23.71373705661655,27.783326755492784,0.39256525407567444,0.014129526587310643
slow_relaxation,27.384196342643612,27.785176965514175,0.453297082164003,0.016314349292308513
slow_relaxation,31.622776601683793,27.787643876697107,0.5234128040149916,0.01883617072169004
slow_relaxation,36.51741272548377,27.79093287378593,0.6043560846130058,0.021746520253844038
slow_relaxation,42.169650342858226,27.795317609826263,0.6977893028658693,0.02510456302968041
slow_relaxation,48.69675251658631,27.80116259496432,0.8056248540772414,0.028978099434703704
slow_relaxation,56.23413251903491,27.808953179373777,0.9300599292529368,0.033444622070232154
slow_relaxation,64.93816315762113,27.819335288324336,1.073614579948054,0.03859238794963753
slow_relaxation,74.98942093324558,27.83316797062938,1.239172463636841,0.04452143086782156
slow_relaxation,86.59643233600653,27.851592695920086,1.4300229895709669,0.05134438827911079
slow_relaxation,100.0,27.876124390610048,1.6499025123310715,0.05918694037994873
slow_relaxation,115.47819846894582,27.908770414349103,1.9030305510862007,0.0681875454501489
slow_relaxation,133.3521432163324,27.9521849587202,2.1941344649549057,0.07849599121482648
slow_relaxation,153.9926526059492,28.009867480059402,2.5284522033418884,0.09027005233573229
slow_relaxation,177.82794100389228,28.086414308572284,2.911697178343447,0.10366923831408287
slow_relaxation,205.3525026457146,28.18783165806402,3.3499613995938775,0.11884423889822385
slow_relaxation,237.13737056616552,28.321914400572116,3.849522246261939,0.13592026978883098
slow_relaxation,273.8419634264361,28.49868570117035,4.416504484343693,0.15497221628583108
slow_relaxation,316.22776601683796,28.730874154777172,5.0563333214143285,0.17598953983005058
slow_relaxation,365.1741272548377,29.03437224581115,5.772899811422663,0.198829847690457
slow_relaxation,421.6965034285823,29.428566915721163,6.567354798837108,0.22316257592987762
slow_relaxation,486.9675251658631,29.936356052886275,7.436467405437357,0.24840923832880388
slow_relaxation,562.341325190349,30.5835689208905,8.370554278270493,0.27369448934891566
slow_relaxation,649.3816315762114,31.397420105022828,9.351139482654903,0.2978314603994787
slow_relaxation,749.8942093324558,32.403608771967356,10.348767704772868,0.31937083852603715
slow_relaxation,865.9643233600654,33.621835983382624,11.321746059914647,0.33673788860044246
slow_relaxation,1000.0,35.0599754218395,12.21690899382595,0.3484574317817637
slow_relaxation,1154.781984689458,36.70793040978397,12.973518000241036,0.3534254820528681
slow_relaxation,1333.521432163324,38.53311561642938,13.530783140064658,0.3511468751905318
slow_relaxation,1539.926526059492,40.4799343678555,13.838096004106188,0.34185075198873865
slow_relaxation,1778.2794100389228,42.474891237725714,13.865352776277915,0.32643645156559853
slow_relaxation,2053.525026457146,44.43693697447376,13.609806647766296,0.3062723845161578
slow_relaxation,2371.373705661655,46.29021548599012,13.096718324955834,0.2829262769130897
slow_relaxation,2738.4196342643613,47.975147691682,12.373532305890778,0.25791546042569286
slow_relaxation,3162.2776601683795,49.454649238666505,11.499937479226919,0.23253501250668263
slow_relaxation,3651.741272548377,50.71460085695583,10.537367861857037,0.20777779345199696
slow_relaxation,4216.965034285822,51.75991078099269,9.540841567520355,0.18432878696197344
slow_relaxation,4869.675251658631,52.60850738525544,8.55437643881388,0.1626044315640746
slow_relaxation,5623.413251903491,53.2853418555889,7.60970573821513,0.14281048921180894
slow_relaxation,6493.816315762113,53.81761086915462,6.727242344075746,0.12500076156170362
slow_relaxation,7498.942093324558,54.23156290173069,5.918159947988487,0.10912759344060174
slow_relaxation,8659.643233600653,54.55072254073581,5.186746456283127,0.09508116876746991
slow_relaxation,10000.0,54.79515752907879,4.532544786702339,0.08271798076859256
slow_relaxation,11547.819846894581,54.98140658027758,3.9520799081999627,0.07188029834103256
slow_relaxation,13335.21432163324,55.122767252709075,3.4401441228835723,0.06240877035639938
slow_relaxation,15399.26526059492,55.22974049583602,2.9906960514908074,0.05415010146057607
slow_relaxation,17782.794100389227,55.310509868716586,2.597455917966132,0.046961344672673926
slow_relaxation,20535.25026457146,55.37139088327438,2.2542778698792953,0.04071196034485433
slow_relaxation,23713.737056616552,55.41722215209015,1.9553665667059767,0.03528445654203956
slow_relaxation,27384.196342643612,55.451690770897244,1.695389339851837,0.030574168547113617
slow_relaxation,31622.776601683792,55.47759504798628,1.4695209470986446,0.02648854813961488
slow_relaxation,36517.41272548377,55.49705235655077,1.273446597604485,0.022946202429329023
slow_relaxation,42169.65034285822,55.51166122398512,1.103340507605676,0.019875832992166907
slow_relaxation,48696.75251658631,55.52262643636853,0.9558312760654111,0.017215166814214696
slow_relaxation,56234.13251903491,55.530854876316596,0.8279612643748804,0.014909931896762466
slow_relaxation,64938.16315762113,55.537028538815726,0.7171444091218538,0.012912905641334953
slow_relaxation,74989.42093324558,55.54165993500614,0.6211250851765765,0.011183048650389743
slow_relaxation,86596.43233600653,55.5451340062939,0.5379394675996589,0.009684727154294095
slow_relaxation,100000.0,55.54773976272773,0.4658801022913627,0.008387021763286326
