gap_radius_um,ideal_gap_area_fraction,k_gap_m2,M,g,theta_deg,L,width,n_skis,H,phi,p0,mu_air,Ed,ky,kz,V,mu_solid,mu_water,rho_water,pn_Pa,air_gain_Pa_per_m,air_load_fraction,delta_mm,strain,pressure_upper_ratio,mu_diagnostic,clean_saturated_drain_mm_h,within_small_strain_and_pressure_screen
20.0,0.001,5.000000000000001e-11,70.0,9.81,30.0,1.5,0.1,2,0.05,0.9,101325.0,1.95e-05,20000.0,1.0489999999999999e-12,3e-12,10.0,0.1,0.001,1000.0,1982.33214926258,482185.41772962513,0.7068245746653188,2.905855355073348,0.05811710710146696,0.0645745634460744,0.03125477943685036,105.94800000000001,True
20.0,0.01,5.000000000000001e-11,70.0,9.81,30.0,1.5,0.1,2,0.05,0.9,101325.0,1.95e-05,20000.0,1.4900000000000001e-12,3e-12,10.0,0.1,0.001,1000.0,1982.33214926258,444253.8697959444,0.6895633703165084,3.0769425566515376,0.061538851133030745,0.06837650125892304,0.03309495800611686,105.94800000000001,True
20.0,0.05,5.000000000000001e-11,70.0,9.81,30.0,1.5,0.1,2,0.05,0.9,101325.0,1.95e-05,20000.0,3.450000000000001e-12,3e-12,10.0,0.1,0.001,1000.0,1982.33214926258,330507.2299958205,0.6230023104462202,3.736673201000857,0.07473346402001713,0.08303718224446348,0.04019088442271188,105.94800000000001,True
20.0,0.1,5.000000000000001e-11,70.0,9.81,30.0,1.5,0.1,2,0.05,0.9,101325.0,1.95e-05,20000.0,5.900000000000001e-12,3e-12,10.0,0.1,0.001,1000.0,1982.33214926258,248866.4486352948,0.554433171362958,4.416307245260895,0.0883261449052179,0.09814016100579766,0.047500887693878134,105.94800000000001,True
50.0,0.001,3.125e-10,70.0,9.81,30.0,1.5,0.1,2,0.05,0.9,101325.0,1.95e-05,20000.0,1.3114999999999998e-12,3e-12,10.0,0.1,0.001,1000.0,1982.33214926258,458743.67599552823,0.6963917722659737,3.0092617530889765,0.06018523506177953,0.06687248340197725,0.032366997275461946,105.94800000000001,True
50.0,0.01,3.125e-10,70.0,9.81,30.0,1.5,0.1,2,0.05,0.9,101325.0,1.95e-05,20000.0,4.115e-12,3e-12,10.0,0.1,0.001,1000.0,1982.33214926258,303771.6135461148,0.6029947011262234,3.934981836925432,0.07869963673850865,0.08744404082056516,0.04232385111199461,105.94800000000001,True
50.0,0.05,3.125e-10,70.0,9.81,30.0,1.5,0.1,2,0.05,0.9,101325.0,1.95e-05,20000.0,1.6575e-11,3e-12,10.0,0.1,0.001,1000.0,1982.33214926258,116484.19663218896,0.3680569136523564,6.263605482855763,0.12527210965711524,0.13919123295235028,0.06737004562333487,105.94800000000001,False
50.0,0.1,3.125e-10,70.0,9.81,30.0,1.5,0.1,2,0.05,0.9,101325.0,1.95e-05,20000.0,3.215e-11,3e-12,10.0,0.1,0.001,1000.0,1982.33214926258,64296.452651585416,0.2432739902731333,7.50041148632378,0.1500082297264756,0.1666758108071951,0.08067287529690252,105.94800000000001,False
100.0,0.001,1.25e-09,70.0,9.81,30.0,1.5,0.1,2,0.05,0.9,101325.0,1.95e-05,20000.0,2.249e-12,3e-12,10.0,0.1,0.001,1000.0,1982.33214926258,392111.0589469795,0.6622255285086494,3.3479059701874063,0.06695811940374813,0.07439791044860904,0.03600938446259334,105.94800000000001,True
100.0,0.01,1.25e-09,70.0,9.81,30.0,1.5,0.1,2,0.05,0.9,101325.0,1.95e-05,20000.0,1.349e-11,3e-12,10.0,0.1,0.001,1000.0,1982.33214926258,138167.8141982839,0.4085776599581104,5.861977592285718,0.11723955184571436,0.13026616871746038,0.06305021906571279,105.94800000000001,False
100.0,0.05,1.25e-09,70.0,9.81,30.0,1.5,0.1,2,0.05,0.9,101325.0,1.95e-05,20000.0,6.345e-11,3e-12,10.0,0.1,0.001,1000.0,1982.33214926258,33481.26211119337,0.14340021039996012,8.490326509878605,0.16980653019757208,0.18867392244174674,0.0913201966332564,105.94800000000001,False
100.0,0.1,1.25e-09,70.0,9.81,30.0,1.5,0.1,2,0.05,0.9,101325.0,1.95e-05,20000.0,1.259e-10,3e-12,10.0,0.1,0.001,1000.0,1982.33214926258,17050.336573257868,0.07855475758501353,9.133052639121395,0.1826610527824279,0.20295672531380876,0.09823322600091293,105.94800000000001,False
