activation_width,strain,uncapped_stress_Pa,capped_stress_Pa
0.002,0.0,0.0,0.0
0.002,0.001,17.683882565766147,17.683882565766147
0.002,0.002,70.73553026306459,70.73553026306459
0.002,0.003,141.4710605261292,141.4710605261292
0.002,0.004,212.20659078919377,212.20659078919377
0.002,0.005,282.9421210522584,282.9421210522584
0.002,0.006,353.677651315323,353.677651315323
0.002,0.007,424.41318157838754,424.41318157838754
0.002,0.008,495.14871184145215,495.14871184145215
0.002,0.009,565.8842421045167,565.8842421045167
0.002,0.01,636.6197723675814,636.6197723675814
0.002,0.011,707.3553026306458,707.3553026306458
0.002,0.012,778.0908328937104,778.0908328937104
0.002,0.013,848.826363156775,848.826363156775
0.002,0.014,919.5618934198395,919.5618934198395
0.002,0.015,990.2974236829043,990.2974236829043
0.002,0.016,1061.0329539459688,1061.0329539459688
0.002,0.017,1131.7684842090337,1131.7684842090337
0.002,0.018,1202.5040144720979,1202.5040144720979
0.002,0.019,1273.2395447351628,1273.2395447351628
0.002,0.02,1343.9750749982275,1343.9750749982275
0.002,0.021,1414.710605261292,1414.710605261292
0.002,0.022,1485.4461355243564,1485.4461355243564
0.002,0.023,1556.1816657874208,1556.1816657874208
0.002,0.024,1626.9171960504855,1626.9171960504855
0.002,0.025,1697.6527263135501,1697.6527263135501
0.002,0.026,1768.3882565766146,1768.3882565766146
0.002,0.027,1839.123786839679,1839.123786839679
0.002,0.028,1909.859317102744,1909.859317102744
0.002,0.029,1980.5948473658088,1980.5948473658088
0.002,0.03,2051.330377628873,2051.330377628873
0.002,0.031,2122.0659078919375,2122.0659078919375
0.002,0.032,2192.8014381550024,2192.8014381550024
0.002,0.033,2263.5369684180673,2263.5369684180673
0.002,0.034,2334.272498681132,2334.272498681132
0.002,0.035,2405.008028944196,2405.008028944196
0.002,0.036,2475.743559207261,2475.743559207261
0.002,0.037,2546.4790894703256,2546.4790894703256
0.002,0.038,2617.21461973339,2617.21461973339
0.002,0.039,2687.950149996455,2687.950149996455
0.002,0.04,2758.68568025952,2758.68568025952
0.002,0.041,2829.421210522584,2829.421210522584
0.002,0.042,2900.1567407856483,2900.1567407856483
0.002,0.043,2970.8922710487127,2970.8922710487127
0.002,0.044,3041.627801311777,3041.627801311777
0.002,0.045,3112.3633315748416,3112.3633315748416
0.002,0.046,3183.098861837907,3183.098861837907
0.002,0.047,3253.8343921009714,3253.8343921009714
0.002,0.048,3324.569922364036,3324.569922364036
0.002,0.049,3395.3054526271007,3395.3054526271007
0.002,0.05,3466.040982890165,3466.040982890165
0.002,0.051,3536.7765131532296,3536.7765131532296
0.002,0.052,3607.512043416294,3607.512043416294
0.002,0.053,3678.2475736793585,3678.2475736793585
0.002,0.054,3748.9831039424234,3748.9831039424234
0.002,0.055,3819.7186342054883,3819.7186342054883
0.002,0.056,3890.4541644685523,3890.4541644685523
0.002,0.057,3961.1896947316177,3961.1896947316177
0.002,0.058,4031.925224994682,4031.925224994682
0.002,0.059,4102.660755257746,4102.660755257746
0.002,0.06,4173.396285520811,4173.396285520811
0.002,0.061,4244.131815783875,4244.131815783875
0.002,0.062,4314.86734604694,4314.86734604694
0.002,0.063,4385.602876310005,4385.602876310005
0.002,0.064,4456.338406573069,4456.338406573069
0.002,0.065,4527.073936836135,4527.073936836135
0.002,0.066,4597.809467099199,4597.809467099199
0.002,0.067,4668.544997362263,4668.544997362263
0.002,0.068,4739.2805276253275,4739.2805276253275
0.002,0.069,4810.016057888392,4810.016057888392
0.002,0.07,4880.751588151457,4880.751588151457
0.002,0.071,4951.487118414521,4951.487118414521
0.002,0.072,5022.222648677586,5022.222648677586
0.002,0.073,5092.958178940651,5092.958178940651
0.002,0.074,5163.693709203714,5163.693709203714
0.002,0.075,5234.429239466779,5234.429239466779
0.002,0.076,5305.164769729844,5305.164769729844
0.002,0.077,5375.90029999291,5375.90029999291
0.002,0.078,5446.635830255974,5446.635830255974
0.002,0.079,5517.371360519039,5517.371360519039
0.002,0.08,5588.106890782103,5588.106890782103
0.002,0.081,5658.842421045168,5658.842421045168
0.002,0.082,5729.577951308232,5729.577951308232
0.002,0.083,5800.3134815712965,5800.3134815712965
0.002,0.084,5871.049011834362,5871.049011834362
0.002,0.085,5941.784542097426,5941.784542097426
0.002,0.086,6012.520072360489,6012.520072360489
0.002,0.087,6083.255602623554,6083.255602623554
0.002,0.088,6153.991132886619,6153.991132886619
0.002,0.089,6224.726663149683,6224.726663149683
0.002,0.09,6295.462193412748,6295.462193412748
0.002,0.091,6366.197723675814,6366.197723675814
0.002,0.092,6436.933253938879,6436.933253938879
0.002,0.093,6507.668784201942,6507.668784201942
0.002,0.094,6578.404314465008,6578.404314465008
0.002,0.095,6649.139844728072,6649.139844728072
0.002,0.096,6719.875374991137,6719.875374991137
0.002,0.097,6790.610905254201,6790.610905254201
0.002,0.098,6861.346435517265,6861.346435517265
0.002,0.099,6932.08196578033,6932.08196578033
0.002,0.1,7002.817496043394,7002.817496043394
0.002,0.101,7073.553026306459,3695.9314562451223
0.002,0.102,7144.288556569523,353.6776513153638
0.002,0.103,7215.024086832588,353.677651315323
0.002,0.104,7285.759617095651,353.677651315323
0.002,0.105,7356.495147358717,353.677651315323
0.002,0.106,7427.230677621782,353.677651315323
0.002,0.107,7497.966207884847,353.677651315323
0.002,0.108,7568.701738147911,353.677651315323
0.002,0.109,7639.437268410977,353.677651315323
0.002,0.11,7710.172798674041,353.677651315323
0.002,0.111,7780.908328937105,353.677651315323
0.002,0.112,7851.643859200169,353.677651315323
0.002,0.113,7922.379389463235,353.677651315323
0.002,0.114,7993.114919726299,353.677651315323
0.002,0.115,8063.850449989363,353.677651315323
0.002,0.116,8134.585980252429,353.677651315323
0.002,0.117,8205.321510515492,353.677651315323
0.002,0.118,8276.057040778556,353.677651315323
0.002,0.119,8346.79257104162,353.677651315323
0.002,0.12,8417.528101304688,353.677651315323
0.002,0.121,8488.26363156775,353.677651315323
0.002,0.122,8558.999161830816,353.677651315323
0.002,0.123,8629.73469209388,353.677651315323
0.002,0.124,8700.470222356946,353.677651315323
0.002,0.125,8771.20575262001,353.677651315323
0.002,0.126,8841.941282883074,353.677651315323
0.002,0.127,8912.676813146138,353.677651315323
0.002,0.128,8983.412343409203,353.677651315323
0.002,0.129,9054.14787367227,353.677651315323
0.002,0.13,9124.883403935333,353.677651315323
0.002,0.131,9195.618934198397,353.677651315323
0.002,0.132,9266.354464461463,353.677651315323
0.002,0.133,9337.089994724525,353.677651315323
0.002,0.134,9407.82552498759,353.677651315323
0.002,0.135,9478.561055250653,353.677651315323
0.002,0.136,9549.29658551372,353.677651315323
0.002,0.137,9620.032115776785,353.677651315323
0.002,0.138,9690.76764603985,353.677651315323
0.002,0.139,9761.503176302915,353.677651315323
0.002,0.14,9832.23870656598,353.677651315323
0.002,0.141,9902.974236829043,353.677651315323
0.002,0.142,9973.709767092107,353.677651315323
0.002,0.143,10044.44529735517,353.677651315323
0.002,0.144,10115.180827618238,353.677651315323
0.002,0.145,10185.916357881302,353.677651315323
0.002,0.146,10256.651888144364,353.677651315323
0.002,0.147,10327.387418407428,353.677651315323
0.002,0.148,10398.122948670492,353.677651315323
0.002,0.149,10468.858478933558,353.677651315323
0.002,0.15,10539.594009196622,353.677651315323
0.002,0.151,10610.329539459688,353.677651315323
0.002,0.152,10681.065069722752,353.677651315323
0.002,0.153,10751.80059998582,353.677651315323
0.002,0.154,10822.536130248884,353.677651315323
0.002,0.155,10893.271660511948,353.677651315323
0.002,0.156,10964.007190775012,353.677651315323
0.002,0.157,11034.742721038077,353.677651315323
0.002,0.158,11105.47825130114,353.677651315323
0.002,0.159,11176.213781564205,353.677651315323
0.002,0.16,11246.94931182727,353.677651315323
0.002,0.161,11317.684842090335,353.677651315323
0.002,0.162,11388.4203723534,353.677651315323
0.002,0.163,11459.155902616463,353.677651315323
0.002,0.164,11529.891432879527,353.677651315323
0.002,0.165,11600.626963142591,353.677651315323
0.002,0.166,11671.362493405659,353.677651315323
0.002,0.167,11742.098023668725,353.677651315323
0.002,0.168,11812.833553931789,353.677651315323
0.002,0.169,11883.569084194853,353.677651315323
0.002,0.17,11954.304614457918,353.677651315323
0.002,0.171,12025.040144720982,353.677651315323
0.002,0.172,12095.775674984043,353.677651315323
0.002,0.173,12166.511205247109,353.677651315323
0.002,0.174,12237.246735510174,353.677651315323
0.002,0.175,12307.982265773238,353.677651315323
0.002,0.176,12378.717796036302,353.677651315323
0.002,0.177,12449.453326299366,353.677651315323
0.002,0.178,12520.188856562432,353.677651315323
0.002,0.179,12590.924386825496,353.677651315323
0.002,0.18,12661.65991708856,353.677651315323
0.002,0.181,12732.395447351628,353.677651315323
0.002,0.182,12803.130977614692,353.677651315323
0.002,0.183,12873.866507877758,353.677651315323
0.002,0.184,12944.60203814082,353.677651315323
0.002,0.185,13015.337568403884,353.677651315323
0.002,0.186,13086.073098666948,353.677651315323
0.002,0.187,13156.808628930014,353.677651315323
0.002,0.188,13227.54415919308,353.677651315323
0.002,0.189,13298.279689456143,353.677651315323
0.002,0.19,13369.015219719207,353.677651315323
0.002,0.191,13439.750749982273,353.677651315323
0.002,0.192,13510.486280245337,353.677651315323
0.002,0.193,13581.221810508401,353.677651315323
0.002,0.194,13651.957340771463,353.677651315323
0.002,0.195,13722.69287103453,353.677651315323
0.002,0.196,13793.428401297599,353.677651315323
0.002,0.197,13864.16393156066,353.677651315323
0.002,0.198,13934.899461823725,353.677651315323
0.002,0.199,14005.634992086789,353.677651315323
0.002,0.2,14076.370522349855,353.677651315323
0.002,0.201,14147.106052612919,353.677651315323
0.002,0.202,14217.841582875983,353.677651315323
0.002,0.203,14288.577113139048,353.677651315323
0.002,0.204,14359.312643402112,353.677651315323
0.002,0.205,14430.048173665176,353.677651315323
0.002,0.206,14500.78370392824,353.677651315323
0.002,0.207,14571.519234191303,353.677651315323
0.002,0.208,14642.254764454368,353.677651315323
0.002,0.209,14712.990294717432,353.677651315323
0.002,0.21,14783.7258249805,353.677651315323
0.002,0.211,14854.461355243564,353.677651315323
0.002,0.212,14925.196885506628,353.677651315323
0.002,0.213,14995.932415769694,353.677651315323
0.002,0.214,15066.667946032758,353.677651315323
0.002,0.215,15137.403476295822,353.677651315323
0.002,0.216,15208.139006558886,353.677651315323
0.002,0.217,15278.874536821953,353.677651315323
0.002,0.218,15349.610067085017,353.677651315323
0.002,0.219,15420.345597348081,353.677651315323
0.002,0.22,15491.081127611144,353.677651315323
0.002,0.221,15561.81665787421,353.677651315323
0.002,0.222,15632.552188137273,353.677651315323
0.002,0.223,15703.287718400337,353.677651315323
0.002,0.224,15774.023248663403,353.677651315323
0.002,0.225,15844.75877892647,353.677651315323
0.002,0.226,15915.494309189535,353.677651315323
0.002,0.227,15986.229839452599,353.677651315323
0.002,0.228,16056.965369715663,353.677651315323
0.002,0.229,16127.700899978727,353.677651315323
0.002,0.23,16198.436430241793,353.677651315323
0.002,0.231,16269.171960504857,353.677651315323
0.002,0.232,16339.907490767922,353.677651315323
0.002,0.233,16410.643021030985,353.677651315323
0.002,0.234,16481.378551294052,353.677651315323
0.002,0.235,16552.114081557113,353.677651315323
0.002,0.236,16622.849611820177,353.677651315323
0.002,0.237,16693.58514208324,353.677651315323
0.002,0.238,16764.320672346304,353.677651315323
0.002,0.239,16835.056202609372,353.677651315323
0.002,0.24,16905.791732872436,353.677651315323
0.002,0.241,16976.5272631355,353.677651315323
0.002,0.242,17047.262793398568,353.677651315323
0.002,0.243,17117.99832366163,353.677651315323
0.002,0.244,17188.733853924696,353.677651315323
0.002,0.245,17259.46938418776,353.677651315323
0.002,0.246,17330.204914450824,353.677651315323
0.002,0.247,17400.940444713888,353.677651315323
0.002,0.248,17471.67597497695,353.677651315323
0.002,0.249,17542.411505240012,353.677651315323
0.002,0.25,17613.14703550308,353.677651315323
0.002,0.251,17683.882565766147,353.677651315323
0.002,0.252,17754.618096029208,353.677651315323
0.002,0.253,17825.353626292275,353.677651315323
0.002,0.254,17896.08915655534,353.677651315323
0.002,0.255,17966.824686818407,353.677651315323
0.002,0.256,18037.560217081467,353.677651315323
0.002,0.257,18108.295747344535,353.677651315323
0.002,0.258,18179.031277607603,353.677651315323
0.002,0.259,18249.766807870663,353.677651315323
0.002,0.26,18320.50233813373,353.677651315323
0.002,0.261,18391.237868396795,353.677651315323
0.002,0.262,18461.97339865986,353.677651315323
0.002,0.263,18532.70892892292,353.677651315323
0.002,0.264,18603.444459185986,353.677651315323
0.002,0.265,18674.17998944905,353.677651315323
0.002,0.266,18744.915519712118,353.677651315323
0.002,0.267,18815.65104997518,353.677651315323
0.002,0.268,18886.386580238246,353.677651315323
0.002,0.269,18957.122110501306,353.677651315323
0.002,0.27,19027.857640764374,353.677651315323
0.002,0.271,19098.593171027438,353.677651315323
0.002,0.272,19169.328701290506,353.677651315323
0.002,0.273,19240.064231553566,353.677651315323
0.002,0.274,19310.799761816637,353.677651315323
0.002,0.275,19381.535292079698,353.677651315323
0.002,0.276,19452.270822342765,353.677651315323
0.002,0.277,19523.006352605826,353.677651315323
0.002,0.278,19593.74188286889,353.677651315323
0.002,0.279,19664.477413131957,353.677651315323
0.002,0.28,19735.212943395018,353.677651315323
0.002,0.281,19805.94847365809,353.677651315323
0.002,0.282,19876.684003921142,353.677651315323
0.002,0.283,19947.419534184213,353.677651315323
0.002,0.284,20018.155064447274,353.677651315323
0.002,0.285,20088.89059471034,353.677651315323
0.002,0.286,20159.6261249734,353.677651315323
0.002,0.287,20230.361655236473,353.677651315323
0.002,0.288,20301.097185499533,353.677651315323
0.002,0.289,20371.832715762597,353.677651315323
0.002,0.29,20442.568246025665,353.677651315323
0.002,0.291,20513.303776288725,353.677651315323
0.002,0.292,20584.039306551796,353.677651315323
0.002,0.293,20654.774836814853,353.677651315323
0.002,0.294,20725.510367077924,353.677651315323
0.002,0.295,20796.245897340985,353.677651315323
0.002,0.296,20866.981427604052,353.677651315323
0.002,0.297,20937.716957867116,353.677651315323
0.002,0.298,21008.45248813018,353.677651315323
0.002,0.299,21079.188018393244,353.677651315323
0.002,0.3,21149.923548656312,353.677651315323
0.002,0.301,21220.659078919372,353.677651315323
0.002,0.302,21291.39460918244,353.677651315323
0.002,0.303,21362.130139445504,353.677651315323
0.002,0.304,21432.865669708568,353.677651315323
0.002,0.305,21503.601199971636,353.677651315323
0.002,0.306,21574.336730234696,353.677651315323
0.002,0.307,21645.072260497764,353.677651315323
0.002,0.308,21715.807790760828,353.677651315323
0.002,0.309,21786.543321023895,353.677651315323
0.002,0.31,21857.278851286956,353.677651315323
0.002,0.311,21928.014381550023,353.677651315323
0.002,0.312,21998.749911813084,353.677651315323
0.002,0.313,22069.485442076155,353.677651315323
0.002,0.314,22140.22097233921,353.677651315323
0.002,0.315,22210.95650260228,353.677651315323
0.002,0.316,22281.69203286534,353.677651315323
0.002,0.317,22352.427563128407,353.677651315323
0.002,0.318,22423.16309339148,353.677651315323
0.002,0.319,22493.898623654535,353.677651315323
0.002,0.32,22564.634153917606,353.677651315323
0.002,0.321,22635.369684180667,353.677651315323
0.002,0.322,22706.105214443734,353.677651315323
0.002,0.323,22776.840744706795,353.677651315323
0.002,0.324,22847.576274969862,353.677651315323
0.002,0.325,22918.311805232926,353.677651315323
0.002,0.326,22989.047335495994,353.677651315323
0.002,0.327,23059.782865759054,353.677651315323
0.002,0.328,23130.51839602212,353.677651315323
0.002,0.329,23201.253926285182,353.677651315323
0.002,0.33,23271.989456548246,353.677651315323
0.002,0.331,23342.724986811314,353.677651315323
0.002,0.332,23413.460517074378,353.677651315323
0.002,0.333,23484.196047337446,353.677651315323
0.002,0.334,23554.93157760051,353.677651315323
0.002,0.335,23625.667107863574,353.677651315323
0.002,0.336,23696.402638126638,353.677651315323
0.002,0.337,23767.1381683897,353.677651315323
0.002,0.338,23837.873698652766,353.677651315323
0.002,0.339,23908.609228915837,353.677651315323
0.002,0.34,23979.344759178894,353.677651315323
0.002,0.341,24050.080289441965,353.677651315323
0.002,0.342,24120.81581970502,353.677651315323
0.002,0.343,24191.55134996809,353.677651315323
0.002,0.344,24262.28688023115,353.677651315323
0.002,0.345,24333.022410494214,353.677651315323
0.002,0.346,24403.75794075728,353.677651315323
0.002,0.347,24474.493471020345,353.677651315323
0.002,0.348,24545.229001283413,353.677651315323
0.002,0.349,24615.964531546473,353.677651315323
0.002,0.35,24686.700061809537,353.677651315323
0.002,0.351,24757.4355920726,353.677651315323
0.002,0.352,24828.17112233567,353.677651315323
0.002,0.353,24898.90665259873,353.677651315323
0.002,0.354,24969.642182861797,353.677651315323
0.002,0.355,25040.377713124864,353.677651315323
0.002,0.356,25111.113243387925,353.677651315323
0.002,0.357,25181.848773650992,353.677651315323
0.002,0.358,25252.584303914053,353.677651315323
0.002,0.359,25323.31983417712,353.677651315323
0.002,0.36,25394.055364440184,353.677651315323
0.002,0.361,25464.790894703252,353.677651315323
0.002,0.362,25535.526424966316,353.677651315323
0.002,0.363,25606.261955229376,353.677651315323
0.002,0.364,25676.997485492444,353.677651315323
0.002,0.365,25747.733015755508,353.677651315323
0.002,0.366,25818.468546018572,353.677651315323
0.002,0.367,25889.204076281636,353.677651315323
0.002,0.368,25959.939606544704,353.677651315323
0.002,0.369,26030.675136807768,353.677651315323
0.002,0.37,26101.41066707083,353.677651315323
0.002,0.371,26172.146197333896,353.677651315323
0.002,0.372,26242.88172759696,353.677651315323
0.002,0.373,26313.617257860027,353.677651315323
0.002,0.374,26384.352788123084,353.677651315323
0.002,0.375,26455.088318386155,353.677651315323
0.002,0.376,26525.823848649223,353.677651315323
0.002,0.377,26596.559378912283,353.677651315323
0.002,0.378,26667.294909175354,353.677651315323
0.002,0.379,26738.03043943841,353.677651315323
0.002,0.38,26808.76596970148,353.677651315323
0.002,0.381,26879.501499964543,353.677651315323
0.002,0.382,26950.237030227607,353.677651315323
0.002,0.383,27020.972560490674,353.677651315323
0.002,0.384,27091.708090753735,353.677651315323
0.002,0.385,27162.443621016802,353.677651315323
0.002,0.386,27233.179151279866,353.677651315323
0.002,0.387,27303.914681542927,353.677651315323
0.002,0.388,27374.650211805994,353.677651315323
0.002,0.389,27445.38574206906,353.677651315323
0.002,0.39,27516.121272332126,353.677651315323
0.002,0.391,27586.85680259519,353.677651315323
0.002,0.392,27657.592332858254,353.677651315323
0.002,0.393,27728.327863121318,353.677651315323
0.002,0.394,27799.063393384386,353.677651315323
0.002,0.395,27869.798923647446,353.677651315323
0.002,0.396,27940.534453910514,353.677651315323
0.002,0.397,28011.269984173578,353.677651315323
0.002,0.398,28082.00551443664,353.677651315323
0.002,0.399,28152.74104469971,353.677651315323
0.002,0.4,28223.476574962766,353.677651315323
0.002,0.401,28294.212105225837,353.677651315323
0.002,0.402,28364.947635488898,353.677651315323
0.002,0.403,28435.683165751965,353.677651315323
0.002,0.404,28506.41869601503,353.677651315323
0.002,0.405,28577.154226278093,353.677651315323
0.002,0.406,28647.88975654116,353.677651315323
0.002,0.407,28718.62528680422,353.677651315323
0.002,0.408,28789.360817067285,353.677651315323
0.002,0.409,28860.09634733035,353.677651315323
0.002,0.41,28930.831877593413,353.677651315323
0.002,0.411,29001.567407856473,353.677651315323
0.002,0.412,29072.302938119545,353.677651315323
0.002,0.413,29143.038468382605,353.677651315323
0.002,0.414,29213.773998645673,353.677651315323
0.002,0.415,29284.509528908737,353.677651315323
0.002,0.416,29355.2450591718,353.677651315323
0.002,0.417,29425.980589434865,353.677651315323
0.002,0.418,29496.71611969793,353.677651315323
0.002,0.419,29567.451649960996,353.677651315323
0.002,0.42,29638.187180224064,353.677651315323
0.002,0.421,29708.922710487124,353.677651315323
0.002,0.422,29779.658240750192,353.677651315323
0.002,0.423,29850.393771013256,353.677651315323
0.002,0.424,29921.12930127632,353.677651315323
0.002,0.425,29991.864831539384,353.677651315323
0.002,0.426,30062.600361802444,353.677651315323
0.002,0.427,30133.335892065516,353.677651315323
0.002,0.428,30204.071422328576,353.677651315323
0.002,0.429,30274.806952591643,353.677651315323
0.002,0.43,30345.542482854704,353.677651315323
0.002,0.431,30416.27801311777,353.677651315323
0.002,0.432,30487.013543380832,353.677651315323
0.002,0.433,30557.749073643903,353.677651315323
0.002,0.434,30628.484603906967,353.677651315323
0.002,0.435,30699.22013417003,353.677651315323
0.002,0.436,30769.9556644331,353.677651315323
0.002,0.437,30840.691194696155,353.677651315323
0.002,0.438,30911.426724959227,353.677651315323
0.002,0.439,30982.162255222283,353.677651315323
0.002,0.44,31052.897785485355,353.677651315323
0.002,0.441,31123.633315748415,353.677651315323
0.002,0.442,31194.368846011483,353.677651315323
0.002,0.443,31265.104376274547,353.677651315323
0.002,0.444,31335.83990653761,353.677651315323
0.002,0.445,31406.575436800675,353.677651315323
0.002,0.446,31477.310967063742,353.677651315323
0.002,0.447,31548.046497326806,353.677651315323
0.002,0.448,31618.78202758987,353.677651315323
0.002,0.449,31689.517557852938,353.677651315323
0.002,0.45,31760.253088116002,353.677651315323
0.002,0.451,31830.988618379066,353.677651315323
0.002,0.452,31901.724148642126,353.677651315323
0.002,0.453,31972.459678905194,353.677651315323
0.002,0.454,32043.195209168258,353.677651315323
0.002,0.455,32113.930739431322,353.677651315323
0.002,0.456,32184.666269694386,353.677651315323
0.002,0.457,32255.401799957453,353.677651315323
0.002,0.458,32326.137330220514,353.677651315323
0.002,0.459,32396.872860483585,353.677651315323
0.002,0.46,32467.60839074664,353.677651315323
0.002,0.461,32538.343921009713,353.677651315323
0.002,0.462,32609.079451272777,353.677651315323
0.002,0.463,32679.81498153584,353.677651315323
0.002,0.464,32750.55051179891,353.677651315323
0.002,0.465,32821.28604206197,353.677651315323
0.002,0.466,32892.02157232504,353.677651315323
0.002,0.467,32962.7571025881,353.677651315323
0.002,0.468,33033.492632851165,353.677651315323
0.002,0.469,33104.228163114225,353.677651315323
0.002,0.47,33174.96369337729,353.677651315323
0.002,0.471,33245.69922364035,353.677651315323
0.002,0.472,33316.43475390342,353.677651315323
0.002,0.473,33387.17028416648,353.677651315323
0.002,0.474,33457.90581442955,353.677651315323
0.002,0.475,33528.64134469261,353.677651315323
0.002,0.476,33599.37687495568,353.677651315323
0.002,0.477,33670.112405218744,353.677651315323
0.002,0.478,33740.847935481805,353.677651315323
0.002,0.479,33811.58346574487,353.677651315323
0.002,0.48,33882.31899600794,353.677651315323
0.002,0.481,33953.054526271,353.677651315323
0.002,0.482,34023.79005653407,353.677651315323
0.002,0.483,34094.52558679713,353.677651315323
0.002,0.484,34165.261117060196,353.677651315323
0.002,0.485,34235.996647323256,353.677651315323
0.002,0.486,34306.73217758632,353.677651315323
0.002,0.487,34377.46770784939,353.677651315323
0.002,0.488,34448.20323811245,353.677651315323
0.002,0.489,34518.93876837551,353.677651315323
0.002,0.49,34589.67429863858,353.677651315323
0.002,0.491,34660.40982890165,353.677651315323
0.002,0.492,34731.145359164715,353.677651315323
0.002,0.493,34801.88088942778,353.677651315323
0.002,0.494,34872.616419690836,353.677651315323
0.002,0.495,34943.3519499539,353.677651315323
0.002,0.496,35014.08748021697,353.677651315323
0.002,0.497,35084.82301048004,353.677651315323
0.002,0.498,35155.5585407431,353.677651315323
0.002,0.499,35226.29407100616,353.677651315323
0.002,0.5,35297.02960126923,353.677651315323
0.02,0.0,0.0,0.0
0.02,0.001,1.7683882565766147,1.7683882565766147
0.02,0.002,7.073553026306459,7.073553026306459
0.02,0.003,15.915494309189533,15.915494309189533
0.02,0.004,28.294212105225835,28.294212105225835
0.02,0.005,44.20970641441537,44.20970641441537
0.02,0.006,63.66197723675813,63.66197723675813
0.02,0.007,86.65102457225412,86.65102457225412
0.02,0.008,113.17684842090334,113.17684842090334
0.02,0.009,143.23944878270578,143.23944878270578
0.02,0.01,176.8388256576615,176.8388256576615
0.02,0.011,213.97497904577034,213.97497904577034
0.02,0.012,254.64790894703253,254.64790894703253
0.02,0.013,298.85761536144787,298.85761536144787
0.02,0.014,346.60409828901646,346.60409828901646
0.02,0.015,397.8873577297383,397.8873577297383
0.02,0.016,452.70739368361336,452.70739368361336
0.02,0.017,511.06420615064167,511.06420615064167
0.02,0.018,572.9577951308231,572.9577951308231
0.02,0.019,638.3881606241579,638.3881606241579
0.02,0.02,707.355302630646,707.355302630646
0.02,0.021,778.0908328937105,778.0908328937105
0.02,0.022,848.826363156775,848.826363156775
0.02,0.023,919.5618934198396,919.5618934198396
0.02,0.024,990.2974236829042,990.2974236829042
0.02,0.025,1061.0329539459688,1061.0329539459688
0.02,0.026,1131.7684842090334,1131.7684842090334
0.02,0.027,1202.504014472098,1202.504014472098
0.02,0.028,1273.239544735163,1273.239544735163
0.02,0.029,1343.9750749982275,1343.9750749982275
0.02,0.03,1414.7106052612917,1414.7106052612917
0.02,0.031,1485.4461355243564,1485.4461355243564
0.02,0.032,1556.1816657874213,1556.1816657874213
0.02,0.033,1626.9171960504855,1626.9171960504855
0.02,0.034,1697.6527263135504,1697.6527263135504
0.02,0.035,1768.388256576615,1768.388256576615
0.02,0.036,1839.1237868396793,1839.1237868396793
0.02,0.037,1909.8593171027442,1909.8593171027442
0.02,0.038,1980.5948473658086,1980.5948473658086
0.02,0.039,2051.330377628873,2051.330377628873
0.02,0.04,2122.0659078919375,2122.0659078919375
0.02,0.041,2192.8014381550024,2192.8014381550024
0.02,0.042,2263.5369684180673,2263.5369684180673
0.02,0.043,2334.2724986811313,2334.2724986811313
0.02,0.044,2405.0080289441958,2405.0080289441958
0.02,0.045,2475.7435592072607,2475.7435592072607
0.02,0.046,2546.4790894703256,2546.4790894703256
0.02,0.047,2617.2146197333896,2617.2146197333896
0.02,0.048,2687.950149996455,2687.950149996455
0.02,0.049,2758.6856802595194,2758.6856802595194
0.02,0.05,2829.421210522584,2829.421210522584
0.02,0.051,2900.156740785648,2900.156740785648
0.02,0.052,2970.8922710487127,2970.8922710487127
0.02,0.053,3041.627801311777,3041.627801311777
0.02,0.054,3112.363331574842,3112.363331574842
0.02,0.055,3183.098861837907,3183.098861837907
0.02,0.056,3253.8343921009714,3253.8343921009714
0.02,0.057,3324.5699223640363,3324.5699223640363
0.02,0.058,3395.3054526271003,3395.3054526271003
0.02,0.059,3466.0409828901643,3466.0409828901643
0.02,0.06,3536.7765131532287,3536.7765131532287
0.02,0.061,3607.5120434162927,3607.5120434162927
0.02,0.062,3678.2475736793585,3678.2475736793585
0.02,0.063,3748.9831039424234,3748.9831039424234
0.02,0.064,3819.7186342054883,3819.7186342054883
0.02,0.065,3890.4541644685523,3890.4541644685523
0.02,0.066,3961.189694731617,3961.189694731617
0.02,0.067,4031.9252249946817,4031.9252249946817
0.02,0.068,4102.660755257746,4102.660755257746
0.02,0.069,4173.396285520811,4173.396285520811
0.02,0.07,4244.131815783875,4244.131815783875
0.02,0.071,4314.867346046939,4314.867346046939
0.02,0.072,4385.602876310003,4385.602876310003
0.02,0.073,4456.338406573068,4456.338406573068
0.02,0.074,4527.073936836134,4527.073936836134
0.02,0.075,4597.809467099199,4597.809467099199
0.02,0.076,4668.544997362263,4668.544997362263
0.02,0.077,4739.280527625327,4739.280527625327
0.02,0.078,4810.0160578883915,4810.0160578883915
0.02,0.079,4880.751588151456,4880.751588151456
0.02,0.08,4951.487118414521,4951.487118414521
0.02,0.081,5022.222648677586,5022.222648677586
0.02,0.082,5092.958178940651,5092.958178940651
0.02,0.083,5163.693709203714,5163.693709203714
0.02,0.084,5234.429239466779,5234.429239466779
0.02,0.085,5305.164769729844,5305.164769729844
0.02,0.086,5375.900299992909,5375.900299992909
0.02,0.087,5446.635830255974,5446.635830255974
0.02,0.088,5517.371360519037,5517.371360519037
0.02,0.089,5588.106890782102,5588.106890782102
0.02,0.09,5658.842421045167,5658.842421045167
0.02,0.091,5729.577951308232,5729.577951308232
0.02,0.092,5800.3134815712965,5800.3134815712965
0.02,0.093,5871.049011834361,5871.049011834361
0.02,0.094,5941.784542097425,5941.784542097425
0.02,0.095,6012.520072360489,6012.520072360489
0.02,0.096,6083.255602623554,6083.255602623554
0.02,0.097,6153.991132886619,6153.991132886619
0.02,0.098,6224.726663149683,6224.726663149683
0.02,0.099,6295.462193412748,6295.462193412748
0.02,0.1,6366.197723675813,6366.197723675813
0.02,0.101,6436.933253938877,6099.171096932745
0.02,0.102,6507.668784201941,5828.607693676526
0.02,0.103,6578.404314465006,5554.5075139071505
0.02,0.104,6649.13984472807,5276.870557624621
0.02,0.105,6719.875374991135,4995.696824828939
0.02,0.106,6790.6109052542,4710.986315520105
0.02,0.107,6861.346435517264,4422.739029698116
0.02,0.108,6932.081965780329,4130.954967362974
0.02,0.109,7002.817496043394,3835.634128514679
0.02,0.11,7073.553026306459,3536.7765131532306
0.02,0.111,7144.288556569524,3234.3821212786293
0.02,0.112,7215.024086832588,2928.450952890875
0.02,0.113,7285.759617095653,2618.9830079899675
0.02,0.114,7356.495147358717,2305.9782865759066
0.02,0.115,7427.230677621782,1989.4367886486918
0.02,0.116,7497.966207884847,1669.3585142083243
0.02,0.117,7568.701738147912,1345.7434632548036
0.02,0.118,7639.437268410977,1018.5916357881342
0.02,0.119,7710.172798674039,687.9030318083069
0.02,0.12,7780.908328937104,353.67765131532644
0.02,0.121,7851.643859200169,353.677651315323
0.02,0.122,7922.379389463234,353.677651315323
0.02,0.123,7993.1149197262985,353.677651315323
0.02,0.124,8063.850449989363,353.677651315323
0.02,0.125,8134.585980252428,353.677651315323
0.02,0.126,8205.321510515492,353.677651315323
0.02,0.127,8276.057040778556,353.677651315323
0.02,0.128,8346.792571041622,353.677651315323
0.02,0.129,8417.528101304686,353.677651315323
0.02,0.13,8488.26363156775,353.677651315323
0.02,0.131,8558.999161830816,353.677651315323
0.02,0.132,8629.73469209388,353.677651315323
0.02,0.133,8700.470222356944,353.677651315323
0.02,0.134,8771.205752620008,353.677651315323
0.02,0.135,8841.941282883072,353.677651315323
0.02,0.136,8912.676813146138,353.677651315323
0.02,0.137,8983.412343409202,353.677651315323
0.02,0.138,9054.14787367227,353.677651315323
0.02,0.139,9124.883403935333,353.677651315323
0.02,0.14,9195.618934198399,353.677651315323
0.02,0.141,9266.35446446146,353.677651315323
0.02,0.142,9337.089994724523,353.677651315323
0.02,0.143,9407.82552498759,353.677651315323
0.02,0.144,9478.561055250653,353.677651315323
0.02,0.145,9549.296585513719,353.677651315323
0.02,0.146,9620.032115776783,353.677651315323
0.02,0.147,9690.767646039849,353.677651315323
0.02,0.148,9761.503176302913,353.677651315323
0.02,0.149,9832.238706565977,353.677651315323
0.02,0.15,9902.974236829043,353.677651315323
0.02,0.151,9973.709767092107,353.677651315323
0.02,0.152,10044.445297355172,353.677651315323
0.02,0.153,10115.180827618236,353.677651315323
0.02,0.154,10185.916357881299,353.677651315323
0.02,0.155,10256.651888144363,353.677651315323
0.02,0.156,10327.387418407428,353.677651315323
0.02,0.157,10398.122948670492,353.677651315323
0.02,0.158,10468.858478933558,353.677651315323
0.02,0.159,10539.594009196622,353.677651315323
0.02,0.16,10610.329539459688,353.677651315323
0.02,0.161,10681.065069722754,353.677651315323
0.02,0.162,10751.80059998582,353.677651315323
0.02,0.163,10822.536130248884,353.677651315323
0.02,0.164,10893.271660511948,353.677651315323
0.02,0.165,10964.007190775013,353.677651315323
0.02,0.166,11034.742721038077,353.677651315323
0.02,0.167,11105.47825130114,353.677651315323
0.02,0.168,11176.213781564205,353.677651315323
0.02,0.169,11246.94931182727,353.677651315323
0.02,0.17,11317.684842090335,353.677651315323
0.02,0.171,11388.4203723534,353.677651315323
0.02,0.172,11459.155902616463,353.677651315323
0.02,0.173,11529.891432879527,353.677651315323
0.02,0.174,11600.626963142593,353.677651315323
0.02,0.175,11671.362493405655,353.677651315323
0.02,0.176,11742.098023668721,353.677651315323
0.02,0.177,11812.833553931785,353.677651315323
0.02,0.178,11883.56908419485,353.677651315323
0.02,0.179,11954.304614457913,353.677651315323
0.02,0.18,12025.040144720979,353.677651315323
0.02,0.181,12095.775674984043,353.677651315323
0.02,0.182,12166.511205247109,353.677651315323
0.02,0.183,12237.246735510173,353.677651315323
0.02,0.184,12307.982265773238,353.677651315323
0.02,0.185,12378.717796036304,353.677651315323
0.02,0.186,12449.453326299368,353.677651315323
0.02,0.187,12520.188856562434,353.677651315323
0.02,0.188,12590.924386825496,353.677651315323
0.02,0.189,12661.659917088562,353.677651315323
0.02,0.19,12732.395447351626,353.677651315323
0.02,0.191,12803.130977614692,353.677651315323
0.02,0.192,12873.866507877754,353.677651315323
0.02,0.193,12944.60203814082,353.677651315323
0.02,0.194,13015.337568403884,353.677651315323
0.02,0.195,13086.07309866695,353.677651315323
0.02,0.196,13156.808628930012,353.677651315323
0.02,0.197,13227.544159193078,353.677651315323
0.02,0.198,13298.279689456142,353.677651315323
0.02,0.199,13369.015219719207,353.677651315323
0.02,0.2,13439.750749982271,353.677651315323
0.02,0.201,13510.486280245337,353.677651315323
0.02,0.202,13581.221810508401,353.677651315323
0.02,0.203,13651.957340771467,353.677651315323
0.02,0.204,13722.692871034527,353.677651315323
0.02,0.205,13793.428401297591,353.677651315323
0.02,0.206,13864.163931560657,353.677651315323
0.02,0.207,13934.899461823723,353.677651315323
0.02,0.208,14005.634992086789,353.677651315323
0.02,0.209,14076.370522349853,353.677651315323
0.02,0.21,14147.106052612919,353.677651315323
0.02,0.211,14217.841582875983,353.677651315323
0.02,0.212,14288.577113139048,353.677651315323
0.02,0.213,14359.312643402112,353.677651315323
0.02,0.214,14430.048173665176,353.677651315323
0.02,0.215,14500.783703928242,353.677651315323
0.02,0.216,14571.519234191306,353.677651315323
0.02,0.217,14642.254764454372,353.677651315323
0.02,0.218,14712.990294717434,353.677651315323
0.02,0.219,14783.7258249805,353.677651315323
0.02,0.22,14854.461355243566,353.677651315323
0.02,0.221,14925.19688550663,353.677651315323
0.02,0.222,14995.932415769696,353.677651315323
0.02,0.223,15066.66794603276,353.677651315323
0.02,0.224,15137.403476295825,353.677651315323
0.02,0.225,15208.13900655889,353.677651315323
0.02,0.226,15278.874536821955,353.677651315323
0.02,0.227,15349.61006708502,353.677651315323
0.02,0.228,15420.345597348085,353.677651315323
0.02,0.229,15491.081127611144,353.677651315323
0.02,0.23,15561.81665787421,353.677651315323
0.02,0.231,15632.552188137273,353.677651315323
0.02,0.232,15703.28771840034,353.677651315323
0.02,0.233,15774.023248663403,353.677651315323
0.02,0.234,15844.758778926469,353.677651315323
0.02,0.235,15915.494309189533,353.677651315323
0.02,0.236,15986.229839452599,353.677651315323
0.02,0.237,16056.965369715663,353.677651315323
0.02,0.238,16127.700899978727,353.677651315323
0.02,0.239,16198.436430241789,353.677651315323
0.02,0.24,16269.171960504857,353.677651315323
0.02,0.241,16339.907490767917,353.677651315323
0.02,0.242,16410.643021030985,353.677651315323
0.02,0.243,16481.378551294052,353.677651315323
0.02,0.244,16552.114081557113,353.677651315323
0.02,0.245,16622.84961182018,353.677651315323
0.02,0.246,16693.585142083244,353.677651315323
0.02,0.247,16764.32067234631,353.677651315323
0.02,0.248,16835.056202609372,353.677651315323
0.02,0.249,16905.79173287244,353.677651315323
0.02,0.25,16976.5272631355,353.677651315323
0.02,0.251,17047.262793398568,353.677651315323
0.02,0.252,17117.99832366163,353.677651315323
0.02,0.253,17188.733853924696,353.677651315323
0.02,0.254,17259.46938418776,353.677651315323
0.02,0.255,17330.204914450827,353.677651315323
0.02,0.256,17400.94044471389,353.677651315323
0.02,0.257,17471.675974976955,353.677651315323
0.02,0.258,17542.41150524002,353.677651315323
0.02,0.259,17613.147035503087,353.677651315323
0.02,0.26,17683.88256576615,353.677651315323
0.02,0.261,17754.618096029215,353.677651315323
0.02,0.262,17825.35362629228,353.677651315323
0.02,0.263,17896.089156555343,353.677651315323
0.02,0.264,17966.824686818403,353.677651315323
0.02,0.265,18037.56021708147,353.677651315323
0.02,0.266,18108.29574734454,353.677651315323
0.02,0.267,18179.0312776076,353.677651315323
0.02,0.268,18249.766807870667,353.677651315323
0.02,0.269,18320.50233813373,353.677651315323
0.02,0.27,18391.237868396798,353.677651315323
0.02,0.271,18461.97339865986,353.677651315323
0.02,0.272,18532.708928922926,353.677651315323
0.02,0.273,18603.44445918599,353.677651315323
0.02,0.274,18674.179989449058,353.677651315323
0.02,0.275,18744.915519712118,353.677651315323
0.02,0.276,18815.651049975182,353.677651315323
0.02,0.277,18886.38658023825,353.677651315323
0.02,0.278,18957.122110501314,353.677651315323
0.02,0.279,19027.857640764378,353.677651315323
0.02,0.28,19098.59317102744,353.677651315323
0.02,0.281,19169.328701290506,353.677651315323
0.02,0.282,19240.064231553566,353.677651315323
0.02,0.283,19310.799761816626,353.677651315323
0.02,0.284,19381.535292079698,353.677651315323
0.02,0.285,19452.270822342758,353.677651315323
0.02,0.286,19523.006352605826,353.677651315323
0.02,0.287,19593.741882868886,353.677651315323
0.02,0.288,19664.477413131954,353.677651315323
0.02,0.289,19735.21294339502,353.677651315323
0.02,0.29,19805.948473658085,353.677651315323
0.02,0.291,19876.68400392115,353.677651315323
0.02,0.292,19947.419534184213,353.677651315323
0.02,0.293,20018.15506444728,353.677651315323
0.02,0.294,20088.890594710345,353.677651315323
0.02,0.295,20159.62612497341,353.677651315323
0.02,0.296,20230.361655236473,353.677651315323
0.02,0.297,20301.097185499537,353.677651315323
0.02,0.298,20371.832715762604,353.677651315323
0.02,0.299,20442.56824602567,353.677651315323
0.02,0.3,20513.30377628873,353.677651315323
0.02,0.301,20584.039306551796,353.677651315323
0.02,0.302,20654.77483681486,353.677651315323
0.02,0.303,20725.510367077928,353.677651315323
0.02,0.304,20796.24589734099,353.677651315323
0.02,0.305,20866.981427604056,353.677651315323
0.02,0.306,20937.71695786712,353.677651315323
0.02,0.307,21008.452488130184,353.677651315323
0.02,0.308,21079.188018393244,353.677651315323
0.02,0.309,21149.923548656312,353.677651315323
0.02,0.31,21220.659078919376,353.677651315323
0.02,0.311,21291.39460918244,353.677651315323
0.02,0.312,21362.130139445508,353.677651315323
0.02,0.313,21432.865669708568,353.677651315323
0.02,0.314,21503.60119997164,353.677651315323
0.02,0.315,21574.3367302347,353.677651315323
0.02,0.316,21645.072260497767,353.677651315323
0.02,0.317,21715.807790760828,353.677651315323
0.02,0.318,21786.543321023895,353.677651315323
0.02,0.319,21857.27885128696,353.677651315323
0.02,0.32,21928.014381550027,353.677651315323
0.02,0.321,21998.749911813087,353.677651315323
0.02,0.322,22069.485442076155,353.677651315323
0.02,0.323,22140.22097233922,353.677651315323
0.02,0.324,22210.956502602286,353.677651315323
0.02,0.325,22281.692032865347,353.677651315323
0.02,0.326,22352.42756312841,353.677651315323
0.02,0.327,22423.16309339148,353.677651315323
0.02,0.328,22493.898623654542,353.677651315323
0.02,0.329,22564.634153917606,353.677651315323
0.02,0.33,22635.36968418067,353.677651315323
0.02,0.331,22706.105214443738,353.677651315323
0.02,0.332,22776.8407447068,353.677651315323
0.02,0.333,22847.576274969862,353.677651315323
0.02,0.334,22918.311805232926,353.677651315323
0.02,0.335,22989.047335495994,353.677651315323
0.02,0.336,23059.782865759058,353.677651315323
0.02,0.337,23130.518396022126,353.677651315323
0.02,0.338,23201.253926285186,353.677651315323
0.02,0.339,23271.989456548257,353.677651315323
0.02,0.34,23342.724986811318,353.677651315323
0.02,0.341,23413.46051707438,353.677651315323
0.02,0.342,23484.196047337446,353.677651315323
0.02,0.343,23554.93157760051,353.677651315323
0.02,0.344,23625.667107863574,353.677651315323
0.02,0.345,23696.402638126638,353.677651315323
0.02,0.346,23767.1381683897,353.677651315323
0.02,0.347,23837.87369865277,353.677651315323
0.02,0.348,23908.609228915833,353.677651315323
0.02,0.349,23979.344759178897,353.677651315323
0.02,0.35,24050.080289441958,353.677651315323
0.02,0.351,24120.815819705025,353.677651315323
0.02,0.352,24191.551349968086,353.677651315323
0.02,0.353,24262.286880231153,353.677651315323
0.02,0.354,24333.022410494217,353.677651315323
0.02,0.355,24403.757940757285,353.677651315323
0.02,0.356,24474.493471020345,353.677651315323
0.02,0.357,24545.229001283413,353.677651315323
0.02,0.358,24615.964531546477,353.677651315323
0.02,0.359,24686.700061809544,353.677651315323
0.02,0.36,24757.43559207261,353.677651315323
0.02,0.361,24828.17112233567,353.677651315323
0.02,0.362,24898.906652598736,353.677651315323
0.02,0.363,24969.6421828618,353.677651315323
0.02,0.364,25040.377713124868,353.677651315323
0.02,0.365,25111.11324338793,353.677651315323
0.02,0.366,25181.848773650996,353.677651315323
0.02,0.367,25252.584303914056,353.677651315323
0.02,0.368,25323.319834177128,353.677651315323
0.02,0.369,25394.055364440188,353.677651315323
0.02,0.37,25464.790894703256,353.677651315323
0.02,0.371,25535.526424966316,353.677651315323
0.02,0.372,25606.261955229387,353.677651315323
0.02,0.373,25676.997485492448,353.677651315323
0.02,0.374,25747.733015755515,353.677651315323
0.02,0.375,25818.468546018576,353.677651315323
0.02,0.376,25889.20407628164,353.677651315323
0.02,0.377,25959.939606544704,353.677651315323
0.02,0.378,26030.675136807768,353.677651315323
0.02,0.379,26101.410667070835,353.677651315323
0.02,0.38,26172.1461973339,353.677651315323
0.02,0.381,26242.881727596963,353.677651315323
0.02,0.382,26313.617257860027,353.677651315323
0.02,0.383,26384.352788123095,353.677651315323
0.02,0.384,26455.08831838616,353.677651315323
0.02,0.385,26525.823848649226,353.677651315323
0.02,0.386,26596.559378912287,353.677651315323
0.02,0.387,26667.294909175354,353.677651315323
0.02,0.388,26738.03043943842,353.677651315323
0.02,0.389,26808.765969701486,353.677651315323
0.02,0.39,26879.501499964546,353.677651315323
0.02,0.391,26950.23703022761,353.677651315323
0.02,0.392,27020.972560490674,353.677651315323
0.02,0.393,27091.708090753742,353.677651315323
0.02,0.394,27162.443621016802,353.677651315323
0.02,0.395,27233.17915127987,353.677651315323
0.02,0.396,27303.914681542934,353.677651315323
0.02,0.397,27374.650211806,353.677651315323
0.02,0.398,27445.38574206906,353.677651315323
0.02,0.399,27516.12127233213,353.677651315323
0.02,0.4,27586.85680259519,353.677651315323
0.02,0.401,27657.592332858258,353.677651315323
0.02,0.402,27728.327863121314,353.677651315323
0.02,0.403,27799.063393384386,353.677651315323
0.02,0.404,27869.798923647446,353.677651315323
0.02,0.405,27940.534453910517,353.677651315323
0.02,0.406,28011.269984173578,353.677651315323
0.02,0.407,28082.00551443664,353.677651315323
0.02,0.408,28152.741044699702,353.677651315323
0.02,0.409,28223.476574962766,353.677651315323
0.02,0.41,28294.21210522583,353.677651315323
0.02,0.411,28364.947635488894,353.677651315323
0.02,0.412,28435.68316575196,353.677651315323
0.02,0.413,28506.418696015025,353.677651315323
0.02,0.414,28577.15422627809,353.677651315323
0.02,0.415,28647.889756541153,353.677651315323
0.02,0.416,28718.62528680422,353.677651315323
0.02,0.417,28789.360817067285,353.677651315323
0.02,0.418,28860.09634733034,353.677651315323
0.02,0.419,28930.831877593417,353.677651315323
0.02,0.42,29001.56740785648,353.677651315323
0.02,0.421,29072.302938119545,353.677651315323
0.02,0.422,29143.0384683826,353.677651315323
0.02,0.423,29213.773998645676,353.677651315323
0.02,0.424,29284.509528908737,353.677651315323
0.02,0.425,29355.245059171804,353.677651315323
0.02,0.426,29425.98058943487,353.677651315323
0.02,0.427,29496.716119697936,353.677651315323
0.02,0.428,29567.451649960996,353.677651315323
0.02,0.429,29638.187180224064,353.677651315323
0.02,0.43,29708.922710487128,353.677651315323
0.02,0.431,29779.658240750196,353.677651315323
0.02,0.432,29850.393771013252,353.677651315323
0.02,0.433,29921.129301276313,353.677651315323
0.02,0.434,29991.864831539388,353.677651315323
0.02,0.435,30062.600361802444,353.677651315323
0.02,0.436,30133.335892065512,353.677651315323
0.02,0.437,30204.071422328572,353.677651315323
0.02,0.438,30274.806952591647,353.677651315323
0.02,0.439,30345.542482854704,353.677651315323
0.02,0.44,30416.27801311777,353.677651315323
0.02,0.441,30487.013543380832,353.677651315323
0.02,0.442,30557.749073643907,353.677651315323
0.02,0.443,30628.484603906963,353.677651315323
0.02,0.444,30699.22013417003,353.677651315323
0.02,0.445,30769.95566443309,353.677651315323
0.02,0.446,30840.691194696166,353.677651315323
0.02,0.447,30911.426724959223,353.677651315323
0.02,0.448,30982.162255222287,353.677651315323
0.02,0.449,31052.897785485355,353.677651315323
0.02,0.45,31123.63331574842,353.677651315323
0.02,0.451,31194.368846011483,353.677651315323
0.02,0.452,31265.104376274547,353.677651315323
0.02,0.453,31335.839906537614,353.677651315323
0.02,0.454,31406.57543680068,353.677651315323
0.02,0.455,31477.310967063742,353.677651315323
0.02,0.456,31548.046497326806,353.677651315323
0.02,0.457,31618.782027589874,353.677651315323
0.02,0.458,31689.517557852934,353.677651315323
0.02,0.459,31760.253088116002,353.677651315323
0.02,0.46,31830.98861837906,353.677651315323
0.02,0.461,31901.724148642134,353.677651315323
0.02,0.462,31972.459678905194,353.677651315323
0.02,0.463,32043.195209168258,353.677651315323
0.02,0.464,32113.93073943132,353.677651315323
0.02,0.465,32184.66626969439,353.677651315323
0.02,0.466,32255.401799957453,353.677651315323
0.02,0.467,32326.137330220517,353.677651315323
0.02,0.468,32396.872860483578,353.677651315323
0.02,0.469,32467.60839074664,353.677651315323
0.02,0.47,32538.343921009713,353.677651315323
0.02,0.471,32609.07945127277,353.677651315323
0.02,0.472,32679.814981535834,353.677651315323
0.02,0.473,32750.5505117989,353.677651315323
0.02,0.474,32821.28604206197,353.677651315323
0.02,0.475,32892.02157232503,353.677651315323
0.02,0.476,32962.7571025881,353.677651315323
0.02,0.477,33033.49263285116,353.677651315323
0.02,0.478,33104.228163114225,353.677651315323
0.02,0.479,33174.963693377285,353.677651315323
0.02,0.48,33245.69922364035,353.677651315323
0.02,0.481,33316.43475390342,353.677651315323
0.02,0.482,33387.17028416648,353.677651315323
0.02,0.483,33457.90581442955,353.677651315323
0.02,0.484,33528.64134469261,353.677651315323
0.02,0.485,33599.37687495568,353.677651315323
0.02,0.486,33670.11240521874,353.677651315323
0.02,0.487,33740.847935481805,353.677651315323
0.02,0.488,33811.58346574487,353.677651315323
0.02,0.489,33882.31899600794,353.677651315323
0.02,0.49,33953.054526271,353.677651315323
0.02,0.491,34023.79005653407,353.677651315323
0.02,0.492,34094.52558679713,353.677651315323
0.02,0.493,34165.261117060196,353.677651315323
0.02,0.494,34235.996647323256,353.677651315323
0.02,0.495,34306.732177586324,353.677651315323
0.02,0.496,34377.46770784939,353.677651315323
0.02,0.497,34448.20323811246,353.677651315323
0.02,0.498,34518.93876837552,353.677651315323
0.02,0.499,34589.67429863859,353.677651315323
0.02,0.5,34660.40982890165,353.677651315323
0.1,0.0,0.0,0.0
0.1,0.001,0.35367765131532286,0.35367765131532286
0.1,0.002,1.4147106052612914,1.4147106052612914
0.1,0.003,3.1830988618379066,3.1830988618379066
0.1,0.004,5.658842421045166,5.658842421045166
0.1,0.005,8.841941282883074,8.841941282883074
0.1,0.006,12.732395447351626,12.732395447351626
0.1,0.007,17.330204914450825,17.330204914450825
0.1,0.008,22.635369684180663,22.635369684180663
0.1,0.009,28.647889756541154,28.647889756541154
0.1,0.01,35.367765131532295,35.367765131532295
0.1,0.011,42.794995809154074,42.794995809154074
0.1,0.012,50.929581789406505,50.929581789406505
0.1,0.013,59.77152307228957,59.77152307228957
0.1,0.014,69.3208196578033,69.3208196578033
0.1,0.015,79.57747154594765,79.57747154594765
0.1,0.016,90.54147873672265,90.54147873672265
0.1,0.017,102.21284123012833,102.21284123012833
0.1,0.018,114.59155902616462,114.59155902616462
0.1,0.019,127.67763212483158,127.67763212483158
0.1,0.02,141.47106052612918,141.47106052612918
0.1,0.021,155.97184423005743,155.97184423005743
0.1,0.022,171.1799832366163,171.1799832366163
0.1,0.023,187.09547754580584,187.09547754580584
0.1,0.024,203.71832715762602,203.71832715762602
0.1,0.025,221.04853207207685,221.04853207207685
0.1,0.026,239.08609228915827,239.08609228915827
0.1,0.027,257.8310078088704,257.8310078088704
0.1,0.028,277.2832786312132,277.2832786312132
0.1,0.029,297.44290475618664,297.44290475618664
0.1,0.03,318.3098861837906,318.3098861837906
0.1,0.031,339.8842229140253,339.8842229140253
0.1,0.032,362.1659149468906,362.1659149468906
0.1,0.033,385.15496228238675,385.15496228238675
0.1,0.034,408.85136492051333,408.85136492051333
0.1,0.035,433.25512286127065,433.25512286127065
0.1,0.036,458.36623610465847,458.36623610465847
0.1,0.037,484.184704650677,484.184704650677
0.1,0.038,510.7105284993263,510.7105284993263
0.1,0.039,537.9437076506061,537.9437076506061
0.1,0.04,565.8842421045167,565.8842421045167
0.1,0.041,594.5321318610578,594.5321318610578
0.1,0.042,623.8873769202297,623.8873769202297
0.1,0.043,653.949977282032,653.949977282032
0.1,0.044,684.7199329464652,684.7199329464652
0.1,0.045,716.1972439135288,716.1972439135288
0.1,0.046,748.3819101832233,748.3819101832233
0.1,0.047,781.2739317555485,781.2739317555485
0.1,0.048,814.8733086305041,814.8733086305041
0.1,0.049,849.1800408080906,849.1800408080906
0.1,0.05,884.1941282883074,884.1941282883074
0.1,0.051,919.9155710711548,919.9155710711548
0.1,0.052,956.3443691566331,956.3443691566331
0.1,0.053,993.480522544742,993.480522544742
0.1,0.054,1031.3240312354817,1031.3240312354817
0.1,0.055,1069.8748952288518,1069.8748952288518
0.1,0.056,1109.1331145248528,1109.1331145248528
0.1,0.057,1149.0986891234843,1149.0986891234843
0.1,0.058,1189.7716190247465,1189.7716190247465
0.1,0.059,1231.1519042286388,1231.1519042286388
0.1,0.06,1273.2395447351623,1273.2395447351623
0.1,0.061,1316.0345405443165,1316.0345405443165
0.1,0.062,1359.5368916561013,1359.5368916561013
0.1,0.063,1403.746598070517,1403.746598070517
0.1,0.064,1448.6636597875624,1448.6636597875624
0.1,0.065,1494.2880768072398,1494.2880768072398
0.1,0.066,1540.619849129547,1540.619849129547
0.1,0.067,1587.6589767544847,1587.6589767544847
0.1,0.068,1635.4054596820533,1635.4054596820533
0.1,0.069,1683.8592979122525,1683.8592979122525
0.1,0.07,1733.0204914450826,1733.0204914450826
0.1,0.071,1782.8890402805425,1782.8890402805425
0.1,0.072,1833.4649444186339,1833.4649444186339
0.1,0.073,1884.7482038593555,1884.7482038593555
0.1,0.074,1936.738818602708,1936.738818602708
0.1,0.075,1989.4367886486914,1989.4367886486914
0.1,0.076,2042.8421139973052,2042.8421139973052
0.1,0.077,2096.95479464855,2096.95479464855
0.1,0.078,2151.7748306024246,2151.7748306024246
0.1,0.079,2207.3022218589304,2207.3022218589304
0.1,0.08,2263.536968418067,2263.536968418067
0.1,0.081,2320.4790702798336,2320.4790702798336
0.1,0.082,2378.128527444231,2378.128527444231
0.1,0.083,2436.4853399112603,2436.4853399112603
0.1,0.084,2495.549507680919,2495.549507680919
0.1,0.085,2555.3210307532086,2555.3210307532086
0.1,0.086,2615.799909128128,2615.799909128128
0.1,0.087,2676.9861428056793,2676.9861428056793
0.1,0.088,2738.8797317858607,2738.8797317858607
0.1,0.089,2801.480676068673,2801.480676068673
0.1,0.09,2864.7889756541153,2864.7889756541153
0.1,0.091,2928.8046305421894,2928.8046305421894
0.1,0.092,2993.5276407328934,2993.5276407328934
0.1,0.093,3058.958006226228,3058.958006226228
0.1,0.094,3125.095727022194,3125.095727022194
0.1,0.095,3191.9408031207895,3191.9408031207895
0.1,0.096,3259.4932345220163,3259.4932345220163
0.1,0.097,3327.7530212258735,3327.7530212258735
0.1,0.098,3396.720163232362,3396.720163232362
0.1,0.099,3466.394660541481,3466.394660541481
0.1,0.1,3536.7765131532296,3536.7765131532296
0.1,0.101,3607.512043416294,3539.9596120150673
0.1,0.102,3678.2475736793585,3542.435355574275
0.1,0.103,3748.9831039424225,3544.2037438308516
0.1,0.104,3819.7186342054865,3545.2647767847975
0.1,0.105,3890.4541644685514,3545.618454436113
0.1,0.106,3961.1896947316163,3545.264776784796
0.1,0.107,4031.9252249946817,3544.2037438308516
0.1,0.108,4102.660755257745,3542.435355574274
0.1,0.109,4173.39628552081,3539.9596120150673
0.1,0.11,4244.131815783875,3536.776513153229
0.1,0.111,4314.867346046939,3532.8860589887604
0.1,0.112,4385.602876310005,3528.2882495216622
0.1,0.113,4456.338406573069,3522.983084751932
0.1,0.114,4527.073936836133,3516.9705646795715
0.1,0.115,4597.809467099199,3510.2506893045793
0.1,0.116,4668.544997362262,3502.8234586269573
0.1,0.117,4739.2805276253275,3494.688872646705
0.1,0.118,4810.016057888391,3485.8469313638234
0.1,0.119,4880.751588151456,3476.2976347783097
0.1,0.12,4951.487118414521,3466.0409828901643
0.1,0.121,5022.222648677585,3455.0769756993905
0.1,0.122,5092.958178940649,3443.405613205985
0.1,0.123,5163.693709203713,3431.026895409949
0.1,0.124,5234.429239466779,3417.9408223112814
0.1,0.125,5305.164769729844,3404.1473939099837
0.1,0.126,5375.900299992908,3389.6466102060544
0.1,0.127,5446.635830255974,3374.4384711994962
0.1,0.128,5517.371360519037,3358.5229768903073
0.1,0.129,5588.106890782103,3341.900127278486
0.1,0.13,5658.842421045167,3324.569922364035
0.1,0.131,5729.577951308231,3306.532362146955
0.1,0.132,5800.3134815712965,3287.787446627243
0.1,0.133,5871.0490118343605,3268.335175804899
0.1,0.134,5941.784542097427,3248.1755496799265
0.1,0.135,6012.520072360491,3227.3085682523224
0.1,0.136,6083.255602623554,3205.7342315220876
0.1,0.137,6153.991132886619,3183.452539489222
0.1,0.138,6224.726663149684,3160.4634921537263
0.1,0.139,6295.462193412749,3136.7670895155984
0.1,0.14,6366.197723675813,3112.3633315748425
0.1,0.141,6436.933253938876,3087.252218331455
0.1,0.142,6507.66878420194,3061.4337497854353
0.1,0.143,6578.404314465006,3034.9079259367863
0.1,0.144,6649.139844728071,3007.6747467855066
0.1,0.145,6719.875374991135,2979.7342123315966
0.1,0.146,6790.6109052542,2951.0863225750545
0.1,0.147,6861.346435517264,2921.7310775158835
0.1,0.148,6932.0819657803295,2891.668477154081
0.1,0.149,7002.8174960433935,2860.8985214896475
0.1,0.15,7073.5530263064575,2829.421210522584
0.1,0.151,7144.288556569523,2797.2365442528894
0.1,0.152,7215.024086832587,2764.344522680564
0.1,0.153,7285.759617095651,2730.7451458056084
0.1,0.154,7356.495147358717,2696.4384136280223
0.1,0.155,7427.230677621781,2661.424326147805
0.1,0.156,7497.966207884846,2625.702883364959
0.1,0.157,7568.701738147912,2589.27408527948
0.1,0.158,7639.437268410976,2552.13793189137
0.1,0.159,7710.172798674039,2514.2944232006307
0.1,0.16,7780.908328937103,2475.7435592072607
0.1,0.161,7851.643859200169,2436.4853399112603
0.1,0.162,7922.3793894632345,2396.5197653126284
0.1,0.163,7993.1149197262985,2355.846835411366
0.1,0.164,8063.850449989363,2314.4665502074736
0.1,0.165,8134.585980252427,2272.37890970095
0.1,0.166,8205.32151051549,2229.583913891796
0.1,0.167,8276.057040778558,2186.0815627800107
0.1,0.168,8346.792571041622,2141.8718563655957
0.1,0.169,8417.528101304686,2096.9547946485495
0.1,0.17,8488.26363156775,2051.330377628873
0.1,0.171,8558.999161830814,2004.9986053065654
0.1,0.172,8629.734692093878,1957.9594776816296
0.1,0.173,8700.470222356942,1910.2129947540602
0.1,0.174,8771.205752620008,1861.759156523861
0.1,0.175,8841.941282883072,1812.597962991031
0.1,0.176,8912.676813146138,1762.7294141555706
0.1,0.177,8983.412343409202,1712.153510017479
0.1,0.178,9054.147873672266,1660.8702505767574
0.1,0.179,9124.88340393533,1608.8796358334048
0.1,0.18,9195.618934198395,1556.1816657874215
0.1,0.181,9266.35446446146,1502.7763404388077
0.1,0.182,9337.089994724523,1448.6636597875633
0.1,0.183,9407.825524987587,1393.8436238336883
0.1,0.184,9478.561055250653,1338.3162325771827
0.1,0.185,9549.296585513717,1282.0814860180462
0.1,0.186,9620.032115776783,1225.1393841562788
0.1,0.187,9690.767646039849,1167.4899269918815
0.1,0.188,9761.503176302913,1109.1331145248532
0.1,0.189,9832.238706565977,1050.0689467551942
0.1,0.19,9902.974236829044,990.2974236829045
0.1,0.191,9973.709767092108,929.8185453079844
0.1,0.192,10044.445297355172,868.632311630433
0.1,0.193,10115.180827618236,806.738722650252
0.1,0.194,10185.916357881299,744.1377783674395
0.1,0.195,10256.651888144368,680.8294787819966
0.1,0.196,10327.38741840743,616.8138238939232
0.1,0.197,10398.122948670494,552.0908137032192
0.1,0.198,10468.858478933558,486.66044820988446
0.1,0.199,10539.594009196622,420.5227274139187
0.1,0.2,10610.32953945969,353.677651315323
0.1,0.201,10681.065069722754,353.677651315323
0.1,0.202,10751.800599985818,353.677651315323
0.1,0.203,10822.536130248882,353.677651315323
0.1,0.204,10893.271660511948,353.677651315323
0.1,0.205,10964.007190775012,353.677651315323
0.1,0.206,11034.742721038074,353.677651315323
0.1,0.207,11105.478251301138,353.677651315323
0.1,0.208,11176.213781564202,353.677651315323
0.1,0.209,11246.94931182727,353.677651315323
0.1,0.21,11317.684842090333,353.677651315323
0.1,0.211,11388.420372353397,353.677651315323
0.1,0.212,11459.155902616461,353.677651315323
0.1,0.213,11529.891432879527,353.677651315323
0.1,0.214,11600.626963142593,353.677651315323
0.1,0.215,11671.362493405657,353.677651315323
0.1,0.216,11742.098023668721,353.677651315323
0.1,0.217,11812.833553931785,353.677651315323
0.1,0.218,11883.56908419485,353.677651315323
0.1,0.219,11954.304614457918,353.677651315323
0.1,0.22,12025.040144720982,353.677651315323
0.1,0.221,12095.775674984045,353.677651315323
0.1,0.222,12166.511205247109,353.677651315323
0.1,0.223,12237.246735510173,353.677651315323
0.1,0.224,12307.982265773238,353.677651315323
0.1,0.225,12378.717796036304,353.677651315323
0.1,0.226,12449.453326299368,353.677651315323
0.1,0.227,12520.188856562432,353.677651315323
0.1,0.228,12590.924386825496,353.677651315323
0.1,0.229,12661.659917088562,353.677651315323
0.1,0.23,12732.395447351626,353.677651315323
0.1,0.231,12803.130977614688,353.677651315323
0.1,0.232,12873.866507877758,353.677651315323
0.1,0.233,12944.60203814082,353.677651315323
0.1,0.234,13015.337568403886,353.677651315323
0.1,0.235,13086.073098666948,353.677651315323
0.1,0.236,13156.808628930012,353.677651315323
0.1,0.237,13227.544159193076,353.677651315323
0.1,0.238,13298.279689456143,353.677651315323
0.1,0.239,13369.015219719207,353.677651315323
0.1,0.24,13439.750749982271,353.677651315323
0.1,0.241,13510.486280245335,353.677651315323
0.1,0.242,13581.2218105084,353.677651315323
0.1,0.243,13651.957340771463,353.677651315323
0.1,0.244,13722.692871034527,353.677651315323
0.1,0.245,13793.428401297595,353.677651315323
0.1,0.246,13864.163931560659,353.677651315323
0.1,0.247,13934.899461823723,353.677651315323
0.1,0.248,14005.634992086789,353.677651315323
0.1,0.249,14076.370522349853,353.677651315323
0.1,0.25,14147.106052612917,353.677651315323
0.1,0.251,14217.841582875983,353.677651315323
0.1,0.252,14288.577113139047,353.677651315323
0.1,0.253,14359.312643402112,353.677651315323
0.1,0.254,14430.048173665176,353.677651315323
0.1,0.255,14500.78370392824,353.677651315323
0.1,0.256,14571.519234191303,353.677651315323
0.1,0.257,14642.254764454367,353.677651315323
0.1,0.258,14712.990294717438,353.677651315323
0.1,0.259,14783.7258249805,353.677651315323
0.1,0.26,14854.461355243564,353.677651315323
0.1,0.261,14925.196885506628,353.677651315323
0.1,0.262,14995.932415769692,353.677651315323
0.1,0.263,15066.667946032758,353.677651315323
0.1,0.264,15137.403476295824,353.677651315323
0.1,0.265,15208.139006558888,353.677651315323
0.1,0.266,15278.874536821952,353.677651315323
0.1,0.267,15349.610067085016,353.677651315323
0.1,0.268,15420.345597348083,353.677651315323
0.1,0.269,15491.081127611147,353.677651315323
0.1,0.27,15561.81665787421,353.677651315323
0.1,0.271,15632.552188137275,353.677651315323
0.1,0.272,15703.28771840034,353.677651315323
0.1,0.273,15774.023248663405,353.677651315323
0.1,0.274,15844.758778926469,353.677651315323
0.1,0.275,15915.494309189533,353.677651315323
0.1,0.276,15986.229839452597,353.677651315323
0.1,0.277,16056.965369715661,353.677651315323
0.1,0.278,16127.70089997873,353.677651315323
0.1,0.279,16198.436430241794,353.677651315323
0.1,0.28,16269.171960504858,353.677651315323
0.1,0.281,16339.907490767922,353.677651315323
0.1,0.282,16410.64302103098,353.677651315323
0.1,0.283,16481.378551294045,353.677651315323
0.1,0.284,16552.114081557113,353.677651315323
0.1,0.285,16622.849611820177,353.677651315323
0.1,0.286,16693.585142083244,353.677651315323
0.1,0.287,16764.320672346304,353.677651315323
0.1,0.288,16835.05620260937,353.677651315323
0.1,0.289,16905.791732872432,353.677651315323
0.1,0.29,16976.5272631355,353.677651315323
0.1,0.291,17047.262793398564,353.677651315323
0.1,0.292,17117.998323661628,353.677651315323
0.1,0.293,17188.733853924692,353.677651315323
0.1,0.294,17259.469384187756,353.677651315323
0.1,0.295,17330.20491445082,353.677651315323
0.1,0.296,17400.940444713888,353.677651315323
0.1,0.297,17471.675974976955,353.677651315323
0.1,0.298,17542.41150524002,353.677651315323
0.1,0.299,17613.147035503083,353.677651315323
0.1,0.3,17683.882565766144,353.677651315323
0.1,0.301,17754.61809602921,353.677651315323
0.1,0.302,17825.353626292275,353.677651315323
0.1,0.303,17896.08915655534,353.677651315323
0.1,0.304,17966.824686818403,353.677651315323
0.1,0.305,18037.560217081467,353.677651315323
0.1,0.306,18108.295747344535,353.677651315323
0.1,0.307,18179.0312776076,353.677651315323
0.1,0.308,18249.766807870663,353.677651315323
0.1,0.309,18320.502338133727,353.677651315323
0.1,0.31,18391.237868396795,353.677651315323
0.1,0.311,18461.97339865986,353.677651315323
0.1,0.312,18532.70892892292,353.677651315323
0.1,0.313,18603.444459185986,353.677651315323
0.1,0.314,18674.17998944905,353.677651315323
0.1,0.315,18744.915519712114,353.677651315323
0.1,0.316,18815.65104997518,353.677651315323
0.1,0.317,18886.386580238246,353.677651315323
0.1,0.318,18957.12211050131,353.677651315323
0.1,0.319,19027.857640764378,353.677651315323
0.1,0.32,19098.593171027438,353.677651315323
0.1,0.321,19169.328701290506,353.677651315323
0.1,0.322,19240.064231553566,353.677651315323
0.1,0.323,19310.799761816634,353.677651315323
0.1,0.324,19381.5352920797,353.677651315323
0.1,0.325,19452.270822342758,353.677651315323
0.1,0.326,19523.00635260583,353.677651315323
0.1,0.327,19593.741882868886,353.677651315323
0.1,0.328,19664.477413131957,353.677651315323
0.1,0.329,19735.21294339502,353.677651315323
0.1,0.33,19805.948473658085,353.677651315323
0.1,0.331,19876.68400392115,353.677651315323
0.1,0.332,19947.419534184213,353.677651315323
0.1,0.333,20018.155064447277,353.677651315323
0.1,0.334,20088.890594710345,353.677651315323
0.1,0.335,20159.626124973405,353.677651315323
0.1,0.336,20230.361655236473,353.677651315323
0.1,0.337,20301.097185499537,353.677651315323
0.1,0.338,20371.832715762604,353.677651315323
0.1,0.339,20442.56824602567,353.677651315323
0.1,0.34,20513.30377628873,353.677651315323
0.1,0.341,20584.039306551796,353.677651315323
0.1,0.342,20654.774836814857,353.677651315323
0.1,0.343,20725.510367077924,353.677651315323
0.1,0.344,20796.24589734099,353.677651315323
0.1,0.345,20866.981427604052,353.677651315323
0.1,0.346,20937.716957867116,353.677651315323
0.1,0.347,21008.452488130184,353.677651315323
0.1,0.348,21079.188018393244,353.677651315323
0.1,0.349,21149.923548656312,353.677651315323
0.1,0.35,21220.659078919372,353.677651315323
0.1,0.351,21291.394609182436,353.677651315323
0.1,0.352,21362.130139445508,353.677651315323
0.1,0.353,21432.865669708564,353.677651315323
0.1,0.354,21503.601199971636,353.677651315323
0.1,0.355,21574.336730234692,353.677651315323
0.1,0.356,21645.072260497764,353.677651315323
0.1,0.357,21715.807790760828,353.677651315323
0.1,0.358,21786.54332102389,353.677651315323
0.1,0.359,21857.278851286956,353.677651315323
0.1,0.36,21928.014381550016,353.677651315323
0.1,0.361,21998.749911813084,353.677651315323
0.1,0.362,22069.485442076148,353.677651315323
0.1,0.363,22140.22097233921,353.677651315323
0.1,0.364,22210.956502602276,353.677651315323
0.1,0.365,22281.692032865347,353.677651315323
0.1,0.366,22352.42756312841,353.677651315323
0.1,0.367,22423.16309339148,353.677651315323
0.1,0.368,22493.89862365453,353.677651315323
0.1,0.369,22564.634153917603,353.677651315323
0.1,0.37,22635.369684180667,353.677651315323
0.1,0.371,22706.105214443734,353.677651315323
0.1,0.372,22776.840744706802,353.677651315323
0.1,0.373,22847.576274969855,353.677651315323
0.1,0.374,22918.311805232923,353.677651315323
0.1,0.375,22989.047335495987,353.677651315323
0.1,0.376,23059.782865759058,353.677651315323
0.1,0.377,23130.518396022126,353.677651315323
0.1,0.378,23201.253926285182,353.677651315323
0.1,0.379,23271.98945654825,353.677651315323
0.1,0.38,23342.724986811314,353.677651315323
0.1,0.381,23413.46051707438,353.677651315323
0.1,0.382,23484.196047337446,353.677651315323
0.1,0.383,23554.931577600506,353.677651315323
0.1,0.384,23625.66710786357,353.677651315323
0.1,0.385,23696.402638126638,353.677651315323
0.1,0.386,23767.13816838971,353.677651315323
0.1,0.387,23837.87369865277,353.677651315323
0.1,0.388,23908.609228915826,353.677651315323
0.1,0.389,23979.344759178894,353.677651315323
0.1,0.39,24050.080289441965,353.677651315323
0.1,0.391,24120.815819705025,353.677651315323
0.1,0.392,24191.551349968096,353.677651315323
0.1,0.393,24262.286880231153,353.677651315323
0.1,0.394,24333.022410494217,353.677651315323
0.1,0.395,24403.757940757285,353.677651315323
0.1,0.396,24474.49347102035,353.677651315323
0.1,0.397,24545.22900128342,353.677651315323
0.1,0.398,24615.964531546473,353.677651315323
0.1,0.399,24686.700061809537,353.677651315323
0.1,0.4,24757.43559207261,353.677651315323
0.1,0.401,24828.171122335676,353.677651315323
0.1,0.402,24898.90665259874,353.677651315323
0.1,0.403,24969.642182861793,353.677651315323
0.1,0.404,25040.377713124864,353.677651315323
0.1,0.405,25111.11324338793,353.677651315323
0.1,0.406,25181.848773650996,353.677651315323
0.1,0.407,25252.584303914056,353.677651315323
0.1,0.408,25323.31983417712,353.677651315323
0.1,0.409,25394.055364440188,353.677651315323
0.1,0.41,25464.790894703252,353.677651315323
0.1,0.411,25535.526424966312,353.677651315323
0.1,0.412,25606.261955229376,353.677651315323
0.1,0.413,25676.997485492444,353.677651315323
0.1,0.414,25747.733015755515,353.677651315323
0.1,0.415,25818.468546018576,353.677651315323
0.1,0.416,25889.204076281632,353.677651315323
0.1,0.417,25959.9396065447,353.677651315323
0.1,0.418,26030.675136807768,353.677651315323
0.1,0.419,26101.410667070835,353.677651315323
0.1,0.42,26172.1461973339,353.677651315323
0.1,0.421,26242.88172759696,353.677651315323
0.1,0.422,26313.617257860024,353.677651315323
0.1,0.423,26384.35278812309,353.677651315323
0.1,0.424,26455.088318386155,353.677651315323
0.1,0.425,26525.823848649226,353.677651315323
0.1,0.426,26596.559378912283,353.677651315323
0.1,0.427,26667.294909175343,353.677651315323
0.1,0.428,26738.030439438415,353.677651315323
0.1,0.429,26808.76596970148,353.677651315323
0.1,0.43,26879.501499964546,353.677651315323
0.1,0.431,26950.2370302276,353.677651315323
0.1,0.432,27020.97256049067,353.677651315323
0.1,0.433,27091.70809075374,353.677651315323
0.1,0.434,27162.443621016802,353.677651315323
0.1,0.435,27233.17915127987,353.677651315323
0.1,0.436,27303.914681542923,353.677651315323
0.1,0.437,27374.650211805994,353.677651315323
0.1,0.438,27445.385742069055,353.677651315323
0.1,0.439,27516.121272332126,353.677651315323
0.1,0.44,27586.856802595197,353.677651315323
0.1,0.441,27657.59233285825,353.677651315323
0.1,0.442,27728.327863121318,353.677651315323
0.1,0.443,27799.063393384382,353.677651315323
0.1,0.444,27869.79892364745,353.677651315323
0.1,0.445,27940.534453910514,353.677651315323
0.1,0.446,28011.269984173574,353.677651315323
0.1,0.447,28082.00551443664,353.677651315323
0.1,0.448,28152.741044699706,353.677651315323
0.1,0.449,28223.476574962777,353.677651315323
0.1,0.45,28294.212105225837,353.677651315323
0.1,0.451,28364.947635488894,353.677651315323
0.1,0.452,28435.683165751965,353.677651315323
0.1,0.453,28506.41869601503,353.677651315323
0.1,0.454,28577.154226278097,353.677651315323
0.1,0.455,28647.88975654116,353.677651315323
0.1,0.456,28718.62528680422,353.677651315323
0.1,0.457,28789.360817067285,353.677651315323
0.1,0.458,28860.096347330353,353.677651315323
0.1,0.459,28930.83187759342,353.677651315323
0.1,0.46,29001.567407856488,353.677651315323
0.1,0.461,29072.302938119545,353.677651315323
0.1,0.462,29143.038468382605,353.677651315323
0.1,0.463,29213.773998645676,353.677651315323
0.1,0.464,29284.509528908744,353.677651315323
0.1,0.465,29355.245059171808,353.677651315323
0.1,0.466,29425.98058943487,353.677651315323
0.1,0.467,29496.716119697932,353.677651315323
0.1,0.468,29567.451649961,353.677651315323
0.1,0.469,29638.187180224057,353.677651315323
0.1,0.47,29708.922710487124,353.677651315323
0.1,0.471,29779.658240750192,353.677651315323
0.1,0.472,29850.393771013256,353.677651315323
0.1,0.473,29921.129301276327,353.677651315323
0.1,0.474,29991.86483153938,353.677651315323
0.1,0.475,30062.600361802444,353.677651315323
0.1,0.476,30133.335892065512,353.677651315323
0.1,0.477,30204.071422328583,353.677651315323
0.1,0.478,30274.806952591647,353.677651315323
0.1,0.479,30345.5424828547,353.677651315323
0.1,0.48,30416.27801311777,353.677651315323
0.1,0.481,30487.013543380835,353.677651315323
0.1,0.482,30557.749073643903,353.677651315323
0.1,0.483,30628.484603906967,353.677651315323
0.1,0.484,30699.220134170024,353.677651315323
0.1,0.485,30769.955664433095,353.677651315323
0.1,0.486,30840.691194696155,353.677651315323
0.1,0.487,30911.426724959227,353.677651315323
0.1,0.488,30982.162255222294,353.677651315323
0.1,0.489,31052.89778548535,353.677651315323
0.1,0.49,31123.63331574841,353.677651315323
0.1,0.491,31194.368846011483,353.677651315323
0.1,0.492,31265.10437627455,353.677651315323
0.1,0.493,31335.839906537614,353.677651315323
0.1,0.494,31406.575436800675,353.677651315323
0.1,0.495,31477.31096706374,353.677651315323
0.1,0.496,31548.046497326806,353.677651315323
0.1,0.497,31618.78202758987,353.677651315323
0.1,0.498,31689.517557852938,353.677651315323
0.1,0.499,31760.253088115995,353.677651315323
0.1,0.5,31830.988618379062,353.677651315323
