kappa,pressure_kPa,Kxy_N_m,effective_normal_k_N_m,post_break_gap_um,post_break_x_um,post_break_state_geometrically_consistent,within_assumed_1um_x,normal_equilibrium_residual_uN,tangent_equilibrium_residual_uN
-0.5,0.5,-11.785113019775793,15.0,12.916666666666666,-0.8838834764831843,True,True,1.4210854715202004e-14,1.0658141036401503e-14
-0.5,1,-11.785113019775793,15.0,10.833333333333332,-1.7677669529663687,True,False,2.842170943040401e-14,2.1316282072803006e-14
-0.5,3,-11.785113019775793,15.0,2.5,-5.303300858899107,False,False,0.0,0.0
-0.25,0.5,-5.892556509887896,18.75,13.333333333333334,-0.35355339059327373,True,True,-1.0658141036401503e-14,-1.7763568394002505e-15
-0.25,1,-5.892556509887896,18.75,11.666666666666666,-0.7071067811865475,True,True,2.1316282072803006e-14,7.105427357601002e-15
-0.25,3,-5.892556509887896,18.75,5.0,-2.121320343559643,False,False,0.0,-7.105427357601002e-15
0,0.5,0.0,20.0,13.4375,0.0,True,True,0.0,0.0
0,1,0.0,20.0,11.875,0.0,True,True,0.0,0.0
0,3,0.0,20.0,5.625,0.0,False,True,0.0,0.0
0.25,0.5,5.892556509887896,18.75,13.333333333333334,0.35355339059327373,True,True,-1.0658141036401503e-14,1.7763568394002505e-15
0.25,1,5.892556509887896,18.75,11.666666666666666,0.7071067811865475,True,True,2.1316282072803006e-14,-7.105427357601002e-15
0.25,3,5.892556509887896,18.75,5.0,2.121320343559643,False,False,0.0,7.105427357601002e-15
0.5,0.5,11.785113019775793,15.0,12.916666666666666,0.8838834764831843,True,True,1.4210854715202004e-14,-1.0658141036401503e-14
0.5,1,11.785113019775793,15.0,10.833333333333332,1.7677669529663687,True,False,2.842170943040401e-14,-2.1316282072803006e-14
0.5,3,11.785113019775793,15.0,2.5,5.303300858899107,False,False,0.0,0.0
