mu_static,tangential_adhesion_uN,opening_pressure_kPa,rupture_pressure_kPa,first_slip_pressure_kPa,contact_normal_at_first_slip_uN,x_after_first_slip_um,first_slip_jump_um,unresolved_first_jump_energy_nJ,first_slip_before_opening
0.1,0,4.731695335761553,1.5316953357615526,49.17613978020599,2777.7777777777774,29.999999999999993,-19.999999999999993,5.555555555555552,True
0.1,4,4.731695335761553,1.5316953357615526,48.53613978020599,2737.7777777777774,29.711999999999993,-19.711999999999993,5.396707555555552,True
0.1,40,4.731695335761553,1.5316953357615526,42.776139780205995,2377.7777777777774,27.119999999999994,-17.119999999999994,4.070755555555553,True
0.1,300,4.731695335761553,1.5316953357615526,,0,10,0,0.0,False
0.3,0,4.731695335761553,1.5316953357615526,19.546510150576367,925.925925925926,10.0,0.0,0.0,True
0.3,4,4.731695335761553,1.5316953357615526,19.333176817243036,912.5925925925926,10.0,0.0,0.0,True
0.3,40,4.731695335761553,1.5316953357615526,17.413176817243034,792.5925925925926,10.0,0.0,0.0,True
0.3,300,4.731695335761553,1.5316953357615526,,0,10,0,0.0,False
0.6,0,4.731695335761553,1.5316953357615526,12.13910274316896,462.962962962963,5.0,5.0,0.3472222222222222,True
0.6,4,4.731695335761553,1.5316953357615526,12.032436076502293,456.2962962962963,5.072,4.928,0.3372942222222222,True
0.6,40,4.731695335761553,1.5316953357615526,11.072436076502294,396.2962962962963,5.72,4.28,0.25442222222222227,True
0.6,300,4.731695335761553,1.5316953357615526,,0,10,0,0.0,False
0.8,0,4.731695335761553,1.5316953357615526,10.287250891317107,347.2222222222222,3.749999999999999,6.250000000000001,0.5425347222222224,True
0.8,4,4.731695335761553,1.5316953357615526,10.20725089131711,342.2222222222222,3.839999999999999,6.160000000000001,0.5270222222222225,True
0.8,40,4.731695335761553,1.5316953357615526,9.487250891317109,297.2222222222222,4.649999999999999,5.350000000000001,0.39753472222222247,True
0.8,300,4.731695335761553,1.5316953357615526,,0,10,0,0.0,False
