N,b_um,mu_assumed,h_um,rotation_bound_deg,capillary_bridges,imbalance_bound_from_torque,within_ten_percent_moment_budget,max_h_um_for_budget,zero_height_already_over_budget,normal_only_solution_not_reused_as_proof
4,0.1,0.04,5,2,5,0.007962222222222221,True,102.79013888888892,False,True
4,0.1,0.04,10,2,5,0.012668104575163397,True,102.79013888888892,False,True
4,0.1,0.04,25,2,5,0.026785751633986925,True,102.79013888888892,False,True
4,0.1,0.04,50,2,5,0.050315163398692804,True,102.79013888888892,False,True
4,0.1,0.1,5,2,5,0.015021045751633984,True,41.11605555555556,False,True
4,0.1,0.1,10,2,5,0.026785751633986925,True,41.11605555555556,False,True
4,0.1,0.1,25,2,5,0.062079869281045745,True,41.11605555555556,False,True
4,0.1,0.1,50,2,5,0.12090339869281043,False,41.11605555555556,False,True
4,0.1,0.2,5,2,5,0.026785751633986925,True,20.55802777777778,False,True
4,0.1,0.2,10,2,5,0.050315163398692804,True,20.55802777777778,False,True
4,0.1,0.2,25,2,5,0.12090339869281043,False,20.55802777777778,False,True
4,0.1,0.2,50,2,5,0.23855045751633983,False,20.55802777777778,False,True
4,1,0.04,5,2,5,0.029138692810457518,True,80.29013888888892,False,True
4,1,0.04,10,2,5,0.03384457516339869,True,80.29013888888892,False,True
4,1,0.04,25,2,5,0.04796222222222222,True,80.29013888888892,False,True
4,1,0.04,50,2,5,0.0714916339869281,True,80.29013888888892,False,True
4,1,0.1,5,2,5,0.036197516339869285,True,32.11605555555557,False,True
4,1,0.1,10,2,5,0.04796222222222222,True,32.11605555555557,False,True
4,1,0.1,25,2,5,0.08325633986928105,True,32.11605555555557,False,True
4,1,0.1,50,2,5,0.14207986928104574,False,32.11605555555557,False,True
4,1,0.2,5,2,5,0.04796222222222222,True,16.058027777777784,False,True
4,1,0.2,10,2,5,0.0714916339869281,True,16.058027777777784,False,True
4,1,0.2,25,2,5,0.14207986928104574,False,16.058027777777784,False,True
4,1,0.2,50,2,5,0.2597269281045751,False,16.058027777777784,False,True
4,5,0.04,5,2,5,0.12325633986928101,False,0,True,True
4,5,0.04,10,2,5,0.1279622222222222,False,0,True,True
4,5,0.04,25,2,5,0.1420798692810457,False,0,True,True
4,5,0.04,50,2,5,0.16560928104575162,False,0,True,True
4,5,0.1,5,2,5,0.13031516339869278,False,0,True,True
4,5,0.1,10,2,5,0.1420798692810457,False,0,True,True
4,5,0.1,25,2,5,0.17737398692810455,False,0,True,True
4,5,0.1,50,2,5,0.23619751633986927,False,0,True,True
4,5,0.2,5,2,5,0.1420798692810457,False,0,True,True
4,5,0.2,10,2,5,0.16560928104575162,False,0,True,True
4,5,0.2,25,2,5,0.23619751633986927,False,0,True,True
4,5,0.2,50,2,5,0.3538445751633987,False,0,True,True
16,0.1,0.04,5,2,5,0.01909801169590643,True,53.03555555555556,False,True
16,0.1,0.04,10,2,5,0.02751906432748538,True,53.03555555555556,False,True
16,0.1,0.04,25,2,5,0.052782222222222216,True,53.03555555555556,False,True
16,0.1,0.04,50,2,5,0.09488748538011696,True,53.03555555555556,False,True
16,0.1,0.1,5,2,5,0.03172959064327485,True,21.214222222222226,False,True
16,0.1,0.1,10,2,5,0.052782222222222216,True,21.214222222222226,False,True
16,0.1,0.1,25,2,5,0.11594011695906431,False,21.214222222222226,False,True
16,0.1,0.1,50,2,5,0.22120327485380112,False,21.214222222222226,False,True
16,0.1,0.2,5,2,5,0.052782222222222216,True,10.607111111111113,False,True
16,0.1,0.2,10,2,5,0.09488748538011696,True,10.607111111111113,False,True
16,0.1,0.2,25,2,5,0.22120327485380112,False,10.607111111111113,False,True
16,0.1,0.2,50,2,5,0.43172959064327476,False,10.607111111111113,False,True
16,1,0.04,5,2,5,0.056992748538011694,True,30.535555555555558,False,True
16,1,0.04,10,2,5,0.06541380116959064,True,30.535555555555558,False,True
16,1,0.04,25,2,5,0.09067695906432749,True,30.535555555555558,False,True
16,1,0.04,50,2,5,0.13278222222222222,False,30.535555555555558,False,True
16,1,0.1,5,2,5,0.06962432748538011,True,12.214222222222222,False,True
16,1,0.1,10,2,5,0.09067695906432749,True,12.214222222222222,False,True
16,1,0.1,25,2,5,0.15383485380116957,False,12.214222222222222,False,True
16,1,0.1,50,2,5,0.2590980116959064,False,12.214222222222222,False,True
16,1,0.2,5,2,5,0.09067695906432749,True,6.107111111111111,False,True
16,1,0.2,10,2,5,0.13278222222222222,False,6.107111111111111,False,True
16,1,0.2,25,2,5,0.2590980116959064,False,6.107111111111111,False,True
16,1,0.2,50,2,5,0.46962432748538,False,6.107111111111111,False,True
16,5,0.04,5,2,5,0.2254138011695906,False,0,True,True
16,5,0.04,10,2,5,0.23383485380116958,False,0,True,True
16,5,0.04,25,2,5,0.2590980116959064,False,0,True,True
16,5,0.04,50,2,5,0.30120327485380116,False,0,True,True
16,5,0.1,5,2,5,0.23804538011695905,False,0,True,True
16,5,0.1,10,2,5,0.2590980116959064,False,0,True,True
16,5,0.1,25,2,5,0.32225590643274843,False,0,True,True
16,5,0.1,50,2,5,0.42751906432748527,False,0,True,True
16,5,0.2,5,2,5,0.2590980116959064,False,0,True,True
16,5,0.2,10,2,5,0.30120327485380116,False,0,True,True
16,5,0.2,25,2,5,0.42751906432748527,False,0,True,True
16,5,0.2,50,2,5,0.6380453801169589,False,0,True,True
