surcharge_JPY_kg,lambda_after,lambda_max_break_even,required_reduction_percentage_points,material_annual_JPY,saving_annual_JPY
50,0.2,0.18337954815728216,1.662045184271785,39579944.01824835,-1884759.2389642075
50,0.15,0.18337954815728216,1.662045184271785,33909944.01824834,3785240.7610358
50,0.1,0.18337954815728216,1.662045184271785,28239944.018248346,9455240.761035796
100,0.2,0.16827004648208407,3.172995351791594,41464703.25721256,-3769518.477928415
100,0.15,0.16827004648208407,3.172995351791594,35524703.25721255,2170481.5220715925
100,0.1,0.16827004648208407,3.172995351791594,29584703.257212553,8110481.522071589
300,0.2,0.11945473337759802,8.0545266622402,49003740.21306939,-11308555.433785245
300,0.15,0.11945473337759802,8.0545266622402,41983740.21306938,-4288555.433785237
300,0.1,0.11945473337759802,8.0545266622402,34963740.21306938,2731444.5662147626
