renewed_fraction,hypothetical_P_mol_L,gross_annual_bath_P_kg,fraction_of_gross_P_not_retained_in_loop,annual_P_outside_loop_kg,actual_environmental_release_known,actual_recipe_known
0.01,0.01,2.2038124896,0.0001,0.00022038124896000004,False,False
0.01,0.01,2.2038124896,0.001,0.0022038124896,False,False
0.01,0.01,2.2038124896,0.01,0.022038124896000003,False,False
0.01,0.01,2.2038124896,1,2.2038124896,False,False
0.01,0.05,11.019062448000001,0.0001,0.0011019062448000003,False,False
0.01,0.05,11.019062448000001,0.001,0.011019062448000001,False,False
0.01,0.05,11.019062448000001,0.01,0.11019062448000001,False,False
0.01,0.05,11.019062448000001,1,11.019062448000001,False,False
0.01,0.1,22.038124896000003,0.0001,0.0022038124896000006,False,False
0.01,0.1,22.038124896000003,0.001,0.022038124896000003,False,False
0.01,0.1,22.038124896000003,0.01,0.22038124896000003,False,False
0.01,0.1,22.038124896000003,1,22.038124896000003,False,False
0.1,0.01,22.038124896000006,0.0001,0.0022038124896000006,False,False
0.1,0.01,22.038124896000006,0.001,0.022038124896000006,False,False
0.1,0.01,22.038124896000006,0.01,0.22038124896000008,False,False
0.1,0.01,22.038124896000006,1,22.038124896000006,False,False
0.1,0.05,110.19062448000003,0.0001,0.011019062448000003,False,False
0.1,0.05,110.19062448000003,0.001,0.11019062448000003,False,False
0.1,0.05,110.19062448000003,0.01,1.1019062448000003,False,False
0.1,0.05,110.19062448000003,1,110.19062448000003,False,False
0.1,0.1,220.38124896000005,0.0001,0.022038124896000006,False,False
0.1,0.1,220.38124896000005,0.001,0.22038124896000005,False,False
0.1,0.1,220.38124896000005,0.01,2.2038124896000006,False,False
0.1,0.1,220.38124896000005,1,220.38124896000005,False,False
1,0.01,220.38124896000005,0.0001,0.022038124896000006,False,False
1,0.01,220.38124896000005,0.001,0.22038124896000005,False,False
1,0.01,220.38124896000005,0.01,2.2038124896000006,False,False
1,0.01,220.38124896000005,1,220.38124896000005,False,False
1,0.05,1101.9062448000002,0.0001,0.11019062448000003,False,False
1,0.05,1101.9062448000002,0.001,1.1019062448000003,False,False
1,0.05,1101.9062448000002,0.01,11.019062448000001,False,False
1,0.05,1101.9062448000002,1,1101.9062448000002,False,False
1,0.1,2203.8124896000004,0.0001,0.22038124896000005,False,False
1,0.1,2203.8124896000004,0.001,2.2038124896000006,False,False
1,0.1,2203.8124896000004,0.01,22.038124896000003,False,False
1,0.1,2203.8124896000004,1,2203.8124896000004,False,False
