x_um,layers,amplitude_rad,axial_strain,pressure_kPa,energy_two_halves_J,bending_strain_estimate,tensile_surface_strain_estimate
0.0,1,1.0458739947719735,-1.1102230246251565e-16,-0.0,2.8437141195837016e-36,0.0,-1.1102230246251565e-16
1.7320508069999998,1,1.0456293958931848,6.744222540433498e-07,0.0002155351000260353,2.333222630121174e-14,2.457775162341141e-05,2.525217387745476e-05
3.4641016139999996,1,1.0448955815867538,2.7002993885361093e-06,0.0017244012717223026,3.7333229551147975e-13,9.831278201473583e-05,0.00010101308140327194
5.196152421,1,1.0436724971057405,6.0854502035301294e-06,0.005820518642686162,1.890138411005222e-12,0.00022121059224861815,0.00022729604245214828
6.928203227999999,1,1.0419600457027385,1.0843042354657939e-05,0.01379914941435795,5.974426197741832e-12,0.00039328090368494234,0.0004041239460396003
8.660254035,1,1.0397580798671364,1.6991496899487757e-05,0.0269575275858753,1.458814151841712e-11,0.000614538538465101,0.0006315300353645888
10.392304842,1,1.037066389995816,2.455494539521652e-05,0.046596333261102865,3.025565655729135e-11,0.0008850045579014334,0.0009095595032966499
12.124355649,1,1.0338846886267006,3.356312541025197e-05,0.07402074303494975,5.606548021927365e-11,0.0012047078467196134,0.0012382709721298654
13.856406455999998,1,1.0302125924555279,4.4052090405255484e-05,0.11054327166785004,9.567269275880813e-11,0.001573686920046971,0.0016177390104522265
15.588457262999997,1,1.0260495984973077,5.606358756859997e-05,0.15748408024472135,1.5330231471981371e-10,0.001991992318753596,0.002048055906322196
17.32050807,1,1.0213950598014603,6.964641265483351e-05,0.2161761917950136,2.337538622857672e-10,0.002459689049640587,0.0025293354622954204
19.052558877,1,1.016248155818222,8.485686118131497e-05,0.2879698967083232,3.424073857288733e-10,0.00297685956307888,0.003061716424260195
20.784609684,1,1.0106078562429355,0.00010175772531106908,0.37423235914563785,4.852313357400974e-10,0.0035436073860023887,0.003645365111313458
22.516660491,1,1.0044728880901679,0.00012042168824399901,0.4763626645169495,6.687926552088645e-10,0.004160060430362097,0.004280482118606096
24.248711298,1,0.9978416878597773,0.00014092863280379397,0.5957864625104642,9.00269553017382e-10,0.004826375799568855,0.004967304432372649
25.980762104999997,1,0.9907123604403134,0.00016336971969677094,0.7339761921090229,1.187467483535343e-09,0.005542743917956406,0.005706113637653177
27.712812911999997,1,0.9830826228967027,0.00018784577366193211,0.8924502710552719,1.5388389331593237e-09,0.006309394179099591,0.0064972399527615235
29.444863719,1,0.9749497498790252,0.00021446997342122742,1.0727906367948568,1.963507706487019e-09,0.0071266004312423225,0.00734107040466355
31.176914525999994,1,0.9663105105537682,0.0002433693666881176,1.2766574625781144,2.471298513396449e-09,0.007994687314562864,0.008238056681250982
32.908965333,1,0.9571610952721419,0.00027468477261116675,1.5057962768068485,3.0727727892984803e-09,0.008914037629678248,0.009188722402289415
34.64101614,1,0.9474970414423145,0.0003085748495090801,1.7620676560995523,3.779271840374429e-09,0.00988509978614041,0.01019367463564949
36.373066947,1,0.9373131413494853,0.00034521550709754045,2.0474536154914214,4.602968601687487e-09,0.010908397064847163,0.011253612571944703
38.105117754,1,0.9266033507393476,0.00038480572123011925,2.364101060108926,5.556929538991955e-09,0.011984536803746386,0.012369342524976505
39.837168561,1,0.9153606763565423,0.0004275689176294062,2.7143428051203826,6.655188528310811e-09,0.013114221698182025,0.013541790615811431
41.569219368,1,0.9035770506502687,0.0004737557062333142,3.100726979660422,7.91283492858114e-09,0.014298262390707984,0.014772018096941298
43.301270175000006,1,0.8912431960233793,0.0005236504860333113,3.5260734067596737,9.34611854530465e-09,0.015537591111592391,0.016061241597625703
45.033320982,1,0.8783484589190718,0.0005775736274244991,3.993504120391678,1.097257479853448e-08,0.016833278350096233,0.017410851977520733
46.76537178899999,1,0.8648806359817829,0.0006358925875040722,4.506536380522339,1.2811174199035905e-08,0.018186550322151038,0.01882244290965511
48.497422596,1,0.8508257544973215,0.0006990257479457807,5.0691306786302714,1.4882501259890076e-08,0.0195988110321439,0.02029783678008968
50.229473403,1,0.8361678284866192,0.0007674530390529011,5.685788349955732,1.720896930697044e-08,0.021071666781072355,0.021839119820125256
51.96152420999999,1,0.8208885706824933,0.0008417276602490364,6.3616625064877015,1.9815079411931357e-08,0.022606955107656604,0.02344868276790564
53.693575017,1,0.8049670611580104,0.0009224941878076542,7.102722773730764,2.2727734012905614e-08,0.024206778085179622,0.025129272272987276
55.425625823999994,1,0.7883793342942824,0.0010105020723945035,7.915892186866962,2.5976618935973778e-08,0.025873543823733542,0.026884045896128046
57.157676630999994,1,0.7710979092978689,0.001106634026625919,8.809305247016841,2.9594671810938136e-08,0.02761001364470681,0.02871664767133273
58.889727438,1,0.7530912073573603,0.0012119341730869593,9.792575925702323,3.361866076809277e-08,0.02941936064597801,0.03063129481906497
60.621778245,1,0.7343228546460774,0.0013276492252305427,10.877180940889899,3.808990552620077e-08,0.0313052397375048,0.03263288896273534
62.35382905199999,1,0.7147508277803989,0.0014552814180364138,12.076954420458687,4.305518462675044e-08,0.03327187350726523,0.034727154925301644
64.085879859,1,0.6943263948857175,0.0015966569060048563,13.408729103675805,4.8567889324954525e-08,0.03532415862492587,0.036920815530930726
65.817930666,1,0.6729928144116002,0.001754024215271821,14.893252981662112,5.4689509181388944e-08,0.03746779658732176,0.03922182080259358
67.549981473,1,0.6506836852283351,0.00193018173267534,16.55638462270183,6.149157101355325e-08,0.03970945950383319,0.04163964123650853
69.28203228,1,0.6273208773320338,0.002128662147195204,18.43081695902395,6.905820867168517e-08,0.04205699802299713,0.044185660170192334
71.014083087,1,0.6028119183538412,0.00235400092031246,20.558586273138662,7.748962813656846e-08,0.0445197039409371,0.04687370486124956
72.746133894,1,0.5770466230568625,0.002612115577067531,22.994630085429137,8.690687165572504e-08,0.04710864887579943,0.04972076445286696
74.47818470099999,1,0.5498928441823114,0.0029108919074418704,25.81228030853186,9.745851361338653e-08,0.04983711123065877,0.052748003138100644
76.210235508,1,0.5211910990812079,0.0032610816156493083,29.111693613579693,1.0933030909428675e-07,0.052721116119588775,0.05598219773523808
77.94228631499999,1,0.4907480223898171,0.003677736524220876,33.033342847039265,1.2275949657544533e-07,0.05578009325504756,0.05945782977926844
79.674337122,1,0.4583290948224352,0.0041825871105651835,37.78043662649886,1.3805669133132982e-07,0.05903760757234259,0.06322019468290777
81.406387929,1,0.42365266500362997,0.004808128255506805,43.657537288185154,1.5564062869558108e-07,0.06252195992707893,0.06733008818258573
83.138438736,1,0.3863920579772877,0.00560490067246433,51.13963903281123,1.7609552065592653e-07,0.066265975228237,0.07187087590070133
84.87048954299999,1,0.346206736953389,0.006654881057237549,60.999866023941074,2.0026964722764142e-07,0.0703038712477264,0.07695875230496395
86.60254035000001,1,0.30286323916308744,0.008096049728088417,74.5457905428985,2.2945052997959497e-07,0.07465910676006987,0.08275515648815829
0.0,8,1.0458739947719735,-1.1102230246251565e-16,-0.0,1.1374856478334806e-35,0.0,-1.1102230246251565e-16
1.7320508069999998,8,1.0456285680251152,1.691717601559617e-07,0.00021625878212371314,2.341119593045826e-14,1.2330468675691105e-05,1.2499640435847067e-05
3.4641016139999996,8,1.0448922638123457,6.773716452190826e-07,0.0017302646788095297,3.7459826355196527e-13,4.932307908817293e-05,5.000045073339201e-05
5.196152421,8,1.0436650082833103,1.5265512358642042e-06,0.005840343194447352,1.8965681508248594e-12,0.00011098154154814807,0.00011250809278401227
6.928203227999999,8,1.0419466726660613,2.72008800816792e-06,0.01384651824690452,5.994839756385079e-12,0.00019731232567838023,0.00020003241368654815
8.660254035,8,1.0397370641085266,4.262603279903132e-06,0.027050655640913163,1.4638271372563713e-11,0.0003083251205468475,0.0003125877238267506
10.392304842,8,1.0370359139074465,6.160370962460249e-06,0.046759691575441444,3.03603524638909e-11,0.00044403342605593823,0.0004501937970183985
12.124355649,8,1.0338428604014829,8.420693775379462e-06,0.07428275306330026,5.626109419238023e-11,0.0006044554124086114,0.0006128761061839909
13.856406455999998,8,1.0301574308496697,1.1052900226404816e-05,0.11093988265138427,9.600969314718828e-11,0.0007896148305519289,0.0008006677307783337
15.588457262999997,8,1.025979016718133,1.4067644992010742e-05,0.15805888955675818,1.5384818426161456e-10,0.0009995422537953074,0.0010136098987873182
17.32050807,8,1.0213068469108526,1.7477323605019635e-05,0.21698083362185144,2.3459634251579645e-10,0.0012342764227220243,0.001251753746327044
19.052558877,8,1.016139956177518,2.129602554012955e-05,0.28906204772161004,3.4365813952215996e-10,0.001493865832407976,0.0015151618579481055
20.784609684,8,1.0104771504121057,2.5540160195181016e-05,0.375685520237145,4.870301114939025e-10,0.0017783704758535402,0.0018039106360487212
22.516660491,8,1.0043169650933836,3.0227699241436312e-05,0.4782543405468413,6.713120507130983e-10,0.0020878639319714095,0.0021180916312128458
24.248711298,8,0.9976576224225115,3.537948152976256e-05,0.5982146057960752,9.037204951065819e-10,0.0024224355190334947,0.0024578150005632573
25.980762104999997,8,0.9904969800260197,4.101863836325492e-05,0.7370526450344054,1.1921055620119328e-09,0.0027821928718811425,0.0028232115102443975
27.712812911999997,8,0.9828324750987916,4.717071576143539e-05,0.8963011791652513,1.5449717553420393e-09,0.0031672647482337787,0.003214435463995214
29.444863719,8,0.9746610641657112,5.3864901671030196e-05,1.077567783432411,1.9715034735096533e-09,0.003577804055119927,0.003631668956790957
31.176914525999994,8,0.965979153592351,6.113402073748553e-05,1.2825440663339311,2.4815960629504767e-09,0.00401399134008507,0.004075125360822556
32.908965333,8,0.9567825198834106,6.901338309428517e-05,1.512988533066232,3.0858934043554743e-09,0.004476038795472423,0.004545052178566708
34.64101614,8,0.9470662292281886,7.75442998661724e-05,1.7708085418133164,3.795833192816448e-09,0.004964194300533464,0.005041738600399637
36.373066947,8,0.9368245360223324,8.677189940597962e-05,2.058025041078134,4.623701288089275e-09,0.0054787465197898965,0.005565518419195876
38.105117754,8,0.926050778036609,9.674790427216529e-05,2.376845776163278,5.582696778897286e-09,0.006020030169852352,0.006116778074124517
39.837168561,8,0.9147372486314072,0.00010752897449828325,2.7296383431580744,6.687009741168571e-09,0.006588432439483004,0.006695961413981287
41.569219368,8,0.9028750619717021,0.00011918051372550309,3.1190359049485914,7.951914094898e-09,0.0071843997613214635,0.007303580275046967
43.301270175000006,8,0.8904539900513107,0.00013177652639795312,3.5479521350003185,9.393878505472148e-09,0.007808445999938201,0.007940222526336154
45.033320982,8,0.8774622755856194,0.0001454000154461621,4.019607087819048,1.1030698970009385e-08,0.008461161852278406,0.008606561867724568
46.76537178899999,8,0.8638864222220275,0.0001601471440857427,4.537658174943959,1.2881657628365551e-08,0.009143225387685012,0.009303372531770755
48.497422596,8,0.8497109388759323,0.00017612698975955077,5.106216509126858,1.4967713512151907e-08,0.009855414892697244,0.010031541882456795
50.229473403,8,0.8349180468644157,0.00019346542706411007,5.729979614130848,1.7311732491536813e-08,0.010598623584927374,0.010792089011991484
51.96152420999999,8,0.8194873300889103,0.00021230872477140394,6.414364724972344,1.9938765737685694e-08,0.011373877188209858,0.011586185912981262
53.693575017,8,0.8033953143915142,0.00023282713773808972,7.165647998983253,2.2876388787735152e-08,0.012182355066132413,0.012415182203870502
55.425625823999994,8,0.7866149630830197,0.00025522105485276114,7.991187959054985,2.615511706934977e-08,0.013025415567178402,0.013280636622031163
57.157676630999994,8,0.769115054782316,0.0002797256717443908,8.899612203141261,2.9808918942159505e-08,0.013904627282655515,0.014184352954399905
58.889727438,8,0.7508594313591821,0.0003066232223756238,9.901251166449681,3.3875854588868354e-08,0.014821806830751337,0.015128430053126961
60.621778245,8,0.7318060449693333,0.000336251587075731,11.008474485727078,3.8398879427885506e-08,0.01577906673438144,0.01611531832145717
62.35382905199999,8,0.7119057720435329,0.0003690220013985446,12.23633526774347,4.3426865666767014e-08,0.01677887500748263,0.017147897008881176
64.085879859,8,0.6911008933439322,0.000405439927155804,13.603344541668507,4.901591764068158e-08,0.017824131518400097,0.0182295714455559
65.817930666,8,0.6693231273705338,0.0004461339867682934,15.132542319391693,5.523108972680838e-08,0.018918266793380982,0.019364400780149275
67.549981473,8,0.6464910510722937,0.0004918987124318264,16.853072924615656,6.21486667018746e-08,0.020065371602454345,0.02055727031488617
69.28203228,8,0.6225066420031247,0.0005437530258340928,18.80234978641511,6.98592472308265e-08,0.021270370684738735,0.021814123710572828
71.014083087,8,0.5972505748547807,0.0006030313837079859,21.029415924525345,7.847200296145644e-08,0.022539259055017094,0.02314229043872508
72.746133894,8,0.5705756484128035,0.000671517794431864,23.59989906142987,8.81207080866503e-08,0.023879432239600783,0.024550950034032647
74.47818470099999,8,0.5422973969437681,0.0007516623522243471,26.604007174395107,9.897252462516624e-08,0.025300157968991266,0.026051820321215613
76.210235508,8,0.5121802714767207,0.0008469392622039162,30.16975346007094,1.1124124623973796e-07,0.026813270443189624,0.02766020970539354
77.94228631499999,8,0.4799165703511923,0.0009624590159433843,34.48558895021654,1.25208095903421e-07,0.028434228880616187,0.02939668789655957
79.674337122,8,0.445093126484159,0.001106107001648926,39.842495762723836,1.412560563558583e-07,0.030183791180889735,0.03128989818253866
81.406387929,8,0.4071362154104349,0.0012908016855297522,46.71752126198632,1.5993017594144112e-07,0.03209078179626337,0.033381583481793126
83.138438736,8,0.3652161298542005,0.0015394365956451495,55.956714759647575,1.8205228091639018e-07,0.034196885994155775,0.035736322589800924
84.87048954299999,8,0.3180757219643905,0.0018971452243583542,69.22957845107376,2.0896335858929294e-07,0.03656526405516677,0.03846240927952512
86.60254035000001,8,0.26373516905313865,0.0024673806089197114,90.36795060387524,2.43114750363731e-07,0.039295384117747634,0.041762764726667345
0.0,64,1.0458739947719735,-1.1102230246251565e-16,-0.0,4.5499425913339236e-35,0.0,-1.1102230246251565e-16
1.7320508069999998,64,1.0456283601864413,4.232728700870325e-08,0.0002164343828916779,2.3431021972091038e-14,6.170455342259345e-06,6.212782629268048e-06
3.4641016139999996,64,1.0448914308325468,1.694856097689268e-07,0.0017317218237844706,3.749161007384706e-13,2.468246438510213e-05,2.4851949994871058e-05
5.196152421,64,1.0436631280801865,3.8196812113255874e-07,0.005845391391999615,1.898182455431545e-12,5.553800235339348e-05,5.5919970474526036e-05
6.928203227999999,64,1.0419433149447577,6.805973760126705e-07,0.013858205672088522,5.999965124407971e-12,9.87405103642389e-05,9.942110774025157e-05
8.660254035,64,1.0397317872813572,1.0665971454937306e-06,0.027074590793000595,1.465085834349409e-11,0.00015429511663281155,0.00015536171377830528
10.392304842,64,1.0370282609754957,1.5414275305047909e-06,0.04680000177617588,3.03866416568777e-11,0.00022220895824758092,0.0002237503857780857
12.124355649,64,1.0338323562292584,2.1070787290522475e-06,0.07434951318453847,5.631021603293916e-11,0.00030249157590929107,0.0003045986546383433
13.856406455999998,64,1.0301435771067968,2.7657527210678268e-06,0.11104044487752907,9.609432560630578e-11,0.0003951554277577373,0.0003979211804788051
15.588457262999997,64,1.0259612883685403,3.5202143191526147e-06,0.15820566927382002,1.5398528254188768e-10,0.0005002164713071852,0.0005037366856263378
17.32050807,64,1.0212846871757293,4.3734300776421264e-06,0.2171815526794005,2.348079565431789e-10,0.0006176948742416831,0.0006220683043193252
19.052558877,64,1.0161127723691878,5.3292057513587565e-06,0.28933972274097675,3.439723375182018e-10,0.0007476157861466312,0.0007529449918979899
20.784609684,64,1.0104443069653897,6.3913561185735546e-06,0.37604994679650566,4.874820309164132e-10,0.0008900102806250869,0.0008964016367436604
22.516660491,64,1.0042777789956072,7.564596853804062e-06,0.4787290309858676,6.719451015990276e-10,0.001044916339036605,0.001052480935890409
24.248711298,64,0.9976113551967403,8.854108577649455e-06,0.598823538684685,9.045877455027242e-10,0.00121238001380522,0.0012212341223828695
25.980762104999997,64,0.9904428304069461,1.0265703953349359e-05,0.7378237674875854,1.1932713409639753e-09,0.001392456699624816,0.0014027224035781654
27.712812911999997,64,0.982769570879694,1.1805850647750304e-05,0.8972705617622639,1.5465135161202785e-09,0.001585212557436517,0.0015970184080842673
29.444863719,64,0.9745884514871332,1.3481901853795719e-05,1.0787786486088797,1.9735139687639956e-09,0.0017907260919093563,0.001804207993763152
31.176914525999994,64,0.9658957847302223,1.5301812560597483e-05,1.2840215155818633,2.484185894803339e-09,0.0020090899347389563,0.002024391747299554
32.908965333,64,0.9566872432511024,1.7274838915781743e-05,1.5147949478961666,3.089194026718832e-09,0.002240412791172826,0.0022576876300886076
34.64101614,64,0.9469577712786621,1.9411341491970546e-05,1.7730134278029914,3.8000004613297856e-09,0.002484821664539088,0.0025042330060310587
36.373066947,64,0.9367014849462438,2.172252823484655e-05,2.060694743623629,4.628919676184806e-09,0.002742464360312166,0.0027641868885470125
38.105117754,64,0.9259115619733396,2.4221370679367027e-05,2.3800531099062683,5.589184408177842e-09,0.00301351225736005,0.003037733628039417
39.837168561,64,0.9145801141822396,2.692240354806863e-05,2.733495872887986,6.6950244126750904e-09,0.0032981635103855223,0.003325085913933591
41.569219368,64,0.9026980428587996,2.9841959171994503e-05,3.123659220669731,7.961760557869288e-09,0.003596646683331149,0.0036264886425031433
43.301270175000006,64,0.8902548733090205,3.299874403372982e-05,3.5534826837169584,9.405917265931559e-09,0.003909224905395145,0.003942223649428875
45.033320982,64,0.8772385621581489,3.641373649720947e-05,4.026215897844829,1.1045357028625593e-08,0.004236200711767844,0.004272614448265054
46.76537178899999,64,0.8636352750709055,4.0111055540137386e-05,4.545530070236576,1.2899441653582476e-08,0.004577921627403211,0.004618032682943349
48.497422596,64,0.8494291254063266,4.4118563252704135e-05,5.115608978871967,1.498922611207989e-08,0.004934786732131126,0.00497890529538383
50.229473403,64,0.8346018642953328,4.8468033921666986e-05,5.741192925524924,1.7337692463268425e-08,0.0053072544460533696,0.0053557224799750365
51.96152420999999,64,0.8191325135428591,5.3196355750184665e-05,6.427744262671157,1.9970033470132525e-08,0.005695851751213325,0.00574904810696351
53.693575017,64,0.8029969245679509,5.8346950615906223e-05,7.181650419285862,2.2913998410479768e-08,0.00610118527122646,0.006159532221842366
55.425625823999994,64,0.7861672414980538,6.397060478935401e-05,8.010363949344146,2.6200317531068705e-08,0.006523954758602155,0.006587925363391509
57.157676630999994,64,0.7686112450114944,7.012721321197901e-05,8.922659457275731,2.9863227053865026e-08,0.006964969577726592,0.007035096790938571
58.889727438,64,0.7502915410076652,7.688838740804727e-05,9.92901174421921,3.394112431484853e-08,0.007425169085846071,0.0075020574732541185
60.621778245,64,0.7311645445033661,8.434073595608993e-05,11.042077590862686,3.847739356816424e-08,0.007905648158064788,0.007989988894020878
62.35382905199999,64,0.7111791894924173,9.258955181379314e-05,12.277248765634411,4.352145890657777e-08,0.008407689596273034,0.008500279148086827
64.085879859,64,0.6902752712933236,0.00010176437465525545,13.65347159200929,4.9130144347576976e-08,0.008932805770146914,0.009034570144802169
65.817930666,64,0.6683812827615754,0.00011202695314427302,15.194417070973502,5.536945690009876e-08,0.00948279297250444,0.009594819925648713
67.549981473,64,0.6454115401195883,0.0001235825893695086,16.93014928738323,6.231696399373535e-08,0.010059803619797865,0.010183386209167374
69.28203228,64,0.6212622856828789,0.00013669526691817424,18.899363884477417,7.006502543535953e-08,0.010666444153449656,0.01080313942036783
71.014083087,64,0.5958062990317867,0.00015171360149013324,21.153190198570563,7.872528651190368e-08,0.011305910409731963,0.011457624011222096
72.746133894,64,0.568885223238758,0.00016910568709671558,23.760343864645595,8.8435089472149e-08,0.011982180388515975,0.01215128607561269
74.47818470099999,64,0.5402983415574061,0.00018952074389866347,26.816184261548123,9.936690817001736e-08,0.012700296188076825,0.012889816931975488
76.210235508,64,0.5097855298227421,0.0002138886301521481,30.45737010560732,1.1174275111124831e-07,0.01346679224875005,0.013680680878902198
77.94228631499999,64,0.4770002399802612,0.00024359722567468545,34.887971729291294,1.2585715445166514e-07,0.014290374019280324,0.014533971244955009
79.674337122,64,0.44146435867836786,0.0002808327115861875,40.42955066899619,1.421159853565251e-07,0.015183051930031789,0.015463884641617976
81.406387929,64,0.40248750097006947,0.0003292797510450196,47.624237836838525,1.6110674996802187e-07,0.01616216877283954,0.01649144852388456
83.138438736,64,0.35900957796889377,0.00039576295624077495,57.476368989029126,1.8373859371916012e-07,0.017254354474912862,0.017650117431153637
84.87048954299999,64,0.3092548436690906,0.0004947678948996614,72.11810309757655,2.115604891805278e-07,0.018504216604049814,0.018998984498949475
86.60254035000001,64,0.24983138931227217,0.0006645451185385287,97.18092130739089,2.476455380950288e-07,0.019996961490105405,0.020661506608643933
