foam_grain_envelope_density_kg_m3,material_price_yen_kg_assumed,carrier_mass_kg,raw_carrier_cost_yen_tax_excluded,quote
60,500,29700.000000000004,14850000.000000002,False
60,1000,29700.000000000004,29700000.000000004,False
60,3000,29700.000000000004,89100000.00000001,False
100,500,49500.00000000001,24750000.000000004,False
100,1000,49500.00000000001,49500000.00000001,False
100,3000,49500.00000000001,148500000.00000003,False
200,500,99000.00000000001,49500000.00000001,False
200,1000,99000.00000000001,99000000.00000001,False
200,3000,99000.00000000001,297000000.00000006,False
