renewed_fraction,bridge_strength_MPa,selectivity,solids_mass_fraction,solid_feed_kg,carrier_water_kg,ideal_drying_min,drying_energy_bound_within_window,assembly_rate_verified
0.1,0.1,0.01,0.2,27000.0,108000.0,21600.0,False,False
0.1,0.1,0.01,0.5,27000.0,27000.0,5400.0,False,False
0.1,0.1,0.1,0.2,2700.0,10800.0,2160.0,False,False
0.1,0.1,0.1,0.5,2700.0,2700.0,540.0,False,False
0.1,0.1,0.25,0.2,1080.0,4320.0,864.0,False,False
0.1,0.1,0.25,0.5,1080.0,1080.0,216.0,False,False
0.1,0.1,0.5,0.2,540.0,2160.0,432.0,False,False
0.1,0.1,0.5,0.5,540.0,540.0,108.0,False,False
0.1,0.1,1,0.2,270.0,1080.0,216.0,False,False
0.1,0.1,1,0.5,270.0,270.0,54.0,False,False
0.1,1.0,0.01,0.2,2699.9999999999995,10799.999999999996,2159.999999999999,False,False
0.1,1.0,0.01,0.5,2699.9999999999995,2699.9999999999995,539.9999999999999,False,False
0.1,1.0,0.1,0.2,269.99999999999994,1079.9999999999998,215.99999999999997,False,False
0.1,1.0,0.1,0.5,269.99999999999994,269.99999999999994,53.99999999999999,False,False
0.1,1.0,0.25,0.2,107.99999999999999,431.99999999999994,86.39999999999999,False,False
0.1,1.0,0.25,0.5,107.99999999999999,107.99999999999999,21.599999999999998,True,False
0.1,1.0,0.5,0.2,53.99999999999999,215.99999999999997,43.199999999999996,False,False
0.1,1.0,0.5,0.5,53.99999999999999,53.99999999999999,10.799999999999999,True,False
0.1,1.0,1,0.2,26.999999999999996,107.99999999999999,21.599999999999998,True,False
0.1,1.0,1,0.5,26.999999999999996,26.999999999999996,5.3999999999999995,True,False
0.1,10.0,0.01,0.2,269.99999999999994,1079.9999999999998,215.99999999999997,False,False
0.1,10.0,0.01,0.5,269.99999999999994,269.99999999999994,53.99999999999999,False,False
0.1,10.0,0.1,0.2,26.999999999999996,107.99999999999999,21.599999999999998,True,False
0.1,10.0,0.1,0.5,26.999999999999996,26.999999999999996,5.3999999999999995,True,False
0.1,10.0,0.25,0.2,10.799999999999999,43.19999999999999,8.639999999999997,True,False
0.1,10.0,0.25,0.5,10.799999999999999,10.799999999999999,2.1599999999999997,True,False
0.1,10.0,0.5,0.2,5.3999999999999995,21.599999999999994,4.3199999999999985,True,False
0.1,10.0,0.5,0.5,5.3999999999999995,5.3999999999999995,1.0799999999999998,True,False
0.1,10.0,1,0.2,2.6999999999999997,10.799999999999997,2.1599999999999993,True,False
0.1,10.0,1,0.5,2.6999999999999997,2.6999999999999997,0.5399999999999999,True,False
1,0.1,0.01,0.2,270000.0,1080000.0,216000.0,False,False
1,0.1,0.01,0.5,270000.0,270000.0,54000.0,False,False
1,0.1,0.1,0.2,27000.0,108000.0,21600.0,False,False
1,0.1,0.1,0.5,27000.0,27000.0,5400.0,False,False
1,0.1,0.25,0.2,10800.0,43200.0,8640.0,False,False
1,0.1,0.25,0.5,10800.0,10800.0,2160.0,False,False
1,0.1,0.5,0.2,5400.0,21600.0,4320.0,False,False
1,0.1,0.5,0.5,5400.0,5400.0,1080.0,False,False
1,0.1,1,0.2,2700.0,10800.0,2160.0,False,False
1,0.1,1,0.5,2700.0,2700.0,540.0,False,False
1,1.0,0.01,0.2,26999.999999999993,107999.99999999997,21599.999999999996,False,False
1,1.0,0.01,0.5,26999.999999999993,26999.999999999993,5399.999999999999,False,False
1,1.0,0.1,0.2,2699.999999999999,10799.999999999996,2159.999999999999,False,False
1,1.0,0.1,0.5,2699.999999999999,2699.999999999999,539.9999999999998,False,False
1,1.0,0.25,0.2,1079.9999999999998,4319.999999999999,863.9999999999999,False,False
1,1.0,0.25,0.5,1079.9999999999998,1079.9999999999998,215.99999999999997,False,False
1,1.0,0.5,0.2,539.9999999999999,2159.9999999999995,431.99999999999994,False,False
1,1.0,0.5,0.5,539.9999999999999,539.9999999999999,107.99999999999999,False,False
1,1.0,1,0.2,269.99999999999994,1079.9999999999998,215.99999999999997,False,False
1,1.0,1,0.5,269.99999999999994,269.99999999999994,53.99999999999999,False,False
1,10.0,0.01,0.2,2699.9999999999995,10799.999999999996,2159.999999999999,False,False
1,10.0,0.01,0.5,2699.9999999999995,2699.9999999999995,539.9999999999999,False,False
1,10.0,0.1,0.2,269.99999999999994,1079.9999999999998,215.99999999999997,False,False
1,10.0,0.1,0.5,269.99999999999994,269.99999999999994,53.99999999999999,False,False
1,10.0,0.25,0.2,107.99999999999999,431.99999999999994,86.39999999999999,False,False
1,10.0,0.25,0.5,107.99999999999999,107.99999999999999,21.599999999999998,True,False
1,10.0,0.5,0.2,53.99999999999999,215.99999999999997,43.199999999999996,False,False
1,10.0,0.5,0.5,53.99999999999999,53.99999999999999,10.799999999999999,True,False
1,10.0,1,0.2,26.999999999999996,107.99999999999999,21.599999999999998,True,False
1,10.0,1,0.5,26.999999999999996,26.999999999999996,5.3999999999999995,True,False
