projected_area_fraction,whole_surface_coated_fraction,crystal_load_fraction,specific_wear_ratio,crystal_pressure_MPa,initial_thickness_um,initial_stock_kg,initial_purchase_JPY,same_thickness_lifetime_ratio,equal_life_thickness_um,equal_life_stock_kg,equal_life_purchase_JPY,illustrative_pressure_screen
0.2,0.2,0.7499999999999999,0.5,7.499999999999998,0.5,720.0,9000000.0,0.5333333333333334,0.9374999999999998,1349.9999999999998,16874999.999999996,False
0.2,0.2,0.7499999999999999,1,7.499999999999998,0.5,720.0,9000000.0,0.2666666666666667,1.8749999999999996,2699.9999999999995,33749999.99999999,False
0.2,0.2,0.7499999999999999,2,7.499999999999998,0.5,720.0,9000000.0,0.13333333333333336,3.749999999999999,5399.999999999999,67499999.99999999,False
0.3,0.3,0.7499999999999999,0.5,4.999999999999999,0.5,1080.0,13500000.0,0.8,0.625,1350.0,16875000.0,True
0.3,0.3,0.7499999999999999,1,4.999999999999999,0.5,1080.0,13500000.0,0.4,1.25,2700.0,33750000.0,True
0.3,0.3,0.7499999999999999,2,4.999999999999999,0.5,1080.0,13500000.0,0.2,2.5,5400.0,67500000.0,True
0.5,0.5,0.7499999999999999,0.5,2.9999999999999996,0.5,1800.0,22500000.0,1.3333333333333335,0.37499999999999994,1349.9999999999998,16874999.999999996,True
0.5,0.5,0.7499999999999999,1,2.9999999999999996,0.5,1800.0,22500000.0,0.6666666666666667,0.7499999999999999,2699.9999999999995,33749999.99999999,True
0.5,0.5,0.7499999999999999,2,2.9999999999999996,0.5,1800.0,22500000.0,0.33333333333333337,1.4999999999999998,5399.999999999999,67499999.99999999,True
0.75,0.75,0.7499999999999999,0.5,1.9999999999999998,0.5,2700.0,33750000.0,2.0000000000000004,0.24999999999999994,1349.9999999999998,16874999.999999996,True
0.75,0.75,0.7499999999999999,1,1.9999999999999998,0.5,2700.0,33750000.0,1.0000000000000002,0.4999999999999999,2699.9999999999995,33749999.99999999,True
0.75,0.75,0.7499999999999999,2,1.9999999999999998,0.5,2700.0,33750000.0,0.5000000000000001,0.9999999999999998,5399.999999999999,67499999.99999999,True
