slow_area_fraction,k_fast_over_k_slow,slow_phase_load_fraction,p_slow_over_mean,p_fast_over_mean,k_effective_over_k_slow,k_effective_over_k_fast
0.01,1,0.01,1.0,1.0,1.0,1.0
0.01,3,0.029411764705882353,2.941176470588235,0.9803921568627451,2.941176470588235,0.9803921568627451
0.01,10,0.09174311926605505,9.174311926605505,0.9174311926605505,9.174311926605505,0.9174311926605504
0.01,30,0.23255813953488372,23.25581395348837,0.7751937984496123,23.25581395348837,0.7751937984496123
0.01,100,0.5025125628140703,50.25125628140703,0.5025125628140703,50.25125628140703,0.5025125628140703
0.05,1,0.05,1.0,1.0,1.0,1.0
0.05,3,0.13636363636363638,2.7272727272727275,0.9090909090909092,2.7272727272727275,0.9090909090909092
0.05,10,0.3448275862068966,6.896551724137931,0.689655172413793,6.896551724137931,0.689655172413793
0.05,30,0.6122448979591837,12.244897959183673,0.4081632653061224,12.244897959183673,0.4081632653061224
0.05,100,0.8403361344537814,16.806722689075627,0.16806722689075626,16.806722689075627,0.1680672268907563
0.1,1,0.1,1.0,1.0,1.0,1.0
0.1,3,0.25,2.5,0.8333333333333334,2.5,0.8333333333333333
0.1,10,0.5263157894736843,5.2631578947368425,0.5263157894736843,5.2631578947368425,0.5263157894736842
0.1,30,0.7692307692307692,7.692307692307692,0.2564102564102564,7.692307692307692,0.2564102564102564
0.1,100,0.9174311926605503,9.174311926605503,0.09174311926605502,9.174311926605503,0.09174311926605502
0.2,1,0.2,1.0,1.0,1.0,1.0
0.2,3,0.4285714285714286,2.142857142857143,0.7142857142857143,2.142857142857143,0.7142857142857143
0.2,10,0.7142857142857143,3.571428571428571,0.3571428571428571,3.571428571428571,0.3571428571428571
0.2,30,0.8823529411764706,4.411764705882352,0.14705882352941174,4.411764705882352,0.14705882352941174
0.2,100,0.9615384615384616,4.8076923076923075,0.04807692307692307,4.8076923076923075,0.04807692307692307
0.5,1,0.5,1.0,1.0,1.0,1.0
0.5,3,0.75,1.5,0.5,1.5,0.5
0.5,10,0.9090909090909091,1.8181818181818181,0.18181818181818182,1.8181818181818181,0.18181818181818182
0.5,30,0.9677419354838709,1.9354838709677418,0.06451612903225806,1.9354838709677418,0.06451612903225806
0.5,100,0.9900990099009901,1.9801980198019802,0.019801980198019802,1.9801980198019802,0.019801980198019802
