thickness_um,flat_cap_mass_kg,grooved_cap_mass_kg,cap_price_yen_kg,net_material_yen,minimum_life_gain_vs_body_only
3,667.7203262774143,604.28689528106,1000,604286.89528106,1.0043155560493326
3,667.7203262774143,604.28689528106,3000,1812860.68584318,1.0129466681479982
3,667.7203262774143,604.28689528106,10000,6042868.9528105995,1.0431555604933271
5,1112.8672104623574,1049.433779466003,1000,1049433.779466003,1.0074946028628375
5,1112.8672104623574,1049.433779466003,3000,3148301.338398009,1.0224838085885126
5,1112.8672104623574,1049.433779466003,10000,10494337.79466003,1.074946028628375
10,2225.734420924715,2162.3009899283607,1000,2162300.9899283606,1.0154422198965996
10,2225.734420924715,2162.3009899283607,3000,6486902.969785082,1.0463266596897984
10,2225.734420924715,2162.3009899283607,10000,21623009.899283607,1.1544221989659944
