E_MPa,d_um,contact_fraction_1D,tau_assumed_MPa,mu_interface_only,predicted_ski_mu
10.0,2.0,0.14453125,0.03,0.004982420097371359,False
10.0,2.0,0.14453125,0.1,0.01660806699123786,False
10.0,2.0,0.14453125,0.3,0.04982420097371359,False
10.0,5.0,0.50390625,0.03,0.017371140339483927,False
10.0,5.0,0.50390625,0.1,0.057903801131613086,False
10.0,5.0,0.50390625,0.3,0.17371140339483926,False
10.0,10.0,0.6640625,0.03,0.022892200447381918,False
10.0,10.0,0.6640625,0.1,0.07630733482460639,False
10.0,10.0,0.6640625,0.3,0.22892200447381916,False
10.0,24.999999999999996,1.0,0.03,0.034472960673704534,False
10.0,24.999999999999996,1.0,0.1,0.11490986891234845,False
10.0,24.999999999999996,1.0,0.3,0.34472960673704534,False
10.0,49.99999999999999,1.0,0.03,0.034472960673704534,False
10.0,49.99999999999999,1.0,0.1,0.11490986891234845,False
10.0,49.99999999999999,1.0,0.3,0.34472960673704534,False
30.0,2.0,0.10546875,0.03,0.003635820071054775,False
30.0,2.0,0.10546875,0.1,0.012119400236849251,False
30.0,2.0,0.10546875,0.3,0.03635820071054775,False
30.0,5.0,0.25390625,0.03,0.008752900171057792,False
30.0,5.0,0.25390625,0.1,0.029176333903525975,False
30.0,5.0,0.25390625,0.3,0.08752900171057792,False
30.0,10.0,0.53515625,0.03,0.018448420360537194,False
30.0,10.0,0.53515625,0.1,0.061494734535123975,False
30.0,10.0,0.53515625,0.3,0.18448420360537193,False
30.0,24.999999999999996,0.7421875,0.03,0.025585400500015086,False
30.0,24.999999999999996,0.7421875,0.1,0.08528466833338362,False
30.0,24.999999999999996,0.7421875,0.3,0.2558540050001508,False
30.0,49.99999999999999,0.9765625,0.03,0.033665000657914584,False
30.0,49.99999999999999,0.9765625,0.1,0.11221666885971528,False
30.0,49.99999999999999,0.9765625,0.3,0.33665000657914584,False
100.0,2.0,0.07421875,0.03,0.0025585400500015083,False
100.0,2.0,0.07421875,0.1,0.008528466833338362,False
100.0,2.0,0.07421875,0.3,0.025585400500015086,False
100.0,5.0,0.10546875,0.03,0.003635820071054775,False
100.0,5.0,0.10546875,0.1,0.012119400236849251,False
100.0,5.0,0.10546875,0.3,0.03635820071054775,False
100.0,10.0,0.21484375,0.03,0.007406300144741209,False
100.0,10.0,0.21484375,0.1,0.024687667149137362,False
100.0,10.0,0.21484375,0.3,0.07406300144741208,False
100.0,24.999999999999996,0.37890625,0.03,0.013062020255270859,False
100.0,24.999999999999996,0.37890625,0.1,0.04354006751756953,False
100.0,24.999999999999996,0.37890625,0.3,0.1306202025527086,False
100.0,49.99999999999999,0.4296875,0.03,0.014812600289482418,False
100.0,49.99999999999999,0.4296875,0.1,0.049375334298274724,False
100.0,49.99999999999999,0.4296875,0.3,0.14812600289482417,False
