case,x_um,height_um,pressure_MPa,gap_um
2,0.0,0.5,13.565880048380075,1.1102230246251565e-16
2,0.7421874999999999,0.4987208863421003,13.458882191970028,-1.1102230246251565e-16
2,1.4843749999999998,0.49489518415210065,13.143565975714612,1.1102230246251565e-16
2,2.2265625,0.4885576981027247,12.622471507775657,1.1102230246251565e-16
2,2.9687499999999996,0.47976606479587086,11.910036522751962,-1.1102230246251565e-16
2,3.7109374999999996,0.46860019973676625,11.01623198141214,-2.220446049250313e-16
2,4.453125,0.45516153056683156,9.96492053897698,1.1102230246251565e-16
2,5.195312499999999,0.4395720239379195,8.772082523291935,1.1102230246251565e-16
2,5.937499999999999,0.4219730153974445,7.472918056552437,0.0
2,6.6796875,0.4025238535505435,6.087129809170339,-1.1102230246251565e-16
2,7.421874999999999,0.38140037155353657,4.671249277734265,-1.1102230246251565e-16
2,8.1640625,0.35879320065535936,3.24213523822911,1.1102230246251565e-16
2,8.90625,0.33490594202432467,1.9149911289664447,-1.1102230246251565e-16
2,9.6484375,0.30995321446187474,0.332096098470091,2.220446049250313e-16
2,10.390624999999998,0.2841585967997873,0.0,0.028153479924442726
2,11.132812499999998,0.25775248479107493,0.0,0.06878933196757242
2,11.874999999999998,0.2309698831278217,0.0,0.1085284070109015
2,12.6171875,0.2040481538434925,0.0,0.14524614940149927
2,13.359375,0.17722474277682873,0.0,0.17903554650708964
2,14.101562499999998,0.1507349059852633,0.0,0.21061104310586665
2,14.843749999999998,0.12480945799581633,0.0,0.2402746753362205
2,15.585937499999998,0.09967256357067844,0.0,0.26825221907706975
2,16.328125,0.07553959424516743,0.0,0.2945214575615125
2,17.0703125,0.052615070271515435,0.0,0.3190848878486504
2,17.8125,0.03109070777899944,0.0,0.34184007710071573
2,18.5546875,0.01114358994721168,0.0,0.3627316840003513
2,19.296875,-0.0070655202054751,0.0,0.3816468013743016
2,20.039062499999996,-0.023393709180437178,0.0,0.39851827282673613
2,20.781249999999996,-0.037717269787137436,0.0,0.4132459621940162
2,21.523437499999996,-0.049932872306431064,0.0,0.4257743393451455
2,22.265624999999996,-0.0599585387620678,0.0,0.43603104608262633
2,23.007812499999996,-0.06773441093018245,0.0,0.443987311306847
2,23.749999999999996,-0.0732233047033631,0.0,0.4496080242539545
2,24.492187499999996,-0.07641104548378247,0.0,0.45290007049811065
2,25.234375,-0.07730658138905303,0.0,0.4538705654906995
2,25.9765625,-0.07594187319460802,0.0,0.4525663985473659
2,26.71875,-0.07237156208691028,0.0,0.449038486748467
2,27.4609375,-0.06667241844193206,0.0,0.44337468929928636
2,28.203124999999996,-0.05894257695252799,0.0,0.4356686239893125
2,28.945312499999996,-0.04930056548622294,0.0,0.4260474346882196
2,29.687499999999996,-0.03788413704173635,0.0,0.414644148776003
2,30.429687499999996,-0.024848916069137163,0.0,0.4016213608875395
2,31.171874999999996,-0.010366872206595129,0.0,0.38714640345567786
2,31.914062499999993,0.005375363850946557,0.0,0.371411740770461
2,32.65625,0.02217832611522702,0.0,0.3546124294339811
2,33.39843749999999,0.039831663100035886,0.0,0.33696383840446675
2,34.140625,0.05811619285353838,0.0,0.31868102260565034
2,34.88281249999999,0.07680604341885718,0.0,0.2999942623895985
2,35.625,0.09567085809127242,0.0,0.2811300801405887
2,36.36718749999999,0.1144780442161371,0.0,0.26232500573268347
2,37.109375,0.1329950438520871,0.0,0.24380804408620793
2,37.85156249999999,0.15099160441333842,0.0,0.22581300881583288
2,38.59375,0.16824202740488808,0.0,0.20856230568293743
2,39.3359375,0.184527373575224,0.0,0.1922781265419793
2,40.07812499999999,0.19963760323071644,0.0,0.17716745443630222
2,40.8203125,0.21337363108012875,0.0,0.1634323688874798
2,41.56249999999999,0.2255492758006689,0.0,0.15125620649297533
2,42.3046875,0.23599308553075948,0.0,0.14081319316505714
2,43.04687499999999,0.24455002168947673,0.0,0.13225571208214804
2,43.7890625,0.25108298488689285,0.0,0.12572344650554312
2,44.53124999999999,0.25547416821021185,0.0,0.12133171681448962
2,45.2734375,0.25762622483296904,0.0,0.11918028768567601
2,46.01562499999999,0.2574632386826621,0.0,0.11934273934242412
2,46.7578125,0.2549314887987773,0.0,0.12187506443520746
2,47.49999999999999,0.25,0.0,0.12680603695954884
2,48.24218749999999,0.2426608745373212,0.0,0.1341456968016339
2,48.98437499999999,0.23292940151895322,0.0,0.1438766742716313
2,49.72656249999999,0.2208439430331354,0.0,0.1559626339460507
2,50.46875,0.2064655980454315,0.0,0.1703405045540406
2,51.21093749999999,0.1898776472872847,0.0,0.1869289286300203
2,51.953125,0.1711847844617958,0.0,0.20562133761969414
2,52.69531249999999,0.1505121411506091,0.0,0.22629443025849882
2,53.4375,0.12800411479260468,0.0,0.24880202218737635
2,54.17968749999999,0.10382301100169407,0.0,0.27298355427726506
2,54.921875,0.07814751327908459,0.0,0.29865863563186035
2,55.66406249999999,0.051170994837774916,0.0,0.325635563698059
2,56.40624999999999,0.02309968877765707,0.0,0.3537064700598541
2,57.14843749999999,-0.005849265786106964,0.0,0.3826558175120264
2,57.89062499999999,-0.03544988284402279,0.0,0.41225605018724043
2,58.63281249999999,-0.06546947405135689,0.0,0.44227601918554116
2,59.37499999999999,-0.09567085809127233,0.0,0.4724770328809048
2,60.1171875,-0.12581461358363766,0.0,0.5026211524830392
2,60.85937499999999,-0.15566135386160226,0.0,0.5324675352690543
2,61.6015625,-0.18497400172726738,0.0,0.5617805348068808
2,62.34374999999999,-0.21352004229777188,0.0,0.5903262296470754
2,63.08593749999999,-0.24107373226394532,0.0,0.6178802599531915
2,63.828124999999986,-0.2674182443032058,0.0,0.6442244370236822
2,64.5703125,-0.2923477260126859,0.0,0.6691542487327141
2,65.3125,-0.3156692535515375,0.0,0.6924754511484535
2,66.05468749999999,-0.3372046611951456,0.0,0.7140111793478218
2,66.79687499999999,-0.35679222919874426,0.0,0.7335984312345928
2,67.5390625,-0.3742882137322454,0.0,0.7510947276955785
2,68.28125,-0.38956820416873295,0.0,0.7663744102508571
2,69.0234375,-0.4025282946714962,0.0,0.7793348047985332
2,69.76562499999999,-0.4130860588125621,0.0,0.7898922685846311
2,70.5078125,-0.42118131785231594,0.0,0.7979878244718362
2,71.25,-0.42677669529663687,0.0,0.8035829084325085
2,71.9921875,-0.4298579524059159,0.0,0.8066644558239987
2,72.73437499999999,-0.4304341014395474,0.0,0.8072403176386486
2,73.47656249999999,-0.4285372955596734,0.0,0.8053437960616247
2,74.21875,-0.42422249646850596,0.0,0.801028715452213
2,74.9609375,-0.41756692299374026,0.0,0.7943734208461134
2,75.70312499999999,-0.4086692859457976,0.0,0.7854755074544969
2,76.44531249999999,-0.3976488166285803,0.0,0.7744553120811483
2,77.1875,-0.3846440983722731,0.0,0.7614503221629044
2,77.9296875,-0.36981171235333804,0.0,0.7466182056409548
2,78.671875,-0.3533247107549686,0.0,0.7301309365989251
2,79.41406249999999,-0.33537093198367773,0.0,0.712177423328003
2,80.15624999999999,-0.3161511741783613,0.0,0.6929574018596577
2,80.8984375,-0.2958772446124943,0.0,0.6726837342235786
2,81.640625,-0.27476990378489324,0.0,0.6515761330985478
2,82.38281249999999,-0.2530567240082728,0.0,0.6298632120860091
2,83.12499999999999,-0.23096988312782177,0.0,0.6077761138784078
2,83.8671875,-0.20874391462629474,0.0,0.5855504013617522
2,84.609375,-0.18661343579172335,0.0,0.563419667792057
2,85.35156249999999,-0.1648108758346435,0.0,0.5416173614112939
2,86.09374999999999,-0.14356422584177975,0.0,0.5203704589117221
2,86.8359375,-0.12309483224236062,0.0,0.4999013168372143
2,87.578125,-0.10361525504373523,0.0,0.48042148900908577
2,88.32031249999999,-0.08532721146872094,0.0,0.4621336952533849
2,89.06249999999999,-0.06841962480417096,0.0,0.44522585949563676
2,89.80468749999999,-0.05306679725655133,0.0,0.42987328039822315
2,90.546875,-0.03942672441555897,0.0,0.4162329596677842
2,91.2890625,-0.02763956756258881,0.0,0.4044460502249988
2,92.03124999999999,-0.0178262985402276,0.0,0.3946325341908715
2,92.77343749999999,-0.01008753023662029,0.0,0.3868940125809325
2,93.515625,-0.004502543950485466,0.0,0.3813087798393363
2,94.2578125,-0.001128523006001858,0.0,0.3779350051916863
2,94.99999999999999,0.0,0.0,0.3768062359681129
2,95.74218749999999,-0.0011285230060017746,0.0,0.3779350051916861
2,96.48437499999999,-0.004502543950485437,0.0,0.3813087798393363
2,97.2265625,-0.010087530236620344,0.0,0.3868940125809325
2,97.96874999999999,-0.017826298540227378,0.0,0.3946325341908713
2,98.71093749999999,-0.02763956756258867,0.0,0.4044460502249986
2,99.45312499999999,-0.039426724415558834,0.0,0.41623295966778395
2,100.1953125,-0.05306679725655091,0.0,0.4298732803982227
2,100.9375,-0.06841962480417078,0.0,0.44522585949563653
2,101.67968749999999,-0.08532721146872076,0.0,0.46213369525338466
2,102.42187499999999,-0.10361525504373535,0.0,0.480421489009086
2,103.16406249999999,-0.12309483224236006,0.0,0.49990131683721384
2,103.90625,-0.14356422584177994,0.0,0.5203704589117223
2,104.64843749999999,-0.16481087583464366,0.0,0.5416173614112941
2,105.39062499999999,-0.18661343579172274,0.0,0.5634196677920565
2,106.13281249999999,-0.2087439146262941,0.0,0.5855504013617515
2,106.875,-0.23096988312782193,0.0,0.607776113878408
2,107.61718749999999,-0.2530567240082726,0.0,0.6298632120860089
2,108.35937499999999,-0.27476990378489263,0.0,0.6515761330985473
2,109.10156249999999,-0.2958772446124945,0.0,0.6726837342235786
2,109.84375,-0.31615117417836114,0.0,0.6929574018596575
2,110.5859375,-0.3353709319836772,0.0,0.7121774233280026
2,111.32812499999999,-0.3533247107549684,0.0,0.7301309365989247
2,112.07031249999999,-0.369811712353338,0.0,0.7466182056409548
2,112.81249999999999,-0.384644098372273,0.0,0.7614503221629044
2,113.5546875,-0.39764881662858015,0.0,0.7744553120811478
2,114.29687499999999,-0.4086692859457973,0.0,0.7854755074544967
2,115.03906249999999,-0.4175669229937402,0.0,0.7943734208461132
2,115.78124999999999,-0.4242224964685058,0.0,0.8010287154522128
2,116.5234375,-0.42853729555967335,0.0,0.8053437960616247
2,117.26562499999999,-0.4304341014395474,0.0,0.8072403176386486
2,118.00781249999999,-0.4298579524059159,0.0,0.8066644558239987
2,118.74999999999999,-0.4267766952966369,0.0,0.8035829084325087
2,119.49218749999999,-0.4211813178523161,0.0,0.7979878244718367
2,120.234375,-0.41308605881256216,0.0,0.7898922685846314
2,120.97656249999999,-0.40252829467149615,0.0,0.779334804798533
2,121.71874999999999,-0.3895682041687334,0.0,0.7663744102508575
2,122.46093749999999,-0.3742882137322458,0.0,0.751094727695579
2,123.203125,-0.3567922291987444,0.0,0.733598431234593
2,123.94531249999997,-0.33720466119514547,0.0,0.7140111793478218
2,124.68749999999999,-0.3156692535515374,0.0,0.6924754511484533
2,125.4296875,-0.2923477260126857,0.0,0.6691542487327139
2,126.17187499999999,-0.26741824430320604,0.0,0.6442244370236824
2,126.91406249999999,-0.24107373226394566,0.0,0.6178802599531917
2,127.65624999999997,-0.21352004229777213,0.0,0.5903262296470756
2,128.3984375,-0.18497400172726766,0.0,0.5617805348068811
2,129.140625,-0.15566135386160207,0.0,0.5324675352690541
2,129.88281249999997,-0.12581461358363824,0.0,0.5026211524830396
2,130.625,-0.0956708580912721,0.0,0.47247703288090437
2,131.3671875,-0.06546947405135664,0.0,0.44227601918554094
2,132.10937499999997,-0.03544988284402281,0.0,0.41225605018724043
2,132.8515625,-0.005849265786107255,0.0,0.3826558175120268
2,133.59374999999997,0.023099688777655752,0.0,0.35370647005985556
2,134.3359375,0.05117099483777465,0.0,0.32563556369805924
2,135.078125,0.07814751327908433,0.0,0.2986586356318607
2,135.82031249999997,0.1038230110016936,0.0,0.2729835542772656
2,136.5625,0.1280041147926044,0.0,0.24880202218737635
2,137.30468749999997,0.1505121411506085,0.0,0.2262944302584995
2,138.046875,0.17118478446179541,0.0,0.2056213376196946
2,138.7890625,0.18987764728728487,0.0,0.1869289286300202
2,139.53124999999997,0.20646559804543108,0.0,0.17034050455404104
2,140.2734375,0.2208439430331354,0.0,0.1559626339460507
2,141.015625,0.2329294015189531,0.0,0.14387667427163153
2,141.75781249999997,0.2426608745373211,0.0,0.13414569680163402
2,142.5,0.24999999999999994,0.0,0.12680603695954884
2,143.24218749999997,0.25493148879877725,0.0,0.12187506443520757
2,143.984375,0.2574632386826621,0.0,0.1193427393424239
2,144.7265625,0.2576262248329691,0.0,0.1191802876856759
2,145.46874999999997,0.2554741682102119,0.0,0.12133171681448951
2,146.2109375,0.25108298488689273,0.0,0.12572344650554323
2,146.95312499999997,0.24455002168947695,0.0,0.1322557120821478
2,147.6953125,0.23599308553075982,0.0,0.14081319316505692
2,148.4375,0.2255492758006689,0.0,0.15125620649297522
2,149.17968749999997,0.21337363108012883,0.0,0.16343236888747947
2,149.921875,0.1996376032307166,0.0,0.1771674544363021
2,150.66406249999997,0.1845273735752247,0.0,0.19227812654197862
2,151.40624999999997,0.16824202740488822,0.0,0.2085623056829372
2,152.1484375,0.15099160441333873,0.0,0.22581300881583244
2,152.89062499999997,0.13299504385208744,0.0,0.2438080440862075
2,153.6328125,0.11447804421613693,0.0,0.2623250057326836
2,154.375,0.09567085809127225,0.0,0.2811300801405888
2,155.11718749999997,0.07680604341885786,0.0,0.29999426238959803
2,155.859375,0.05811619285353839,0.0,0.31868102260565045
2,156.60156249999997,0.039831663100036066,0.0,0.3369638384044664
2,157.34375,0.022178326115227034,0.0,0.35461242943398097
2,158.0859375,0.005375363850946709,0.0,0.3714117407704607
2,158.82812499999997,-0.010366872206594406,0.0,0.3871464034556772
2,159.5703125,-0.02484891606913686,0.0,0.4016213608875391
2,160.31249999999997,-0.03788413704173613,0.0,0.41464414877600253
2,161.05468749999997,-0.04930056548622269,0.0,0.4260474346882194
2,161.796875,-0.05894257695252808,0.0,0.4356686239893127
2,162.53906249999997,-0.06667241844193209,0.0,0.44337468929928636
2,163.28125,-0.07237156208691016,0.0,0.4490384867484668
2,164.0234375,-0.07594187319460804,0.0,0.4525663985473659
2,164.76562499999997,-0.07730658138905303,0.0,0.4538705654906995
2,165.5078125,-0.0764110454837825,0.0,0.45290007049811065
2,166.24999999999997,-0.07322330470336316,0.0,0.4496080242539545
2,166.99218749999997,-0.06773441093018234,0.0,0.44398731130684677
2,167.734375,-0.05995853876206796,0.0,0.43603104608262633
2,168.47656249999997,-0.04993287230643128,0.0,0.42577433934514575
2,169.21875,-0.03771726978713777,0.0,0.41324596219401644
2,169.96093749999997,-0.023393709180437594,0.0,0.39851827282673635
2,170.70312499999997,-0.007065520205474961,0.0,0.3816468013743014
2,171.4453125,0.011143589947212455,0.0,0.3627316840003505
2,172.18749999999997,0.031090707778999412,0.0,0.34184007710071584
2,172.9296875,0.05261507027151532,0.0,0.3190848878486505
2,173.671875,0.07553959424516732,0.0,0.2945214575615126
2,174.41406249999997,0.0996725635706782,0.0,0.26825221907707
2,175.15625,0.12480945799581689,0.0,0.24027467533621993
2,175.89843749999997,0.15073490598526276,0.0,0.2106110431058673
2,176.64062499999997,0.1772247427768282,0.0,0.1790355465070903
2,177.3828125,0.2040481538434928,0.0,0.14524614940149905
2,178.12499999999997,0.23096988312782096,0.0,0.1085284070109025
2,178.8671875,0.25775248479107504,0.0,0.06878933196757253
2,179.60937499999997,0.2841585967997864,0.0,0.028153479924443725
2,180.35156249999997,0.30995321446187474,0.3320960984700681,1.1102230246251565e-16
2,181.09375,0.33490594202432455,1.9149911289664454,1.1102230246251565e-16
2,181.83593749999997,0.35879320065535836,3.242135238229047,0.0
2,182.578125,0.38140037155353634,4.671249277734268,-1.1102230246251565e-16
2,183.32031249999997,0.40252385355054243,6.087129809170278,-1.1102230246251565e-16
2,184.06249999999997,0.4219730153974441,7.472918056552425,1.1102230246251565e-16
2,184.8046875,0.4395720239379198,8.772082523291932,0.0
2,185.54687499999997,0.4551615305668317,9.964920538976981,1.1102230246251565e-16
2,186.28906249999997,0.4686001997367659,11.016231981412123,1.1102230246251565e-16
2,187.03125,0.47976606479587086,11.91003652275196,-1.1102230246251565e-16
2,187.77343749999997,0.4885576981027245,12.622471507775652,2.220446049250313e-16
2,188.515625,0.49489518415210065,13.14356597571461,-1.1102230246251565e-16
2,189.25781249999997,0.49872088634210027,13.45888219197002,1.1102230246251565e-16
10,0.0,0.5,4.444200817408226,5.551115123125783e-16
10,0.7421874999999999,0.4987208863421003,4.43504458611121,-1.1102230246251565e-16
10,1.4843749999999998,0.49489518415210065,4.40768229613358,1.1102230246251565e-16
10,2.2265625,0.4885576981027247,4.362321440600854,3.3306690738754696e-16
10,2.9687499999999996,0.47976606479587086,4.299380306102092,-1.1102230246251565e-16
10,3.7109374999999996,0.46860019973676625,4.219370379535428,-4.440892098500626e-16
10,4.453125,0.45516153056683156,4.12300808507984,-1.1102230246251565e-16
10,5.195312499999999,0.4395720239379195,4.011087348989718,-3.3306690738754696e-16
10,5.937499999999999,0.4219730153974445,3.8845979040761476,0.0
10,6.6796875,0.4025238535505435,3.7445836043199487,-1.1102230246251565e-16
10,7.421874999999999,0.38140037155353657,3.5922726755067,-3.3306690738754696e-16
10,8.1640625,0.35879320065535936,3.428916503521096,1.1102230246251565e-16
10,8.90625,0.33490594202432467,3.2559385311672098,0.0
10,9.6484375,0.30995321446187474,3.0747467730176825,0.0
10,10.390624999999998,0.2841585967997873,2.8869100840254003,-1.1102230246251565e-16
10,11.132812499999998,0.25775248479107493,2.6939352664011342,0.0
10,11.874999999999998,0.2309698831278217,2.4974825786779804,-1.1102230246251565e-16
10,12.6171875,0.2040481538434925,2.2990944273344485,0.0
10,13.359375,0.17722474277682873,2.100467017268024,-1.1102230246251565e-16
10,14.101562499999998,0.1507349059852633,1.9031111815786,0.0
10,14.843749999999998,0.12480945799581633,1.7087055105852067,1.1102230246251565e-16
10,15.585937499999998,0.09967256357067844,1.5186586714096917,0.0
10,16.328125,0.07553959424516743,1.334584384854322,-2.220446049250313e-16
10,17.0703125,0.052615070271515435,1.1577137521120566,-1.1102230246251565e-16
10,17.8125,0.03109070777899944,0.9895614801813849,0.0
10,18.5546875,0.01114358994721168,0.8310941282564933,0.0
10,19.296875,-0.0070655202054751,0.6837195477002644,0.0
10,20.039062499999996,-0.023393709180437178,0.5480169998330616,-2.220446049250313e-16
10,20.781249999999996,-0.037717269787137436,0.4253396002573972,-1.1102230246251565e-16
10,21.523437499999996,-0.049932872306431064,0.31562149385808,0.0
10,22.265624999999996,-0.0599585387620678,0.22039125400848028,-1.1102230246251565e-16
10,23.007812499999996,-0.06773441093018245,0.1379135586740523,1.1102230246251565e-16
10,23.749999999999996,-0.0732233047033631,0.07084946002544645,0.0
10,24.492187499999996,-0.07641104548378247,0.0,1.8265395245964378e-05
10,25.234375,-0.07730658138905303,0.0,0.001278160129502659
10,25.9765625,-0.07594187319460802,0.0,0.0023746621628014664
10,26.71875,-0.07237156208691028,0.0,0.002731746807317914
10,27.4609375,-0.06667241844193206,0.0,0.0022875272389752954
10,28.203124999999996,-0.05894257695252799,0.0,0.001169292936979538
10,28.945312499999996,-0.04930056548622294,0.002778845439321833,-1.1102230246251565e-16
10,29.687499999999996,-0.03788413704173635,0.06871752474846383,-2.220446049250313e-16
10,30.429687499999996,-0.024848916069137163,0.12711022831705648,-1.1102230246251565e-16
10,31.171874999999996,-0.010366872206595129,0.195961328604672,-1.1102230246251565e-16
10,31.914062499999993,0.005375363850946557,0.2717147916438162,1.1102230246251565e-16
10,32.65625,0.02217832611522702,0.3551272784156172,-1.1102230246251565e-16
10,33.39843749999999,0.039831663100035886,0.4440136631000203,-1.1102230246251565e-16
10,34.140625,0.05811619285353838,0.537686362040145,0.0
10,34.88281249999999,0.07680604341885718,0.634301732200116,1.1102230246251565e-16
10,35.625,0.09567085809127242,0.7327271800441841,1.1102230246251565e-16
10,36.36718749999999,0.1144780442161371,0.8312753412362288,0.0
10,37.109375,0.1329950438520871,0.9286363695565168,1.1102230246251565e-16
10,37.85156249999999,0.15099160441333842,1.0232582225877251,1.1102230246251565e-16
10,38.59375,0.16824202740488808,1.1137863791634657,3.3306690738754696e-16
10,39.3359375,0.184527373575224,1.198833461730016,-1.1102230246251565e-16
10,40.07812499999999,0.19963760323071644,1.2770898094997924,2.220446049250313e-16
10,40.8203125,0.21337363108012875,1.347380636651864,0.0
10,41.56249999999999,0.2255492758006689,1.4085084615659549,1.1102230246251565e-16
10,42.3046875,0.23599308553075948,1.4595652672791037,1.1102230246251565e-16
10,43.04687499999999,0.24455002168947673,1.499513882205393,1.1102230246251565e-16
10,43.7890625,0.25108298488689285,1.527767019219217,0.0
10,44.53124999999999,0.25547416821021185,1.5434716745240558,-2.220446049250313e-16
10,45.2734375,0.25762622483296904,1.5464105566991115,1.1102230246251565e-16
10,46.01562499999999,0.2574632386826621,1.5359010359517247,-1.1102230246251565e-16
10,46.7578125,0.2549314887987773,1.5121369524383872,1.1102230246251565e-16
10,47.49999999999999,0.25,1.4745260561775408,-3.3306690738754696e-16
10,48.24218749999999,0.2426608745373212,1.4237050894750778,0.0
10,48.98437499999999,0.23292940151895322,1.3589592868478537,-2.220446049250313e-16
10,49.72656249999999,0.2208439430331354,1.2813964030912561,-2.220446049250313e-16
10,50.46875,0.2064655980454315,1.1896415354759404,3.3306690738754696e-16
10,51.21093749999999,0.1898776472872847,1.085324737134369,-1.1102230246251565e-16
10,51.953125,0.1711847844617958,0.9647971990000728,1.1102230246251565e-16
10,52.69531249999999,0.1505121411506091,0.8303855356878539,0.0
10,53.4375,0.12800411479260468,0.6686363567228304,-3.3306690738754696e-16
10,54.17968749999999,0.10382301100169407,0.4833578164863498,-1.1102230246251565e-16
10,54.921875,0.07814751327908459,0.12302561433769524,-2.220446049250313e-16
10,55.66406249999999,0.051170994837774916,0.0,0.009522575662170851
10,56.40624999999999,0.02309968877765707,0.0,0.028011871269484123
10,57.14843749999999,-0.005849265786106964,0.0,0.05155281034775894
10,57.89062499999999,-0.03544988284402279,0.0,0.07849023242539366
10,58.63281249999999,-0.06546947405135689,0.0,0.10776108660169215
10,59.37499999999999,-0.09567085809127233,0.0,0.1385973618854438
10,60.1171875,-0.12581461358363766,0.0,0.1703468573863146
10,60.85937499999999,-0.15566135386160226,0.0,0.20248086320111247
10,61.6015625,-0.18497400172726738,0.0,0.23452359379556442
10,62.34374999999999,-0.21352004229777188,0.0,0.2660732514963232
10,63.08593749999999,-0.24107373226394532,0.0,0.2967633892751508
10,63.828124999999986,-0.2674182443032058,0.0,0.3262806449646628
10,64.5703125,-0.2923477260126859,0.0,0.35433998954514634
10,65.3125,-0.3156692535515375,0.0,0.3806985599048379
10,66.05468749999999,-0.3372046611951456,0.0,0.4051383713388751
10,66.79687499999999,-0.35679222919874426,0.0,0.42747722278113376
10,67.5390625,-0.3742882137322454,0.0,0.4475559721148624
10,68.28125,-0.38956820416873295,0.0,0.46524734604324547
10,69.0234375,-0.4025282946714962,0.0,0.48044620407640204
10,69.76562499999999,-0.4130860588125621,0.0,0.4930767883872532
10,70.5078125,-0.42118131785231594,0.0,0.5030849916211199
10,71.25,-0.42677669529663687,0.0,0.5104443588110325
10,71.9921875,-0.4298579524059159,0.0,0.5151496849165983
10,72.73437499999999,-0.4304341014395474,0.0,0.51722194700784
10,73.47656249999999,-0.4285372955596734,0.0,0.5167027529829474
10,74.21875,-0.42422249646850596,0.0,0.5136583151549062
10,74.9609375,-0.41756692299374026,0.0,0.5081744122120609
10,75.70312499999999,-0.4086692859457976,0.0,0.5003594901069973
10,76.44531249999999,-0.3976488166285803,0.0,0.49033990752080736
10,77.1875,-0.3846440983722731,0.0,0.47826224743395473
10,77.9296875,-0.36981171235333804,0.0,0.46428870112156784
10,78.671875,-0.3533247107549686,0.0,0.4485986814180051
10,79.41406249999999,-0.33537093198367773,0.0,0.43138426610100555
10,80.15624999999999,-0.3161511741783613,0.0,0.41285121426226057
10,80.8984375,-0.2958772446124943,0.0,0.3932144399375702
10,81.640625,-0.27476990378489324,0.0,0.37269854226741284
10,82.38281249999999,-0.2530567240082728,0.0,0.3515333169988196
10,83.12499999999999,-0.23096988312782177,0.0,0.3299539174647087
10,83.8671875,-0.20874391462629474,0.0,0.30819643738001445
10,84.609375,-0.18661343579172335,0.0,0.2864978224379161
10,85.35156249999999,-0.1648108758346435,0.0,0.2650915745620118
10,86.09374999999999,-0.14356422584177975,0.0,0.24420753303635612
10,86.8359375,-0.12309483224236062,0.0,0.22406775962983716
10,87.578125,-0.10361525504373523,0.0,0.20488630383015083
10,88.32031249999999,-0.08532721146872094,0.0,0.18686533129711924
10,89.06249999999999,-0.06841962480417096,0.0,0.17019498025474766
10,89.80468749999999,-0.05306679725655133,0.0,0.15504979359035975
10,90.546875,-0.03942672441555897,0.0,0.14158876312371638
10,91.2890625,-0.02763956756258881,0.0,0.1299521192139924
10,92.03124999999999,-0.0178262985402276,0.0,0.12026164686092511
10,92.77343749999999,-0.01008753023662029,0.0,0.11261787667142265
10,93.515625,-0.004502543950485466,0.0,0.10710074198910724
10,94.2578125,-0.001128523006001858,0.0,0.10376720220813007
10,94.99999999999999,0.0,0.0,0.10265229385795005
10,95.74218749999999,-0.0011285230060017746,0.0,0.10376720220813007
10,96.48437499999999,-0.004502543950485437,0.0,0.10710074198910713
10,97.2265625,-0.010087530236620344,0.0,0.11261787667142287
10,97.96874999999999,-0.017826298540227378,0.0,0.12026164686092511
10,98.71093749999999,-0.02763956756258867,0.0,0.1299521192139922
10,99.45312499999999,-0.039426724415558834,0.0,0.14158876312371638
10,100.1953125,-0.05306679725655091,0.0,0.1550497935903593
10,100.9375,-0.06841962480417078,0.0,0.17019498025474766
10,101.67968749999999,-0.08532721146872076,0.0,0.18686533129711902
10,102.42187499999999,-0.10361525504373535,0.0,0.20488630383015105
10,103.16406249999999,-0.12309483224236006,0.0,0.22406775962983672
10,103.90625,-0.14356422584177994,0.0,0.24420753303635656
10,104.64843749999999,-0.16481087583464366,0.0,0.26509157456201227
10,105.39062499999999,-0.18661343579172274,0.0,0.28649782243791544
10,106.13281249999999,-0.2087439146262941,0.0,0.3081964373800138
10,106.875,-0.23096988312782193,0.0,0.3299539174647089
10,107.61718749999999,-0.2530567240082726,0.0,0.3515333169988194
10,108.35937499999999,-0.27476990378489263,0.0,0.37269854226741217
10,109.10156249999999,-0.2958772446124945,0.0,0.39321443993757044
10,109.84375,-0.31615117417836114,0.0,0.41285121426226057
10,110.5859375,-0.3353709319836772,0.0,0.4313842661010049
10,111.32812499999999,-0.3533247107549684,0.0,0.44859868141800485
10,112.07031249999999,-0.369811712353338,0.0,0.4642887011215676
10,112.81249999999999,-0.384644098372273,0.0,0.4782622474339545
10,113.5546875,-0.39764881662858015,0.0,0.4903399075208069
10,114.29687499999999,-0.4086692859457973,0.0,0.5003594901069973
10,115.03906249999999,-0.4175669229937402,0.0,0.5081744122120612
10,115.78124999999999,-0.4242224964685058,0.0,0.5136583151549062
10,116.5234375,-0.42853729555967335,0.0,0.5167027529829472
10,117.26562499999999,-0.4304341014395474,0.0,0.51722194700784
10,118.00781249999999,-0.4298579524059159,0.0,0.5151496849165983
10,118.74999999999999,-0.4267766952966369,0.0,0.5104443588110325
10,119.49218749999999,-0.4211813178523161,0.0,0.5030849916211203
10,120.234375,-0.41308605881256216,0.0,0.49307678838725344
10,120.97656249999999,-0.40252829467149615,0.0,0.48044620407640226
10,121.71874999999999,-0.3895682041687334,0.0,0.46524734604324613
10,122.46093749999999,-0.3742882137322458,0.0,0.4475559721148631
10,123.203125,-0.3567922291987444,0.0,0.427477222781134
10,123.94531249999997,-0.33720466119514547,0.0,0.40513837133887487
10,124.68749999999999,-0.3156692535515374,0.0,0.3806985599048379
10,125.4296875,-0.2923477260126857,0.0,0.35433998954514634
10,126.17187499999999,-0.26741824430320604,0.0,0.32628064496466325
10,126.91406249999999,-0.24107373226394566,0.0,0.2967633892751512
10,127.65624999999997,-0.21352004229777213,0.0,0.26607325149632344
10,128.3984375,-0.18497400172726766,0.0,0.23452359379556464
10,129.140625,-0.15566135386160207,0.0,0.20248086320111203
10,129.88281249999997,-0.12581461358363824,0.0,0.17034685738631528
10,130.625,-0.0956708580912721,0.0,0.1385973618854438
10,131.3671875,-0.06546947405135664,0.0,0.1077610866016917
10,132.10937499999997,-0.03544988284402281,0.0,0.07849023242539355
10,132.8515625,-0.005849265786107255,0.0,0.05155281034775905
10,133.59374999999997,0.023099688777655752,0.0,0.028011871269485233
10,134.3359375,0.05117099483777465,0.0,0.009522575662170851
10,135.078125,0.07814751327908433,0.12302561433768945,-1.1102230246251565e-16
10,135.82031249999997,0.1038230110016936,0.4833578164863427,1.1102230246251565e-16
10,136.5625,0.1280041147926044,0.6686363567228369,-1.1102230246251565e-16
10,137.30468749999997,0.1505121411506085,0.8303855356878573,3.3306690738754696e-16
10,138.046875,0.17118478446179541,0.9647971990000606,0.0
10,138.7890625,0.18987764728728487,1.085324737134383,-2.220446049250313e-16
10,139.53124999999997,0.20646559804543108,1.1896415354759027,1.1102230246251565e-16
10,140.2734375,0.2208439430331354,1.281396403091292,2.220446049250313e-16
10,141.015625,0.2329294015189531,1.3589592868478577,1.1102230246251565e-16
10,141.75781249999997,0.2426608745373211,1.423705089475066,-3.3306690738754696e-16
10,142.5,0.24999999999999994,1.4745260561775395,-3.3306690738754696e-16
10,143.24218749999997,0.25493148879877725,1.5121369524383876,-1.1102230246251565e-16
10,143.984375,0.2574632386826621,1.5359010359517224,-1.1102230246251565e-16
10,144.7265625,0.2576262248329691,1.5464105566991069,-3.3306690738754696e-16
10,145.46874999999997,0.2554741682102119,1.543471674524061,-3.3306690738754696e-16
10,146.2109375,0.25108298488689273,1.5277670192192188,3.3306690738754696e-16
10,146.95312499999997,0.24455002168947695,1.4995138822053928,1.1102230246251565e-16
10,147.6953125,0.23599308553075982,1.4595652672791102,-2.220446049250313e-16
10,148.4375,0.2255492758006689,1.408508461565954,1.1102230246251565e-16
10,149.17968749999997,0.21337363108012883,1.3473806366518593,-3.3306690738754696e-16
10,149.921875,0.1996376032307166,1.2770898094997953,1.1102230246251565e-16
10,150.66406249999997,0.1845273735752247,1.1988334617300365,-4.440892098500626e-16
10,151.40624999999997,0.16824202740488822,1.113786379163434,-4.440892098500626e-16
10,152.1484375,0.15099160441333873,1.0232582225877336,-3.3306690738754696e-16
10,152.89062499999997,0.13299504385208744,0.9286363695565212,-1.1102230246251565e-16
10,153.6328125,0.11447804421613693,0.8312753412362294,2.220446049250313e-16
10,154.375,0.09567085809127225,0.7327271800441717,4.440892098500626e-16
10,155.11718749999997,0.07680604341885786,0.6343017322001533,4.440892098500626e-16
10,155.859375,0.05811619285353839,0.5376863620401312,0.0
10,156.60156249999997,0.039831663100036066,0.44401366310003143,0.0
10,157.34375,0.022178326115227034,0.35512727841559394,-4.440892098500626e-16
10,158.0859375,0.005375363850946709,0.27171479164382134,2.220446049250313e-16
10,158.82812499999997,-0.010366872206594406,0.19596132860468338,-3.3306690738754696e-16
10,159.5703125,-0.02484891606913686,0.127110228317059,-2.220446049250313e-16
10,160.31249999999997,-0.03788413704173613,0.0687175247484561,-3.3306690738754696e-16
10,161.05468749999997,-0.04930056548622269,0.002778845439334973,-1.1102230246251565e-16
10,161.796875,-0.05894257695252808,0.0,0.001169292936979871
10,162.53906249999997,-0.06667241844193209,0.0,0.0022875272389754064
10,163.28125,-0.07237156208691016,0.0,0.002731746807317803
10,164.0234375,-0.07594187319460804,0.0,0.0023746621628014664
10,164.76562499999997,-0.07730658138905303,0.0,0.001278160129502659
10,165.5078125,-0.0764110454837825,0.0,1.8265395245964378e-05
10,166.24999999999997,-0.07322330470336316,0.07084946002545188,0.0
10,166.99218749999997,-0.06773441093018234,0.1379135586740268,-7.771561172376096e-16
10,167.734375,-0.05995853876206796,0.2203912540085139,5.551115123125783e-16
10,168.47656249999997,-0.04993287230643128,0.31562149385807475,2.220446049250313e-16
10,169.21875,-0.03771726978713777,0.4253396002573799,-3.3306690738754696e-16
10,169.96093749999997,-0.023393709180437594,0.5480169998330549,0.0
10,170.70312499999997,-0.007065520205474961,0.6837195477002597,1.1102230246251565e-16
10,171.4453125,0.011143589947212455,0.8310941282565298,1.1102230246251565e-16
10,172.18749999999997,0.031090707778999412,0.9895614801813737,-1.1102230246251565e-16
10,172.9296875,0.05261507027151532,1.1577137521120524,-1.1102230246251565e-16
10,173.671875,0.07553959424516732,1.3345843848543273,1.1102230246251565e-16
10,174.41406249999997,0.0996725635706782,1.5186586714096686,1.1102230246251565e-16
10,175.15625,0.12480945799581689,1.7087055105852438,2.220446049250313e-16
10,175.89843749999997,0.15073490598526276,1.903111181578592,1.1102230246251565e-16
10,176.64062499999997,0.1772247427768282,2.1004670172680027,0.0
10,177.3828125,0.2040481538434928,2.2990944273344827,-1.1102230246251565e-16
10,178.12499999999997,0.23096988312782096,2.497482578677926,-4.440892098500626e-16
10,178.8671875,0.25775248479107504,2.693935266401167,-1.1102230246251565e-16
10,179.60937499999997,0.2841585967997864,2.8869100840253576,-1.1102230246251565e-16
10,180.35156249999997,0.30995321446187474,3.074746773017716,4.440892098500626e-16
10,181.09375,0.33490594202432455,3.255938531167228,3.3306690738754696e-16
10,181.83593749999997,0.35879320065535836,3.4289165035210636,2.220446049250313e-16
10,182.578125,0.38140037155353634,3.592272675506718,-3.3306690738754696e-16
10,183.32031249999997,0.40252385355054243,3.744583604319918,1.1102230246251565e-16
10,184.06249999999997,0.4219730153974441,3.884597904076144,1.1102230246251565e-16
10,184.8046875,0.4395720239379198,4.01108734898973,-2.220446049250313e-16
10,185.54687499999997,0.4551615305668317,4.123008085079862,1.1102230246251565e-16
10,186.28906249999997,0.4686001997367659,4.219370379535396,-3.3306690738754696e-16
10,187.03125,0.47976606479587086,4.299380306102113,3.3306690738754696e-16
10,187.77343749999997,0.4885576981027245,4.362321440600852,0.0
10,188.515625,0.49489518415210065,4.407682296133564,-3.3306690738754696e-16
10,189.25781249999997,0.49872088634210027,4.435044586111215,3.3306690738754696e-16
25,0.0,0.5,2.3625934572750307,2.220446049250313e-16
25,0.7421874999999999,0.4987208863421003,2.358947693390572,2.220446049250313e-16
25,1.4843749999999998,0.49489518415210065,2.3480541493671603,2.220446049250313e-16
25,2.2265625,0.4885576981027247,2.3299998975195795,4.440892098500626e-16
25,2.9687499999999996,0.47976606479587086,2.3049582581118333,4.440892098500626e-16
25,3.7109374999999996,0.46860019973676625,2.273143368109993,1.1102230246251565e-16
25,4.453125,0.45516153056683156,2.234851918603518,2.220446049250313e-16
25,5.195312499999999,0.4395720239379195,2.190416497428139,2.220446049250313e-16
25,5.937499999999999,0.4219730153974445,2.1402462486657097,1.1102230246251565e-16
25,6.6796875,0.4025238535505435,2.084779069556105,2.220446049250313e-16
25,7.421874999999999,0.38140037155353657,2.0245213429836455,-2.220446049250313e-16
25,8.1640625,0.35879320065535936,1.959999111225968,-2.220446049250313e-16
25,8.90625,0.33490594202432467,1.891797070145898,1.1102230246251565e-16
25,9.6484375,0.30995321446187474,1.8205088791560045,3.3306690738754696e-16
25,10.390624999999998,0.2841585967997873,1.746775636931973,-2.220446049250313e-16
25,11.132812499999998,0.25775248479107493,1.6712355171881024,-1.1102230246251565e-16
25,11.874999999999998,0.2309698831278217,1.5945619687986972,2.220446049250313e-16
25,12.6171875,0.2040481538434925,1.5174128895554728,1.1102230246251565e-16
25,13.359375,0.17722474277682873,1.4404688075825554,2.220446049250313e-16
25,14.101562499999998,0.1507349059852633,1.364381819493513,1.1102230246251565e-16
25,14.843749999999998,0.12480945799581633,1.2898140141669638,0.0
25,15.585937499999998,0.09967256357067844,1.2173864073247271,1.1102230246251565e-16
25,16.328125,0.07553959424516743,1.1477178626693767,1.1102230246251565e-16
25,17.0703125,0.052615070271515435,1.0813742519513427,1.1102230246251565e-16
25,17.8125,0.03109070777899944,1.0189081120433285,0.0
25,18.5546875,0.01114358994721168,0.9608082485557871,2.220446049250313e-16
25,19.296875,-0.0070655202054751,0.9075403408197462,1.1102230246251565e-16
25,20.039062499999996,-0.023393709180437178,0.8594971889706647,-1.1102230246251565e-16
25,20.781249999999996,-0.037717269787137436,0.8170404424784441,2.220446049250313e-16
25,21.523437499999996,-0.049932872306431064,0.7804516666923296,1.1102230246251565e-16
25,22.265624999999996,-0.0599585387620678,0.7499753251471896,0.0
25,23.007812499999996,-0.06773441093018245,0.7257708136043614,0.0
25,23.749999999999996,-0.0732233047033631,0.7079567726565105,0.0
25,24.492187499999996,-0.07641104548378247,0.6965642074766386,2.220446049250313e-16
25,25.234375,-0.07730658138905303,0.6915821460444305,-1.1102230246251565e-16
25,25.9765625,-0.07594187319460802,0.6929119337029951,0.0
25,26.71875,-0.07237156208691028,0.7004141843355599,0.0
25,27.4609375,-0.06667241844193206,0.7138643134307073,1.1102230246251565e-16
25,28.203124999999996,-0.05894257695252799,0.7330006551717709,2.220446049250313e-16
25,28.945312499999996,-0.04930056548622294,0.7574812795111151,-1.1102230246251565e-16
25,29.687499999999996,-0.03788413704173635,0.7869330673253946,-1.1102230246251565e-16
25,30.429687499999996,-0.024848916069137163,0.820909850064783,0.0
25,31.171874999999996,-0.010366872206595129,0.8589421470289217,1.1102230246251565e-16
25,31.914062499999993,0.005375363850946557,0.9004966753233001,2.220446049250313e-16
25,32.65625,0.02217832611522702,0.94502635590953,-2.220446049250313e-16
25,33.39843749999999,0.039831663100035886,0.9919312727905728,-2.220446049250313e-16
25,34.140625,0.05811619285353838,1.0406084440552545,1.1102230246251565e-16
25,34.88281249999999,0.07680604341885718,1.090414369959841,1.1102230246251565e-16
25,35.625,0.09567085809127242,1.1407139354659601,0.0
25,36.36718749999999,0.1144780442161371,1.190844787194655,2.220446049250313e-16
25,37.109375,0.1329950438520871,1.2401645749355168,2.220446049250313e-16
25,37.85156249999999,0.15099160441333842,1.28801755120786,4.440892098500626e-16
25,38.59375,0.16824202740488808,1.3337791551727622,2.220446049250313e-16
25,39.3359375,0.184527373575224,1.376825455851499,-2.220446049250313e-16
25,40.07812499999999,0.19963760323071644,1.416573808155175,1.1102230246251565e-16
25,40.8203125,0.21337363108012875,1.4524560919620242,1.1102230246251565e-16
25,41.56249999999999,0.2255492758006689,1.4839537875730984,0.0
25,42.3046875,0.23599308553075948,1.510576445132923,0.0
25,43.04687499999999,0.24455002168947673,1.5318889727189757,0.0
25,43.7890625,0.25108298488689285,1.5474974805747406,3.3306690738754696e-16
25,44.53124999999999,0.25547416821021185,1.5570657445985654,-1.1102230246251565e-16
25,45.2734375,0.25762622483296904,1.5603116361808251,4.440892098500626e-16
25,46.01562499999999,0.2574632386826621,1.5570084369094728,0.0
25,46.7578125,0.2549314887987773,1.5469967124676056,-2.220446049250313e-16
25,47.49999999999999,0.25,1.5301640867924922,2.220446049250313e-16
25,48.24218749999999,0.2426608745373212,1.5064800596371801,-3.3306690738754696e-16
25,48.98437499999999,0.23292940151895322,1.4759443852353271,-1.1102230246251565e-16
25,49.72656249999999,0.2208439430331354,1.438656764878255,1.1102230246251565e-16
25,50.46875,0.2064655980454315,1.3947178717585418,2.220446049250313e-16
25,51.21093749999999,0.1898776472872847,1.3443537187441565,-2.220446049250313e-16
25,51.953125,0.1711847844617958,1.2877418998936736,0.0
25,52.69531249999999,0.1505121411506091,1.2252254287432254,1.1102230246251565e-16
25,53.4375,0.12800411479260468,1.1570133160274643,1.1102230246251565e-16
25,54.17968749999999,0.10382301100169407,1.0835499621529656,-3.3306690738754696e-16
25,54.921875,0.07814751327908459,1.0049854611089655,1.1102230246251565e-16
25,55.66406249999999,0.051170994837774916,0.921840310634665,-1.1102230246251565e-16
25,56.40624999999999,0.02309968877765707,0.8339959772908454,-2.220446049250313e-16
25,57.14843749999999,-0.005849265786106964,0.7420004610620584,-1.1102230246251565e-16
25,57.89062499999999,-0.03544988284402279,0.6448269516756402,0.0
25,58.63281249999999,-0.06546947405135689,0.5429126313377083,0.0
25,59.37499999999999,-0.09567085809127233,0.4311737109494232,0.0
25,60.1171875,-0.12581461358363766,0.3092100617449574,-1.1102230246251565e-16
25,60.85937499999999,-0.15566135386160226,0.1112367379438175,0.0
25,61.6015625,-0.18497400172726738,0.0,0.004275574522541348
25,62.34374999999999,-0.21352004229777188,0.0,0.013971189165555842
25,63.08593749999999,-0.24107373226394532,0.0,0.02633400424218313
25,63.828124999999986,-0.2674182443032058,0.0,0.040110837676377464
25,64.5703125,-0.2923477260126859,0.0,0.05459023969572385
25,65.3125,-0.3156692535515375,0.0,0.06922383477394378
25,66.05468749999999,-0.3372046611951456,0.0,0.08358259113390876
25,66.79687499999999,-0.35679222919874426,0.0,0.09730726378477517
25,67.5390625,-0.3742882137322454,0.0,0.11009943934159416
25,68.28125,-0.38956820416873295,0.0,0.1217061421349781
25,69.0234375,-0.4025282946714962,0.0,0.13191894528953707
25,69.76562499999999,-0.4130860588125621,0.0,0.14056578774022377
25,70.5078125,-0.42118131785231594,0.0,0.1475134064770116
25,71.25,-0.42677669529663687,0.0,0.15266052272264563
25,71.9921875,-0.4298579524059159,0.0,0.15594230550514787
25,72.73437499999999,-0.4304341014395474,0.0,0.1573229835911112
25,73.47656249999999,-0.4285372955596734,0.0,0.15680206867623925
25,74.21875,-0.42422249646850596,0.0,0.15440542175453542
25,74.9609375,-0.41756692299374026,0.0,0.15019348274043498
25,75.70312499999999,-0.4086692859457976,0.0,0.14425001031024975
25,76.44531249999999,-0.3976488166285803,0.0,0.13669304395432746
25,77.1875,-0.3846440983722731,0.0,0.12766037277636944
25,77.9296875,-0.36981171235333804,0.0,0.11732466017647702
25,78.671875,-0.3533247107549686,0.0,0.10587418363653978
25,79.41406249999999,-0.33537093198367773,0.0,0.09353491446763873
25,80.15624999999999,-0.3161511741783613,0.0,0.08054392806067456
25,80.8984375,-0.2958772446124943,0.0,0.06718445943435247
25,81.640625,-0.27476990378489324,0.0,0.05374674962242665
25,82.38281249999999,-0.2530567240082728,0.0,0.04059177616717213
25,83.12499999999999,-0.23096988312782177,0.0,0.02808749629545182
25,83.8671875,-0.20874391462629474,0.0,0.01675927095607821
25,84.609375,-0.18661343579172335,0.0,0.0071717041753733834
25,85.35156249999999,-0.1648108758346435,0.0,0.0006731479499154647
25,86.09374999999999,-0.14356422584177975,0.17678019988950497,3.3306690738754696e-16
25,86.8359375,-0.12309483224236062,0.2779935650796223,0.0
25,87.578125,-0.10361525504373523,0.3591371555285923,0.0
25,88.32031249999999,-0.08532721146872094,0.42519761508439974,1.1102230246251565e-16
25,89.06249999999999,-0.06841962480417096,0.4842076438824119,0.0
25,89.80468749999999,-0.05306679725655133,0.534641241011849,4.440892098500626e-16
25,90.546875,-0.03942672441555897,0.5789922811113586,1.1102230246251565e-16
25,91.2890625,-0.02763956756258881,0.6160177084244174,1.1102230246251565e-16
25,92.03124999999999,-0.0178262985402276,0.64687291744898,-2.220446049250313e-16
25,92.77343749999999,-0.01008753023662029,0.6705976564668716,0.0
25,93.515625,-0.004502543950485466,0.6879194971165837,-5.551115123125783e-16
25,94.2578125,-0.001128523006001858,0.6980732643013552,1.1102230246251565e-16
25,94.99999999999999,0.0,0.7016730689668754,0.0
25,95.74218749999999,-0.0011285230060017746,0.698073264301344,-1.1102230246251565e-16
25,96.48437499999999,-0.004502543950485437,0.6879194971166015,-2.220446049250313e-16
25,97.2265625,-0.010087530236620344,0.6705976564668621,3.3306690738754696e-16
25,97.96874999999999,-0.017826298540227378,0.64687291744899,0.0
25,98.71093749999999,-0.02763956756258867,0.6160177084244137,-2.220446049250313e-16
25,99.45312499999999,-0.039426724415558834,0.5789922811113498,-2.220446049250313e-16
25,100.1953125,-0.05306679725655091,0.5346412410118611,2.220446049250313e-16
25,100.9375,-0.06841962480417078,0.4842076438824079,-2.220446049250313e-16
25,101.67968749999999,-0.08532721146872076,0.4251976150844049,3.3306690738754696e-16
25,102.42187499999999,-0.10361525504373535,0.3591371555285678,-1.1102230246251565e-16
25,103.16406249999999,-0.12309483224236006,0.2779935650796689,3.3306690738754696e-16
25,103.90625,-0.14356422584177994,0.17678019988947793,2.220446049250313e-16
25,104.64843749999999,-0.16481087583464366,0.0,0.0006731479499153536
25,105.39062499999999,-0.18661343579172274,0.0,0.007171704175372606
25,106.13281249999999,-0.2087439146262941,0.0,0.016759270956077876
25,106.875,-0.23096988312782193,0.0,0.02808749629545204
25,107.61718749999999,-0.2530567240082726,0.0,0.04059177616717169
25,108.35937499999999,-0.27476990378489263,0.0,0.053746749622426204
25,109.10156249999999,-0.2958772446124945,0.0,0.06718445943435292
25,109.84375,-0.31615117417836114,0.0,0.08054392806067434
25,110.5859375,-0.3353709319836772,0.0,0.09353491446763851
25,111.32812499999999,-0.3533247107549684,0.0,0.10587418363653955
25,112.07031249999999,-0.369811712353338,0.0,0.11732466017647702
25,112.81249999999999,-0.384644098372273,0.0,0.12766037277636944
25,113.5546875,-0.39764881662858015,0.0,0.13669304395432724
25,114.29687499999999,-0.4086692859457973,0.0,0.1442500103102493
25,115.03906249999999,-0.4175669229937402,0.0,0.15019348274043498
25,115.78124999999999,-0.4242224964685058,0.0,0.1544054217545352
25,116.5234375,-0.42853729555967335,0.0,0.15680206867623925
25,117.26562499999999,-0.4304341014395474,0.0,0.1573229835911112
25,118.00781249999999,-0.4298579524059159,0.0,0.15594230550514787
25,118.74999999999999,-0.4267766952966369,0.0,0.15266052272264563
25,119.49218749999999,-0.4211813178523161,0.0,0.14751340647701183
25,120.234375,-0.41308605881256216,0.0,0.14056578774022355
25,120.97656249999999,-0.40252829467149615,0.0,0.13191894528953707
25,121.71874999999999,-0.3895682041687334,0.0,0.12170614213497855
25,122.46093749999999,-0.3742882137322458,0.0,0.11009943934159439
25,123.203125,-0.3567922291987444,0.0,0.09730726378477539
25,123.94531249999997,-0.33720466119514547,0.0,0.08358259113390876
25,124.68749999999999,-0.3156692535515374,0.0,0.06922383477394378
25,125.4296875,-0.2923477260126857,0.0,0.05459023969572363
25,126.17187499999999,-0.26741824430320604,0.0,0.04011083767637791
25,126.91406249999999,-0.24107373226394566,0.0,0.02633400424218335
25,127.65624999999997,-0.21352004229777213,0.0,0.013971189165556064
25,128.3984375,-0.18497400172726766,0.0,0.004275574522541792
25,129.140625,-0.15566135386160207,0.11123673794383528,0.0
25,129.88281249999997,-0.12581461358363824,0.30921006174491994,0.0
25,130.625,-0.0956708580912721,0.4311737109494541,3.3306690738754696e-16
25,131.3671875,-0.06546947405135664,0.5429126313377054,1.1102230246251565e-16
25,132.10937499999997,-0.03544988284402281,0.6448269516756581,3.3306690738754696e-16
25,132.8515625,-0.005849265786107255,0.7420004610620575,-1.1102230246251565e-16
25,133.59374999999997,0.023099688777655752,0.8339959772908058,0.0
25,134.3359375,0.05117099483777465,0.9218403106346805,1.1102230246251565e-16
25,135.078125,0.07814751327908433,1.0049854611089688,2.220446049250313e-16
25,135.82031249999997,0.1038230110016936,1.0835499621529663,2.220446049250313e-16
25,136.5625,0.1280041147926044,1.1570133160274612,1.1102230246251565e-16
25,137.30468749999997,0.1505121411506085,1.2252254287432205,0.0
25,138.046875,0.17118478446179541,1.287741899893656,-3.3306690738754696e-16
25,138.7890625,0.18987764728728487,1.3443537187441892,3.3306690738754696e-16
25,139.53124999999997,0.20646559804543108,1.3947178717585138,0.0
25,140.2734375,0.2208439430331354,1.4386567648782775,-1.1102230246251565e-16
25,141.015625,0.2329294015189531,1.47594438523531,-4.440892098500626e-16
25,141.75781249999997,0.2426608745373211,1.5064800596371932,0.0
25,142.5,0.24999999999999994,1.5301640867924735,0.0
25,143.24218749999997,0.25493148879877725,1.5469967124676238,2.220446049250313e-16
25,143.984375,0.2574632386826621,1.557008436909475,0.0
25,144.7265625,0.2576262248329691,1.5603116361808154,-2.220446049250313e-16
25,145.46874999999997,0.2554741682102119,1.5570657445985512,-4.440892098500626e-16
25,146.2109375,0.25108298488689273,1.547497480574752,4.440892098500626e-16
25,146.95312499999997,0.24455002168947695,1.5318889727189695,0.0
25,147.6953125,0.23599308553075982,1.5105764451329342,1.1102230246251565e-16
25,148.4375,0.2255492758006689,1.4839537875730957,0.0
25,149.17968749999997,0.21337363108012883,1.4524560919620173,0.0
25,149.921875,0.1996376032307166,1.4165738081551809,4.440892098500626e-16
25,150.66406249999997,0.1845273735752247,1.3768254558515147,-1.1102230246251565e-16
25,151.40624999999997,0.16824202740488822,1.3337791551727582,1.1102230246251565e-16
25,152.1484375,0.15099160441333873,1.2880175512078453,-4.440892098500626e-16
25,152.89062499999997,0.13299504385208744,1.2401645749355423,0.0
25,153.6328125,0.11447804421613693,1.1908447871946346,-1.1102230246251565e-16
25,154.375,0.09567085809127225,1.140713935465938,-3.3306690738754696e-16
25,155.11718749999997,0.07680604341885786,1.09041436995989,3.3306690738754696e-16
25,155.859375,0.05811619285353839,1.0406084440552277,-3.3306690738754696e-16
25,156.60156249999997,0.039831663100036066,0.9919312727905636,-3.3306690738754696e-16
25,157.34375,0.022178326115227034,0.9450263559095404,1.1102230246251565e-16
25,158.0859375,0.005375363850946709,0.900496675323287,-1.1102230246251565e-16
25,158.82812499999997,-0.010366872206594406,0.8589421470289349,0.0
25,159.5703125,-0.02484891606913686,0.8209098500648007,4.440892098500626e-16
25,160.31249999999997,-0.03788413704173613,0.7869330673253853,0.0
25,161.05468749999997,-0.04930056548622269,0.7574812795111256,0.0
25,161.796875,-0.05894257695252808,0.733000655171763,0.0
25,162.53906249999997,-0.06667241844193209,0.7138643134307019,-2.220446049250313e-16
25,163.28125,-0.07237156208691016,0.7004141843355516,-3.3306690738754696e-16
25,164.0234375,-0.07594187319460804,0.6929119337030003,2.220446049250313e-16
25,164.76562499999997,-0.07730658138905303,0.691582146044441,1.1102230246251565e-16
25,165.5078125,-0.0764110454837825,0.6965642074766365,-2.220446049250313e-16
25,166.24999999999997,-0.07322330470336316,0.7079567726564915,-5.551115123125783e-16
25,166.99218749999997,-0.06773441093018234,0.7257708136043712,-2.220446049250313e-16
25,167.734375,-0.05995853876206796,0.7499753251472021,2.220446049250313e-16
25,168.47656249999997,-0.04993287230643128,0.7804516666923049,-4.440892098500626e-16
25,169.21875,-0.03771726978713777,0.8170404424784524,-1.1102230246251565e-16
25,169.96093749999997,-0.023393709180437594,0.8594971889706536,2.220446049250313e-16
25,170.70312499999997,-0.007065520205474961,0.9075403408197456,0.0
25,171.4453125,0.011143589947212455,0.960808248555817,-1.1102230246251565e-16
25,172.18749999999997,0.031090707778999412,1.018908112043306,-2.220446049250313e-16
25,172.9296875,0.05261507027151532,1.0813742519513543,2.220446049250313e-16
25,173.671875,0.07553959424516732,1.1477178626693698,0.0
25,174.41406249999997,0.0996725635706782,1.2173864073247043,-1.1102230246251565e-16
25,175.15625,0.12480945799581689,1.2898140141670114,3.3306690738754696e-16
25,175.89843749999997,0.15073490598526276,1.3643818194934987,2.220446049250313e-16
25,176.64062499999997,0.1772247427768282,1.4404688075825274,-3.3306690738754696e-16
25,177.3828125,0.2040481538434928,1.517412889555503,0.0
25,178.12499999999997,0.23096988312782096,1.5945619687986745,3.3306690738754696e-16
25,178.8671875,0.25775248479107504,1.6712355171881281,0.0
25,179.60937499999997,0.2841585967997864,1.7467756369319567,2.220446049250313e-16
25,180.35156249999997,0.30995321446187474,1.820508879155989,-5.551115123125783e-16
25,181.09375,0.33490594202432455,1.8917970701459275,2.220446049250313e-16
25,181.83593749999997,0.35879320065535836,1.9599991112259323,1.1102230246251565e-16
25,182.578125,0.38140037155353634,2.024521342983687,4.440892098500626e-16
25,183.32031249999997,0.40252385355054243,2.084779069556049,-2.220446049250313e-16
25,184.06249999999997,0.4219730153974441,2.140246248665738,4.440892098500626e-16
25,184.8046875,0.4395720239379198,2.1904164974281386,-1.1102230246251565e-16
25,185.54687499999997,0.4551615305668317,2.2348519186035354,0.0
25,186.28906249999997,0.4686001997367659,2.273143368109947,-6.661338147750939e-16
25,187.03125,0.47976606479587086,2.3049582581118395,4.440892098500626e-16
25,187.77343749999997,0.4885576981027245,2.329999897519596,7.771561172376096e-16
25,188.515625,0.49489518415210065,2.3480541493671656,4.440892098500626e-16
25,189.25781249999997,0.49872088634210027,2.358947693390577,6.661338147750939e-16
50,0.0,0.5,1.8343622731589257,1.1102230246251565e-16
50,0.7421874999999999,0.4987208863421003,1.8311239490887437,3.3306690738754696e-16
50,1.4843749999999998,0.49489518415210065,1.8214402833253265,1.1102230246251565e-16
50,2.2265625,0.4885576981027247,1.8054010314574505,1.1102230246251565e-16
50,2.9687499999999996,0.47976606479587086,1.783157399892033,3.3306690738754696e-16
50,3.7109374999999996,0.46860019973676625,1.7549167240940746,-4.440892098500626e-16
50,4.453125,0.45516153056683156,1.7209443488541616,-1.1102230246251565e-16
50,5.195312499999999,0.4395720239379195,1.6815571968376997,3.3306690738754696e-16
50,5.937499999999999,0.4219730153974445,1.6371246116162488,2.220446049250313e-16
50,6.6796875,0.4025238535505435,1.5880609068989493,1.1102230246251565e-16
50,7.421874999999999,0.38140037155353657,1.5348252971094398,-1.1102230246251565e-16
50,8.1640625,0.35879320065535936,1.47791355591492,1.1102230246251565e-16
50,8.90625,0.33490594202432467,1.4178571952881103,2.220446049250313e-16
50,9.6484375,0.30995321446187474,1.3552143949004076,2.220446049250313e-16
50,10.390624999999998,0.2841585967997873,1.2905686209365745,-1.1102230246251565e-16
50,11.132812499999998,0.25775248479107493,1.224519014298192,0.0
50,11.874999999999998,0.2309698831278217,1.1576786637870509,-1.1102230246251565e-16
50,12.6171875,0.2040481538434925,1.0906646598428373,0.0
50,13.359375,0.17722474277682873,1.0240962522016068,1.1102230246251565e-16
50,14.101562499999998,0.1507349059852633,0.958584786324435,4.440892098500626e-16
50,14.843749999999998,0.12480945799581633,0.8947319826977537,1.1102230246251565e-16
50,15.585937499999998,0.09967256357067844,0.8331199747712702,2.220446049250313e-16
50,16.328125,0.07553959424516743,0.774309945454393,0.0
50,17.0703125,0.052615070271515435,0.7188324781762447,2.220446049250313e-16
50,17.8125,0.03109070777899944,0.667186775944238,-1.1102230246251565e-16
50,18.5546875,0.01114358994721168,0.6198315213052539,1.1102230246251565e-16
50,19.296875,-0.0070655202054751,0.5771848850014191,2.220446049250313e-16
50,20.039062499999996,-0.023393709180437178,0.5396160667126552,0.0
50,20.781249999999996,-0.037717269787137436,0.5074462746251462,2.220446049250313e-16
50,21.523437499999996,-0.049932872306431064,0.4809410877357572,0.0
50,22.265624999999996,-0.0599585387620678,0.4603125555877049,4.440892098500626e-16
50,23.007812499999996,-0.06773441093018245,0.4457124857478154,3.3306690738754696e-16
50,23.749999999999996,-0.0732233047033631,0.4372357758638359,1.1102230246251565e-16
50,24.492187499999996,-0.07641104548378247,0.43491468803771155,3.3306690738754696e-16
50,25.234375,-0.07730658138905303,0.43872348472999123,2.220446049250313e-16
50,25.9765625,-0.07594187319460802,0.44857370666313157,2.220446049250313e-16
50,26.71875,-0.07237156208691028,0.46432014160295304,2.220446049250313e-16
50,27.4609375,-0.06667241844193206,0.4857570757587832,1.1102230246251565e-16
50,28.203124999999996,-0.05894257695252799,0.5126255818630887,3.3306690738754696e-16
50,28.945312499999996,-0.04930056548622294,0.5446106674500422,1.1102230246251565e-16
50,29.687499999999996,-0.03788413704173635,0.5813498277169024,2.220446049250313e-16
50,30.429687499999996,-0.024848916069137163,0.622430969188641,4.440892098500626e-16
50,31.171874999999996,-0.010366872206595129,0.6674021353285184,1.1102230246251565e-16
50,31.914062499999993,0.005375363850946557,0.7157700424620514,3.3306690738754696e-16
50,32.65625,0.02217832611522702,0.7670108536689347,-3.3306690738754696e-16
50,33.39843749999999,0.039831663100035886,0.8205691268034125,3.3306690738754696e-16
50,34.140625,0.05811619285353838,0.8758694863600972,2.220446049250313e-16
50,34.88281249999999,0.07680604341885718,0.9323157521144876,2.220446049250313e-16
50,35.625,0.09567085809127242,0.9893033407366305,1.1102230246251565e-16
50,36.36718749999999,0.1144780442161371,1.0462183188167735,1.1102230246251565e-16
50,37.109375,0.1329950438520871,1.102450357109546,3.3306690738754696e-16
50,37.85156249999999,0.15099160441333842,1.157391433986827,1.1102230246251565e-16
50,38.59375,0.16824202740488808,1.2104491662026184,3.3306690738754696e-16
50,39.3359375,0.184527373575224,1.2610448782108892,3.3306690738754696e-16
50,40.07812499999999,0.19963760323071644,1.3086271448862383,2.220446049250313e-16
50,40.8203125,0.21337363108012875,1.3526689382968229,2.220446049250313e-16
50,41.56249999999999,0.2255492758006689,1.3926812403329702,1.1102230246251565e-16
50,42.3046875,0.23599308553075948,1.4282089805745468,3.3306690738754696e-16
50,43.04687499999999,0.24455002168947673,1.4588446105618418,3.3306690738754696e-16
50,43.7890625,0.25108298488689285,1.4842225529301705,4.440892098500626e-16
50,44.53124999999999,0.25547416821021185,1.5040326743478283,6.661338147750939e-16
50,45.2734375,0.25762622483296904,1.518012975065962,1.1102230246251565e-16
50,46.01562499999999,0.2574632386826621,1.5259629546989155,1.1102230246251565e-16
50,46.7578125,0.2549314887987773,1.5277342799537854,3.3306690738754696e-16
50,47.49999999999999,0.25,1.5232441071358558,1.1102230246251565e-16
50,48.24218749999999,0.2426608745373212,1.5124634703225268,4.440892098500626e-16
50,48.98437499999999,0.23292940151895322,1.4954307081402844,0.0
50,49.72656249999999,0.2208439430331354,1.472237309971527,2.220446049250313e-16
50,50.46875,0.2064655980454315,1.443041694841915,1.1102230246251565e-16
50,51.21093749999999,0.1898776472872847,1.4080522324331144,3.3306690738754696e-16
50,51.953125,0.1711847844617958,1.367541743702687,1.1102230246251565e-16
50,52.69531249999999,0.1505121411506091,1.3218273665910107,2.220446049250313e-16
50,53.4375,0.12800411479260468,1.2712862998860917,0.0
50,54.17968749999999,0.10382301100169407,1.2163320957197146,2.220446049250313e-16
50,54.921875,0.07814751327908459,1.1574323653240277,2.220446049250313e-16
50,55.66406249999999,0.051170994837774916,1.0950809283304224,4.440892098500626e-16
50,56.40624999999999,0.02309968877765707,1.0298184682669387,3.3306690738754696e-16
50,57.14843749999999,-0.005849265786106964,0.962199713269198,1.1102230246251565e-16
50,57.89062499999999,-0.03544988284402279,0.8928184191501899,4.440892098500626e-16
50,58.63281249999999,-0.06546947405135689,0.8222683280865974,-1.1102230246251565e-16
50,59.37499999999999,-0.09567085809127233,0.7511744599020955,3.3306690738754696e-16
50,60.1171875,-0.12581461358363766,0.6801458628985099,0.0
50,60.85937499999999,-0.15566135386160226,0.6098161935639967,-1.1102230246251565e-16
50,61.6015625,-0.18497400172726738,0.5407849666289571,0.0
50,62.34374999999999,-0.21352004229777188,0.4736721957313366,1.1102230246251565e-16
50,63.08593749999999,-0.24107373226394532,0.40904235868303335,1.1102230246251565e-16
50,63.828124999999986,-0.2674182443032058,0.347481397217038,2.220446049250313e-16
50,64.5703125,-0.2923477260126859,0.28949239040199765,3.3306690738754696e-16
50,65.3125,-0.3156692535515375,0.2356110185953794,3.3306690738754696e-16
50,66.05468749999999,-0.3372046611951456,0.18624935042649599,3.3306690738754696e-16
50,66.79687499999999,-0.35679222919874426,0.14188626396899912,1.1102230246251565e-16
50,67.5390625,-0.3742882137322454,0.10279808247132359,3.3306690738754696e-16
50,68.28125,-0.38956820416873295,0.06942912734558582,0.0
50,69.0234375,-0.4025282946714962,0.04178067153273713,1.1102230246251565e-16
50,69.76562499999999,-0.4130860588125621,0.02043446385164847,2.220446049250313e-16
50,70.5078125,-0.42118131785231594,0.0029920763864535686,1.1102230246251565e-16
50,71.25,-0.42677669529663687,0.0,0.0001574034698438309
50,71.9921875,-0.4298579524059159,0.0,0.00022614710301527285
50,72.73437499999999,-0.4304341014395474,0.0,0.00010910726244406366
50,73.47656249999999,-0.4285372955596734,0.007639815917247203,5.551115123125783e-16
50,74.21875,-0.42422249646850596,0.026030711355620063,3.3306690738754696e-16
50,74.9609375,-0.41756692299374026,0.04877153704112323,2.220446049250313e-16
50,75.70312499999999,-0.4086692859457976,0.07725195038179519,3.3306690738754696e-16
50,76.44531249999999,-0.3976488166285803,0.11097741846300303,3.3306690738754696e-16
50,77.1875,-0.3846440983722731,0.14974320750848708,1.1102230246251565e-16
50,77.9296875,-0.36981171235333804,0.19306845793813246,2.220446049250313e-16
50,78.671875,-0.3533247107549686,0.2405579682854984,1.1102230246251565e-16
50,79.41406249999999,-0.33537093198367773,0.2916805600496933,2.220446049250313e-16
50,80.15624999999999,-0.3161511741783613,0.3459420848028527,3.3306690738754696e-16
50,80.8984375,-0.2958772446124943,0.4027622566534701,4.440892098500626e-16
50,81.640625,-0.27476990378489324,0.4615837899463689,3.3306690738754696e-16
50,82.38281249999999,-0.2530567240082728,0.52179241721345,1.1102230246251565e-16
50,83.12499999999999,-0.23096988312782177,0.5827953618321253,1.1102230246251565e-16
50,83.8671875,-0.20874391462629474,0.6439645316117766,3.3306690738754696e-16
50,84.609375,-0.18661343579172335,0.7046974952292427,3.3306690738754696e-16
50,85.35156249999999,-0.1648108758346435,0.7643745286317161,0.0
50,86.09374999999999,-0.14356422584177975,0.8224084818382266,2.220446049250313e-16
50,86.8359375,-0.12309483224236062,0.878210587548801,3.3306690738754696e-16
50,87.578125,-0.10361525504373523,0.9312327144971031,3.3306690738754696e-16
50,88.32031249999999,-0.08532721146872094,0.9809388327008979,2.220446049250313e-16
50,89.06249999999999,-0.06841962480417096,1.0268417349063272,2.220446049250313e-16
50,89.80468749999999,-0.05306679725655133,1.0684781005831188,1.1102230246251565e-16
50,90.546875,-0.03942672441555897,1.1054410135509116,4.440892098500626e-16
50,91.2890625,-0.02763956756258881,1.1373571708468813,3.3306690738754696e-16
50,92.03124999999999,-0.0178262985402276,1.163916105534942,3.3306690738754696e-16
50,92.77343749999999,-0.01008753023662029,1.1848484593683084,3.3306690738754696e-16
50,93.515625,-0.004502543950485466,1.1999525868725778,3.3306690738754696e-16
50,94.2578125,-0.001128523006001858,1.2090730523437874,5.551115123125783e-16
50,94.99999999999999,0.0,1.2121251712849233,1.1102230246251565e-16
50,95.74218749999999,-0.0011285230060017746,1.2090730523437883,0.0
50,96.48437499999999,-0.004502543950485437,1.1999525868725764,3.3306690738754696e-16
50,97.2265625,-0.010087530236620344,1.1848484593683062,2.220446049250313e-16
50,97.96874999999999,-0.017826298540227378,1.1639161055349487,1.1102230246251565e-16
50,98.71093749999999,-0.02763956756258867,1.1373571708468733,1.1102230246251565e-16
50,99.45312499999999,-0.039426724415558834,1.1054410135509045,1.1102230246251565e-16
50,100.1953125,-0.05306679725655091,1.0684781005831288,2.220446049250313e-16
50,100.9375,-0.06841962480417078,1.0268417349063326,3.3306690738754696e-16
50,101.67968749999999,-0.08532721146872076,0.9809388327009055,2.220446049250313e-16
50,102.42187499999999,-0.10361525504373535,0.931232714497072,0.0
50,103.16406249999999,-0.12309483224236006,0.8782105875488315,2.220446049250313e-16
50,103.90625,-0.14356422584177994,0.8224084818382129,2.220446049250313e-16
50,104.64843749999999,-0.16481087583464366,0.7643745286317019,2.220446049250313e-16
50,105.39062499999999,-0.18661343579172274,0.7046974952292631,3.3306690738754696e-16
50,106.13281249999999,-0.2087439146262941,0.6439645316117846,3.3306690738754696e-16
50,106.875,-0.23096988312782193,0.5827953618321128,4.440892098500626e-16
50,107.61718749999999,-0.2530567240082726,0.5217924172134506,3.3306690738754696e-16
50,108.35937499999999,-0.27476990378489263,0.46158378994638516,2.220446049250313e-16
50,109.10156249999999,-0.2958772446124945,0.4027622566534455,3.3306690738754696e-16
50,109.84375,-0.31615117417836114,0.34594208480286354,5.551115123125783e-16
50,110.5859375,-0.3353709319836772,0.29168056004969894,3.3306690738754696e-16
50,111.32812499999999,-0.3533247107549684,0.24055796828550682,3.3306690738754696e-16
50,112.07031249999999,-0.369811712353338,0.19306845793812646,1.1102230246251565e-16
50,112.81249999999999,-0.384644098372273,0.14974320750848494,0.0
50,113.5546875,-0.39764881662858015,0.11097741846299801,1.1102230246251565e-16
50,114.29687499999999,-0.4086692859457973,0.07725195038179936,2.220446049250313e-16
50,115.03906249999999,-0.4175669229937402,0.04877153704112806,1.1102230246251565e-16
50,115.78124999999999,-0.4242224964685058,0.026030711355621995,0.0
50,116.5234375,-0.42853729555967335,0.007639815917242759,3.3306690738754696e-16
50,117.26562499999999,-0.4304341014395474,0.0,0.00010910726244406366
50,118.00781249999999,-0.4298579524059159,0.0,0.00022614710301527285
50,118.74999999999999,-0.4267766952966369,0.0,0.00015740346984360887
50,119.49218749999999,-0.4211813178523161,0.002992076386453955,0.0
50,120.234375,-0.41308605881256216,0.02043446385163958,-1.1102230246251565e-16
50,120.97656249999999,-0.40252829467149615,0.04178067153274988,1.1102230246251565e-16
50,121.71874999999999,-0.3895682041687334,0.06942912734558233,1.1102230246251565e-16
50,122.46093749999999,-0.3742882137322458,0.10279808247131007,1.1102230246251565e-16
50,123.203125,-0.3567922291987444,0.14188626396899437,-1.1102230246251565e-16
50,123.94531249999997,-0.33720466119514547,0.1862493504264976,1.1102230246251565e-16
50,124.68749999999999,-0.3156692535515374,0.23561101859538897,4.440892098500626e-16
50,125.4296875,-0.2923477260126857,0.28949239040200275,-1.1102230246251565e-16
50,126.17187499999999,-0.26741824430320604,0.3474813972170374,1.1102230246251565e-16
50,126.91406249999999,-0.24107373226394566,0.4090423586830241,1.1102230246251565e-16
50,127.65624999999997,-0.21352004229777213,0.4736721957313347,1.1102230246251565e-16
50,128.3984375,-0.18497400172726766,0.5407849666289531,2.220446049250313e-16
50,129.140625,-0.15566135386160207,0.6098161935640257,0.0
50,129.88281249999997,-0.12581461358363824,0.6801458628984794,1.1102230246251565e-16
50,130.625,-0.0956708580912721,0.7511744599021114,1.1102230246251565e-16
50,131.3671875,-0.06546947405135664,0.8222683280866038,-1.1102230246251565e-16
50,132.10937499999997,-0.03544988284402281,0.8928184191501862,1.1102230246251565e-16
50,132.8515625,-0.005849265786107255,0.9621997132692056,0.0
50,133.59374999999997,0.023099688777655752,1.0298184682669018,3.3306690738754696e-16
50,134.3359375,0.05117099483777465,1.0950809283304408,2.220446049250313e-16
50,135.078125,0.07814751327908433,1.157432365324027,3.3306690738754696e-16
50,135.82031249999997,0.1038230110016936,1.2163320957197077,1.1102230246251565e-16
50,136.5625,0.1280041147926044,1.2712862998861005,2.220446049250313e-16
50,137.30468749999997,0.1505121411506085,1.3218273665910045,1.1102230246251565e-16
50,138.046875,0.17118478446179541,1.3675417437026762,0.0
50,138.7890625,0.18987764728728487,1.408052232433124,4.440892098500626e-16
50,139.53124999999997,0.20646559804543108,1.4430416948418998,3.3306690738754696e-16
50,140.2734375,0.2208439430331354,1.4722373099715471,2.220446049250313e-16
50,141.015625,0.2329294015189531,1.4954307081402811,1.1102230246251565e-16
50,141.75781249999997,0.2426608745373211,1.512463470322528,1.1102230246251565e-16
50,142.5,0.24999999999999994,1.523244107135848,-1.1102230246251565e-16
50,143.24218749999997,0.25493148879877725,1.52773427995379,3.3306690738754696e-16
50,143.984375,0.2574632386826621,1.5259629546989126,1.1102230246251565e-16
50,144.7265625,0.2576262248329691,1.518012975065965,3.3306690738754696e-16
50,145.46874999999997,0.2554741682102119,1.5040326743478298,-1.1102230246251565e-16
50,146.2109375,0.25108298488689273,1.4842225529301538,5.551115123125783e-16
50,146.95312499999997,0.24455002168947695,1.458844610561855,3.3306690738754696e-16
50,147.6953125,0.23599308553075982,1.4282089805745497,2.220446049250313e-16
50,148.4375,0.2255492758006689,1.3926812403329674,1.1102230246251565e-16
50,149.17968749999997,0.21337363108012883,1.3526689382968191,1.1102230246251565e-16
50,149.921875,0.1996376032307166,1.3086271448862266,1.1102230246251565e-16
50,150.66406249999997,0.1845273735752247,1.2610448782109196,2.220446049250313e-16
50,151.40624999999997,0.16824202740488822,1.2104491662026027,6.661338147750939e-16
50,152.1484375,0.15099160441333873,1.1573914339868356,1.1102230246251565e-16
50,152.89062499999997,0.13299504385208744,1.102450357109558,1.1102230246251565e-16
50,153.6328125,0.11447804421613693,1.0462183188167573,4.440892098500626e-16
50,154.375,0.09567085809127225,0.989303340736619,2.220446049250313e-16
50,155.11718749999997,0.07680604341885786,0.9323157521145189,4.440892098500626e-16
50,155.859375,0.05811619285353839,0.8758694863600834,0.0
50,156.60156249999997,0.039831663100036066,0.8205691268034063,2.220446049250313e-16
50,157.34375,0.022178326115227034,0.7670108536689386,1.1102230246251565e-16
50,158.0859375,0.005375363850946709,0.715770042462033,0.0
50,158.82812499999997,-0.010366872206594406,0.6674021353285569,3.3306690738754696e-16
50,159.5703125,-0.02484891606913686,0.6224309691886266,0.0
50,160.31249999999997,-0.03788413704173613,0.5813498277169017,1.1102230246251565e-16
50,161.05468749999997,-0.04930056548622269,0.544610667450045,1.1102230246251565e-16
50,161.796875,-0.05894257695252808,0.5126255818630842,1.1102230246251565e-16
50,162.53906249999997,-0.06667241844193209,0.4857570757587845,1.1102230246251565e-16
50,163.28125,-0.07237156208691016,0.46432014160296226,2.220446049250313e-16
50,164.0234375,-0.07594187319460804,0.4485737066631209,1.1102230246251565e-16
50,164.76562499999997,-0.07730658138905303,0.43872348472998746,2.220446049250313e-16
50,165.5078125,-0.0764110454837825,0.43491468803771777,1.1102230246251565e-16
50,166.24999999999997,-0.07322330470336316,0.43723577586382595,0.0
50,166.99218749999997,-0.06773441093018234,0.44571248574782246,1.1102230246251565e-16
50,167.734375,-0.05995853876206796,0.46031255558769696,3.3306690738754696e-16
50,168.47656249999997,-0.04993287230643128,0.48094108773576777,2.220446049250313e-16
50,169.21875,-0.03771726978713777,0.5074462746251382,2.220446049250313e-16
50,169.96093749999997,-0.023393709180437594,0.5396160667126385,2.220446049250313e-16
50,170.70312499999997,-0.007065520205474961,0.5771848850014252,3.3306690738754696e-16
50,171.4453125,0.011143589947212455,0.6198315213052773,2.220446049250313e-16
50,172.18749999999997,0.031090707778999412,0.6671867759442343,1.1102230246251565e-16
50,172.9296875,0.05261507027151532,0.7188324781762482,5.551115123125783e-16
50,173.671875,0.07553959424516732,0.7743099454543795,1.1102230246251565e-16
50,174.41406249999997,0.0996725635706782,0.8331199747712632,4.440892098500626e-16
50,175.15625,0.12480945799581689,0.8947319826977876,4.440892098500626e-16
50,175.89843749999997,0.15073490598526276,0.9585847863244253,5.551115123125783e-16
50,176.64062499999997,0.1772247427768282,1.0240962522015733,2.220446049250313e-16
50,177.3828125,0.2040481538434928,1.090664659842881,3.3306690738754696e-16
50,178.12499999999997,0.23096988312782096,1.1576786637870073,-2.220446049250313e-16
50,178.8671875,0.25775248479107504,1.2245190142982345,3.3306690738754696e-16
50,179.60937499999997,0.2841585967997864,1.2905686209365372,3.3306690738754696e-16
50,180.35156249999997,0.30995321446187474,1.3552143949004352,4.440892098500626e-16
50,181.09375,0.33490594202432455,1.417857195288118,1.1102230246251565e-16
50,181.83593749999997,0.35879320065535836,1.4779135559148922,2.220446049250313e-16
50,182.578125,0.38140037155353634,1.5348252971094598,1.1102230246251565e-16
50,183.32031249999997,0.40252385355054243,1.5880609068989187,3.3306690738754696e-16
50,184.06249999999997,0.4219730153974441,1.637124611616237,1.1102230246251565e-16
50,184.8046875,0.4395720239379198,1.6815571968377212,4.440892098500626e-16
50,185.54687499999997,0.4551615305668317,1.7209443488541727,3.3306690738754696e-16
50,186.28906249999997,0.4686001997367659,1.754916724094088,7.771561172376096e-16
50,187.03125,0.47976606479587086,1.7831573998920147,-1.1102230246251565e-16
50,187.77343749999997,0.4885576981027245,1.8054010314574405,-2.220446049250313e-16
50,188.515625,0.49489518415210065,1.8214402833253318,1.1102230246251565e-16
50,189.25781249999997,0.49872088634210027,1.8311239490887374,1.1102230246251565e-16
halfspace,0.0,0.5,1.6862114541042936,0.0
halfspace,0.7421874999999999,0.4987208863421003,1.6830190310248374,-2.220446049250313e-16
halfspace,1.4843749999999998,0.49489518415210065,1.673472062824934,0.0
halfspace,2.2265625,0.4885576981027247,1.6576611610717036,-4.440892098500626e-16
halfspace,2.9687499999999996,0.47976606479587086,1.6357363760237402,2.220446049250313e-16
halfspace,3.7109374999999996,0.46860019973676625,1.6079057529007141,-3.3306690738754696e-16
halfspace,4.453125,0.45516153056683156,1.57443333016303,4.440892098500626e-16
halfspace,5.195312499999999,0.4395720239379195,1.5356365990778176,0.0
halfspace,5.937499999999999,0.4219730153974445,1.4918834490360116,0.0
halfspace,6.6796875,0.4025238535505435,1.4435886280364338,0.0
halfspace,7.421874999999999,0.38140037155353657,1.3912097524227938,2.220446049250313e-16
halfspace,8.1640625,0.35879320065535936,1.3352429042993343,2.220446049250313e-16
halfspace,8.90625,0.33490594202432467,1.2762178590217943,-3.3306690738754696e-16
halfspace,9.6484375,0.30995321446187474,1.2146929887224855,-1.1102230246251565e-16
halfspace,10.390624999999998,0.2841585967997873,1.151249890947983,0.0
halfspace,11.132812499999998,0.25775248479107493,1.0864877941350084,-1.1102230246251565e-16
halfspace,11.874999999999998,0.2309698831278217,1.0210177937987708,-2.220446049250313e-16
halfspace,12.6171875,0.2040481538434925,0.9554569749381561,-1.1102230246251565e-16
halfspace,13.359375,0.17722474277682873,0.8904224772577229,0.0
halfspace,14.101562499999998,0.1507349059852633,0.8265255603567944,0.0
halfspace,14.843749999999998,0.12480945799581633,0.7643657260357332,0.0
halfspace,15.585937499999998,0.09967256357067844,0.7045249543197162,-1.1102230246251565e-16
halfspace,16.328125,0.07553959424516743,0.6475621087041915,4.440892098500626e-16
halfspace,17.0703125,0.052615070271515435,0.5940075644964738,2.220446049250313e-16
halfspace,17.8125,0.03109070777899944,0.5443581119796643,2.220446049250313e-16
halfspace,18.5546875,0.01114358994721168,0.4990721834768232,0.0
halfspace,19.296875,-0.0070655202054751,0.4585654502752257,-1.1102230246251565e-16
halfspace,20.039062499999996,-0.023393709180437178,0.42320683180707835,-5.551115123125783e-16
halfspace,20.781249999999996,-0.037717269787137436,0.3933149555133689,-1.1102230246251565e-16
halfspace,21.523437499999996,-0.049932872306431064,0.36915510147628317,0.0
halfspace,22.265624999999996,-0.0599585387620678,0.35093666123751416,0.0
halfspace,23.007812499999996,-0.06773441093018245,0.3388111352667799,0.0
halfspace,23.749999999999996,-0.0732233047033631,0.3328706883579813,-1.1102230246251565e-16
halfspace,24.492187499999996,-0.07641104548378247,0.33314727685642603,-2.220446049250313e-16
halfspace,25.234375,-0.07730658138905303,0.3396123561133459,2.220446049250313e-16
halfspace,25.9765625,-0.07594187319460802,0.3521771709762481,0.0
halfspace,26.71875,-0.07237156208691028,0.3706936265079703,2.220446049250313e-16
halfspace,27.4609375,-0.06667241844193206,0.3949557305390281,0.0
halfspace,28.203124999999996,-0.05894257695252799,0.42470159415155717,2.220446049250313e-16
halfspace,28.945312499999996,-0.04930056548622294,0.4596159708182017,0.0
halfspace,29.687499999999996,-0.03788413704173635,0.4993333097332486,-1.1102230246251565e-16
halfspace,30.429687499999996,-0.024848916069137163,0.5434412939195421,-2.220446049250313e-16
halfspace,31.171874999999996,-0.010366872206595129,0.5914848290273487,0.0
halfspace,31.914062499999993,0.005375363850946557,0.6429704443993867,-4.440892098500626e-16
halfspace,32.65625,0.02217832611522702,0.6973710640070001,0.0
halfspace,33.39843749999999,0.039831663100035886,0.7541311012989792,2.220446049250313e-16
halfspace,34.140625,0.05811619285353838,0.8126718288859803,2.220446049250313e-16
halfspace,34.88281249999999,0.07680604341885718,0.8723969713357433,-1.1102230246251565e-16
halfspace,35.625,0.09567085809127242,0.9326984672060837,-4.440892098500626e-16
halfspace,36.36718749999999,0.1144780442161371,0.992962344811874,-2.220446049250313e-16
halfspace,37.109375,0.1329950438520871,1.0525746551279564,-2.220446049250313e-16
halfspace,37.85156249999999,0.15099160441333842,1.1109274046779238,4.440892098500626e-16
halfspace,38.59375,0.16824202740488808,1.1674244312604725,-4.440892098500626e-16
halfspace,39.3359375,0.184527373575224,1.2214871659140774,2.220446049250313e-16
halfspace,40.07812499999999,0.19963760323071644,1.2725602256168236,4.440892098500626e-16
halfspace,40.8203125,0.21337363108012875,1.3201167828480864,4.440892098500626e-16
halfspace,41.56249999999999,0.2255492758006689,1.3636636602879417,-4.440892098500626e-16
halfspace,42.3046875,0.23599308553075948,1.4027461015763012,0.0
halfspace,43.04687499999999,0.24455002168947673,1.4369521721746665,2.220446049250313e-16
halfspace,43.7890625,0.25108298488689285,1.4659167479343405,0.0
halfspace,44.53124999999999,0.25547416821021185,1.4893250529466278,-3.3306690738754696e-16
halfspace,45.2734375,0.25762622483296904,1.5069157125902042,0.0
halfspace,46.01562499999999,0.2574632386826621,1.5184832923604648,-2.220446049250313e-16
halfspace,46.7578125,0.2549314887987773,1.5238802980173454,6.661338147750939e-16
halfspace,47.49999999999999,0.25,1.5230186177759426,0.0
halfspace,48.24218749999999,0.2426608745373212,1.5158703926380652,-1.1102230246251565e-16
halfspace,48.98437499999999,0.23292940151895322,1.5024683064694107,-1.1102230246251565e-16
halfspace,49.72656249999999,0.2208439430331354,1.4829052930160318,0.0
halfspace,50.46875,0.2064655980454315,1.4573336626682785,2.220446049250313e-16
halfspace,51.21093749999999,0.1898776472872847,1.4259636573690895,-4.440892098500626e-16
halfspace,51.953125,0.1711847844617958,1.3890614475703098,-2.220446049250313e-16
halfspace,52.69531249999999,0.1505121411506091,1.3469465905146218,-1.1102230246251565e-16
halfspace,53.4375,0.12800411479260468,1.2999889743078843,2.220446049250313e-16
halfspace,54.17968749999999,0.10382301100169407,1.2486052771995773,-1.1102230246251565e-16
halfspace,54.921875,0.07814751327908459,1.1932549761568496,-1.1102230246251565e-16
halfspace,55.66406249999999,0.051170994837774916,1.1344359431595166,2.220446049250313e-16
halfspace,56.40624999999999,0.02309968877765707,1.072679671612827,-2.220446049250313e-16
halfspace,57.14843749999999,-0.005849265786106964,1.008546178837712,-1.1102230246251565e-16
halfspace,57.89062499999999,-0.03544988284402279,0.9426186337173181,2.220446049250313e-16
halfspace,58.63281249999999,-0.06546947405135689,0.8754977612266078,-2.220446049250313e-16
halfspace,59.37499999999999,-0.09567085809127233,0.8077960777190183,-4.440892098500626e-16
halfspace,60.1171875,-0.12581461358363766,0.7401320124759364,-1.1102230246251565e-16
halfspace,60.85937499999999,-0.15566135386160226,0.6731239721189484,0.0
halfspace,61.6015625,-0.18497400172726738,0.607384405035576,2.220446049250313e-16
halfspace,62.34374999999999,-0.21352004229777188,0.5435139229698871,2.220446049250313e-16
halfspace,63.08593749999999,-0.24107373226394532,0.48209553637719105,-3.3306690738754696e-16
halfspace,63.828124999999986,-0.2674182443032058,0.4236890590491957,0.0
halfspace,64.5703125,-0.2923477260126859,0.3688257358829546,-1.1102230246251565e-16
halfspace,65.3125,-0.3156692535515375,0.3180031455211044,0.0
halfspace,66.05468749999999,-0.3372046611951456,0.27168042694105254,0.0
halfspace,66.79687499999999,-0.35679222919874426,0.23027387595367557,0.0
halfspace,67.5390625,-0.3742882137322454,0.19415295400771604,-1.1102230246251565e-16
halfspace,68.28125,-0.38956820416873295,0.16363674772732173,0.0
halfspace,69.0234375,-0.4025282946714962,0.1389909132676965,-2.220446049250313e-16
halfspace,69.76562499999999,-0.4130860588125621,0.12042513490696978,0.0
halfspace,70.5078125,-0.42118131785231594,0.10809112233835302,2.220446049250313e-16
halfspace,71.25,-0.42677669529663687,0.10208116594030286,0.0
halfspace,71.9921875,-0.4298579524059159,0.10242726392800773,-1.1102230246251565e-16
halfspace,72.73437499999999,-0.4304341014395474,0.10910082978279502,4.440892098500626e-16
halfspace,73.47656249999999,-0.4285372955596734,0.12201298276765828,0.0
halfspace,74.21875,-0.42422249646850596,0.14101541872191214,2.220446049250313e-16
halfspace,74.9609375,-0.41756692299374026,0.16590185273967753,0.0
halfspace,75.70312499999999,-0.4086692859457976,0.19641001982997877,-2.220446049250313e-16
halfspace,76.44531249999999,-0.3976488166285803,0.23222421428243933,0.0
halfspace,77.1875,-0.3846440983722731,0.2729783432746975,0.0
halfspace,77.9296875,-0.36981171235333804,0.3182594653060426,-2.220446049250313e-16
halfspace,78.671875,-0.3533247107549686,0.36761177937234985,2.220446049250313e-16
halfspace,79.41406249999999,-0.33537093198367773,0.42054102645685115,2.220446049250313e-16
halfspace,80.15624999999999,-0.3161511741783613,0.47651926094114777,0.0
halfspace,80.8984375,-0.2958772446124943,0.5349899459777898,-1.1102230246251565e-16
halfspace,81.640625,-0.27476990378489324,0.5953733237471659,2.220446049250313e-16
halfspace,82.38281249999999,-0.2530567240082728,0.6570720088735473,2.220446049250313e-16
halfspace,83.12499999999999,-0.23096988312782177,0.7194767511263255,2.220446049250313e-16
halfspace,83.8671875,-0.20874391462629474,0.781972311903477,-3.3306690738754696e-16
halfspace,84.609375,-0.18661343579172335,0.8439433978972873,-1.1102230246251565e-16
halfspace,85.35156249999999,-0.1648108758346435,0.9047805947931356,0.0
halfspace,86.09374999999999,-0.14356422584177975,0.9638862438515179,2.220446049250313e-16
halfspace,86.8359375,-0.12309483224236062,1.0206802047742547,0.0
halfspace,87.578125,-0.10361525504373523,1.0746054493508823,-2.220446049250313e-16
halfspace,88.32031249999999,-0.08532721146872094,1.1251334320112323,2.220446049250313e-16
halfspace,89.06249999999999,-0.06841962480417096,1.1717691855598111,-1.1102230246251565e-16
halfspace,89.80468749999999,-0.05306679725655133,1.214056093013092,0.0
halfspace,90.546875,-0.03942672441555897,1.251580289581961,-1.1102230246251565e-16
halfspace,91.2890625,-0.02763956756258881,1.28397465240271,2.220446049250313e-16
halfspace,92.03124999999999,-0.0178262985402276,1.3109223395911669,0.0
halfspace,92.77343749999999,-0.01008753023662029,1.332159844534531,4.440892098500626e-16
halfspace,93.515625,-0.004502543950485466,1.3474795360049538,4.440892098500626e-16
halfspace,94.2578125,-0.001128523006001858,1.3567316596305647,-2.220446049250313e-16
halfspace,94.99999999999999,0.0,1.3598257814475945,0.0
halfspace,95.74218749999999,-0.0011285230060017746,1.356731659630567,-2.220446049250313e-16
halfspace,96.48437499999999,-0.004502543950485437,1.3474795360049532,0.0
halfspace,97.2265625,-0.010087530236620344,1.3321598445345244,-1.1102230246251565e-16
halfspace,97.96874999999999,-0.017826298540227378,1.3109223395911627,0.0
halfspace,98.71093749999999,-0.02763956756258867,1.2839746524027131,0.0
halfspace,99.45312499999999,-0.039426724415558834,1.2515802895819534,0.0
halfspace,100.1953125,-0.05306679725655091,1.2140560930131057,0.0
halfspace,100.9375,-0.06841962480417078,1.1717691855598185,2.220446049250313e-16
halfspace,101.67968749999999,-0.08532721146872076,1.1251334320112414,2.220446049250313e-16
halfspace,102.42187499999999,-0.10361525504373535,1.0746054493508557,0.0
halfspace,103.16406249999999,-0.12309483224236006,1.0206802047742876,-2.220446049250313e-16
halfspace,103.90625,-0.14356422584177994,0.9638862438514952,-1.1102230246251565e-16
halfspace,104.64843749999999,-0.16481087583464366,0.9047805947931163,-1.1102230246251565e-16
halfspace,105.39062499999999,-0.18661343579172274,0.843943397897312,0.0
halfspace,106.13281249999999,-0.2087439146262941,0.7819723119034927,0.0
halfspace,106.875,-0.23096988312782193,0.7194767511262997,0.0
halfspace,107.61718749999999,-0.2530567240082726,0.6570720088735511,0.0
halfspace,108.35937499999999,-0.27476990378489263,0.5953733237471804,-2.220446049250313e-16
halfspace,109.10156249999999,-0.2958772446124945,0.5349899459777786,0.0
halfspace,109.84375,-0.31615117417836114,0.4765192609411491,0.0
halfspace,110.5859375,-0.3353709319836772,0.4205410264568544,-1.1102230246251565e-16
halfspace,111.32812499999999,-0.3533247107549684,0.36761177937235245,0.0
halfspace,112.07031249999999,-0.369811712353338,0.31825946530603577,-1.1102230246251565e-16
halfspace,112.81249999999999,-0.384644098372273,0.272978343274705,0.0
halfspace,113.5546875,-0.39764881662858015,0.23222421428243487,0.0
halfspace,114.29687499999999,-0.4086692859457973,0.19641001982999004,-3.3306690738754696e-16
halfspace,115.03906249999999,-0.4175669229937402,0.16590185273965097,-4.440892098500626e-16
halfspace,115.78124999999999,-0.4242224964685058,0.1410154187219282,0.0
halfspace,116.5234375,-0.42853729555967335,0.12201298276766244,0.0
halfspace,117.26562499999999,-0.4304341014395474,0.10910082978279888,0.0
halfspace,118.00781249999999,-0.4298579524059159,0.10242726392800357,0.0
halfspace,118.74999999999999,-0.4267766952966369,0.10208116594030536,-2.220446049250313e-16
halfspace,119.49218749999999,-0.4211813178523161,0.1080911223383397,0.0
halfspace,120.234375,-0.41308605881256216,0.12042513490698406,2.220446049250313e-16
halfspace,120.97656249999999,-0.40252829467149615,0.1389909132676948,-3.3306690738754696e-16
halfspace,121.71874999999999,-0.3895682041687334,0.16363674772731351,-1.1102230246251565e-16
halfspace,122.46093749999999,-0.3742882137322458,0.19415295400770755,0.0
halfspace,123.203125,-0.3567922291987444,0.2302738759536744,0.0
halfspace,123.94531249999997,-0.33720466119514547,0.27168042694105593,-1.1102230246251565e-16
halfspace,124.68749999999999,-0.3156692535515374,0.318003145521103,-2.220446049250313e-16
halfspace,125.4296875,-0.2923477260126857,0.36882573588297984,0.0
halfspace,126.17187499999999,-0.26741824430320604,0.42368905904917137,-2.220446049250313e-16
halfspace,126.91406249999999,-0.24107373226394566,0.48209553637720387,0.0
halfspace,127.65624999999997,-0.21352004229777213,0.5435139229698621,-2.220446049250313e-16
halfspace,128.3984375,-0.18497400172726766,0.6073844050355903,4.440892098500626e-16
halfspace,129.140625,-0.15566135386160207,0.6731239721189577,-2.220446049250313e-16
halfspace,129.88281249999997,-0.12581461358363824,0.740132012475917,0.0
halfspace,130.625,-0.0956708580912721,0.8077960777190276,-1.1102230246251565e-16
halfspace,131.3671875,-0.06546947405135664,0.875497761226617,2.220446049250313e-16
halfspace,132.10937499999997,-0.03544988284402281,0.9426186337173319,2.220446049250313e-16
halfspace,132.8515625,-0.005849265786107255,1.0085461788377124,-2.220446049250313e-16
halfspace,133.59374999999997,0.023099688777655752,1.0726796716127909,-2.220446049250313e-16
halfspace,134.3359375,0.05117099483777465,1.13443594315953,-3.3306690738754696e-16
halfspace,135.078125,0.07814751327908433,1.1932549761568496,-2.220446049250313e-16
halfspace,135.82031249999997,0.1038230110016936,1.2486052771995744,-2.220446049250313e-16
halfspace,136.5625,0.1280041147926044,1.2999889743078858,-1.1102230246251565e-16
halfspace,137.30468749999997,0.1505121411506085,1.3469465905146127,2.220446049250313e-16
halfspace,138.046875,0.17118478446179541,1.3890614475703054,-1.1102230246251565e-16
halfspace,138.7890625,0.18987764728728487,1.4259636573691035,-1.1102230246251565e-16
halfspace,139.53124999999997,0.20646559804543108,1.4573336626682591,-2.220446049250313e-16
halfspace,140.2734375,0.2208439430331354,1.482905293016034,-3.3306690738754696e-16
halfspace,141.015625,0.2329294015189531,1.5024683064694155,-2.220446049250313e-16
halfspace,141.75781249999997,0.2426608745373211,1.515870392638064,0.0
halfspace,142.5,0.24999999999999994,1.5230186177759475,0.0
halfspace,143.24218749999997,0.25493148879877725,1.5238802980173487,4.440892098500626e-16
halfspace,143.984375,0.2574632386826621,1.5184832923604683,4.440892098500626e-16
halfspace,144.7265625,0.2576262248329691,1.506915712590199,0.0
halfspace,145.46874999999997,0.2554741682102119,1.4893250529466313,0.0
halfspace,146.2109375,0.25108298488689273,1.4659167479343311,0.0
halfspace,146.95312499999997,0.24455002168947695,1.4369521721746819,2.220446049250313e-16
halfspace,147.6953125,0.23599308553075982,1.402746101576309,0.0
halfspace,148.4375,0.2255492758006689,1.3636636602879155,-2.220446049250313e-16
halfspace,149.17968749999997,0.21337363108012883,1.3201167828481135,4.440892098500626e-16
halfspace,149.921875,0.1996376032307166,1.2725602256167943,-2.220446049250313e-16
halfspace,150.66406249999997,0.1845273735752247,1.2214871659141129,-1.1102230246251565e-16
halfspace,151.40624999999997,0.16824202740488822,1.167424431260454,-1.1102230246251565e-16
halfspace,152.1484375,0.15099160441333873,1.1109274046779274,0.0
halfspace,152.89062499999997,0.13299504385208744,1.0525746551279638,0.0
halfspace,153.6328125,0.11447804421613693,0.9929623448118754,2.220446049250313e-16
halfspace,154.375,0.09567085809127225,0.9326984672060558,-1.1102230246251565e-16
halfspace,155.11718749999997,0.07680604341885786,0.8723969713357816,-1.1102230246251565e-16
halfspace,155.859375,0.05811619285353839,0.8126718288859532,-1.1102230246251565e-16
halfspace,156.60156249999997,0.039831663100036066,0.7541311012989826,0.0
halfspace,157.34375,0.022178326115227034,0.697371064006999,0.0
halfspace,158.0859375,0.005375363850946709,0.6429704443993908,4.440892098500626e-16
halfspace,158.82812499999997,-0.010366872206594406,0.5914848290273531,-3.3306690738754696e-16
halfspace,159.5703125,-0.02484891606913686,0.5434412939195576,2.220446049250313e-16
halfspace,160.31249999999997,-0.03788413704173613,0.49933330973323686,-1.1102230246251565e-16
halfspace,161.05468749999997,-0.04930056548622269,0.4596159708182168,0.0
halfspace,161.796875,-0.05894257695252808,0.4247015941515407,0.0
halfspace,162.53906249999997,-0.06667241844193209,0.3949557305390367,2.220446049250313e-16
halfspace,163.28125,-0.07237156208691016,0.37069362650796395,-1.1102230246251565e-16
halfspace,164.0234375,-0.07594187319460804,0.3521771709762531,0.0
halfspace,164.76562499999997,-0.07730658138905303,0.33961235611332846,-2.220446049250313e-16
halfspace,165.5078125,-0.0764110454837825,0.33314727685643414,0.0
halfspace,166.24999999999997,-0.07322330470336316,0.33287068835798617,-1.1102230246251565e-16
halfspace,166.99218749999997,-0.06773441093018234,0.33881113526678064,-2.220446049250313e-16
halfspace,167.734375,-0.05995853876206796,0.3509366612375115,0.0
halfspace,168.47656249999997,-0.04993287230643128,0.3691551014762846,-2.220446049250313e-16
halfspace,169.21875,-0.03771726978713777,0.3933149555133572,-2.220446049250313e-16
halfspace,169.96093749999997,-0.023393709180437594,0.4232068318070729,-1.1102230246251565e-16
halfspace,170.70312499999997,-0.007065520205474961,0.4585654502752275,2.220446049250313e-16
halfspace,171.4453125,0.011143589947212455,0.4990721834768509,0.0
halfspace,172.18749999999997,0.031090707778999412,0.5443581119796584,-2.220446049250313e-16
halfspace,172.9296875,0.05261507027151532,0.5940075644964649,-2.220446049250313e-16
halfspace,173.671875,0.07553959424516732,0.6475621087041914,2.220446049250313e-16
halfspace,174.41406249999997,0.0996725635706782,0.7045249543197006,-1.1102230246251565e-16
halfspace,175.15625,0.12480945799581689,0.7643657260357736,4.440892098500626e-16
halfspace,175.89843749999997,0.15073490598526276,0.8265255603567673,0.0
halfspace,176.64062499999997,0.1772247427768282,0.8904224772577083,0.0
halfspace,177.3828125,0.2040481538434928,0.9554569749381986,0.0
halfspace,178.12499999999997,0.23096988312782096,1.021017793798723,-3.3306690738754696e-16
halfspace,178.8671875,0.25775248479107504,1.0864877941350561,2.220446049250313e-16
halfspace,179.60937499999997,0.2841585967997864,1.1512498909479345,-2.220446049250313e-16
halfspace,180.35156249999997,0.30995321446187474,1.2146929887225026,-1.1102230246251565e-16
halfspace,181.09375,0.33490594202432455,1.2762178590218125,0.0
halfspace,181.83593749999997,0.35879320065535836,1.335242904299302,0.0
halfspace,182.578125,0.38140037155353634,1.391209752422809,-2.220446049250313e-16
halfspace,183.32031249999997,0.40252385355054243,1.4435886280363979,0.0
halfspace,184.06249999999997,0.4219730153974441,1.491883449036027,4.440892098500626e-16
halfspace,184.8046875,0.4395720239379198,1.5356365990778251,-1.1102230246251565e-16
halfspace,185.54687499999997,0.4551615305668317,1.574433330163026,4.440892098500626e-16
halfspace,186.28906249999997,0.4686001997367659,1.607905752900753,8.881784197001252e-16
halfspace,187.03125,0.47976606479587086,1.6357363760236765,-6.661338147750939e-16
halfspace,187.77343749999997,0.4885576981027245,1.6576611610717502,1.3322676295501878e-15
halfspace,188.515625,0.49489518415210065,1.6734720628249538,8.881784197001252e-16
halfspace,189.25781249999997,0.49872088634210027,1.6830190310248174,0.0
