radius_reserve,full_cap_diameter_um,skin_mass_kg,functional_area_m2,assumed_JPY_kg,assumed_JPY_m2,partial_initial_JPY,annual_10pct_replacement_JPY
1.0,100.0,1395.7186107782306,146917.74850297163,500,10,2167036.7904188316,216703.67904188318
1.0,100.0,1395.7186107782306,146917.74850297163,500,100,15389634.15568628,1538963.415568628
1.0,100.0,1395.7186107782306,146917.74850297163,2000,10,4260614.706586177,426061.4706586178
1.0,100.0,1395.7186107782306,146917.74850297163,2000,100,17483212.071853627,1748321.2071853627
1.25,125.0,2180.8103293409854,229558.9820358932,500,10,3385994.9850294245,338599.4985029425
1.25,125.0,2180.8103293409854,229558.9820358932,500,100,24046303.368259814,2404630.3368259813
1.25,125.0,2180.8103293409854,229558.9820358932,2000,10,6657210.479040903,665721.0479040904
1.25,125.0,2180.8103293409854,229558.9820358932,2000,100,27317518.86227129,2731751.886227129
1.5,150.0,3140.3668742510195,330564.9341316862,500,10,4875832.778442372,487583.27784423716
1.5,150.0,3140.3668742510195,330564.9341316862,500,100,34626676.850294136,3462667.6850294136
1.5,150.0,3140.3668742510195,330564.9341316862,2000,10,9586383.089818902,958638.3089818903
1.5,150.0,3140.3668742510195,330564.9341316862,2000,100,39337227.16167066,3933722.7161670662
2.0,200.0,5582.874443112923,587670.9940118865,500,10,8668147.161675327,866814.7161675327
2.0,200.0,5582.874443112923,587670.9940118865,500,100,61558536.62274512,6155853.662274512
2.0,200.0,5582.874443112923,587670.9940118865,2000,10,17042458.82634471,1704245.8826344712
2.0,200.0,5582.874443112923,587670.9940118865,2000,100,69932848.2874145,6993284.828741451
