core_side_um,skin_um,arms,arm_radius_um,arm_length_um,envelope_volume_m3,foam_inner_m3,dense_skin_and_arms_m3,mass_kg,envelope_density_kg_m3,packing_to_bulk120,mass_at_phi055_t,dense_fraction_of_mass,extra_mass_over_all_foam_same_envelope_t
300,0,6,25,150,2.8767145867644253e-11,2.6999999999999994e-11,1.7671458676442587e-12,7.86520337176157e-09,273.40923593702524,0.4389025103293869,135.33757178882752,0.2516404571136077,27.4275717888275
300,2,6,25,150,2.8767145867644253e-11,2.5934335999999997e-11,2.832809867644256e-12,8.826432299761566e-09,306.8233581590402,0.3911045127724554,151.8775622887249,0.3594597391119483,43.967562288724906
300,5,6,25,150,2.8767145867644253e-11,2.4389e-11,4.378145867644252e-12,1.0220325371761562e-08,355.27769834326307,0.3377639535484102,175.86246067991524,0.4797815327200681,67.95246067991522
300,10,6,25,150,2.8767145867644253e-11,2.1951999999999994e-11,6.815145867644259e-12,1.2418499371761569e-08,431.69035360331776,0.2779770244999928,213.68672503364232,0.6146445833156113,105.77672503364231
500,0,6,25,150,1.2676714586764426e-10,1.25e-10,1.7671458676442587e-12,2.922920337176157e-08,230.57396434782368,0.5204403729597957,114.13411235217272,0.06771321635380884,6.22411235217272
500,2,6,25,150,1.2676714586764426e-10,1.22023936e-10,4.74320986764426e-12,3.191361309976157e-08,251.74987479076094,0.47666359357571336,124.61618802142668,0.16646172387799177,16.706188021426666
500,5,6,25,150,1.2676714586764426e-10,1.17649e-10,9.118145867644274e-12,3.585980537176159e-08,282.879330652457,0.42420914855539915,140.02526867296623,0.28478468485507885,32.11526867296621
500,10,6,25,150,1.2676714586764426e-10,1.1059199999999997e-10,1.61751458676443e-11,4.2225219371761605e-08,333.0927669212364,0.3602599993664089,164.88091962601203,0.429036572013097,56.97091962601201
750,0,6,25,150,4.2364214586764426e-10,4.21875e-10,1.7671458676442587e-12,9.394795337176157e-08,221.762528322933,0.5411193717328777,109.77245151985186,0.021067019564861213,1.862451519851839
750,2,6,25,150,4.2364214586764426e-10,4.1516093599999986e-10,8.481209867644404e-12,1.000040390997617e-07,236.05781453813452,0.5083500422758269,116.8486181963766,0.09498571394987153,8.93861819637659
750,5,6,25,150,4.2364214586764426e-10,4.05224e-10,1.8418145867644257e-11,1.0896715537176157e-07,257.21509636060966,0.4665356026839216,127.3214726985018,0.18930771663612062,19.411472698501782
750,10,6,25,150,4.2364214586764426e-10,3.8901699999999994e-10,3.462514586764432e-11,1.2358586937176163e-07,291.7223193614281,0.4113500820323813,144.40254808390694,0.3137912414169786,36.49254808390691
