pad_thickness_um,pad_area_m2,pad_composite_kg,retained_LL_kg,LL_price_JPY_kg_assumed,raw_purchase_JPY,forming_JPY_m2_assumed,forming_JPY,partial_initial_JPY_ex_tax,annual_10pct_replacement_JPY_ex_tax,ethanol_circulated_kg_at_0p25,ethanol_makeup_kg_at_95pct_recovery
1,330564.8860345017,395.6367139940493,375.8548782943468,1000,519273.18711718963,10,3305648.860345017,3824922.047462207,382492.2047462207,98.90917849851232,4.9454589249256165
1,330564.8860345017,395.6367139940493,375.8548782943468,1000,519273.18711718963,100,33056488.60345017,33575761.79056736,3357576.179056736,98.90917849851232,4.9454589249256165
1,330564.8860345017,395.6367139940493,375.8548782943468,5000,2398547.5785889234,10,3305648.860345017,5704196.438933941,570419.643893394,98.90917849851232,4.9454589249256165
1,330564.8860345017,395.6367139940493,375.8548782943468,5000,2398547.5785889234,100,33056488.60345017,35455036.1820391,3545503.61820391,98.90917849851232,4.9454589249256165
1,330564.8860345017,395.6367139940493,375.8548782943468,10000,4747640.567928591,10,3305648.860345017,8053289.428273608,805328.9428273608,98.90917849851232,4.9454589249256165
1,330564.8860345017,395.6367139940493,375.8548782943468,10000,4747640.567928591,100,33056488.60345017,37804129.17137876,3780412.917137876,98.90917849851232,4.9454589249256165
5,330564.8860345017,1978.1835699702465,1879.2743914717341,1000,2596365.935585948,10,3305648.860345017,5902014.795930965,590201.4795930965,494.5458924925616,24.727294624628083
5,330564.8860345017,1978.1835699702465,1879.2743914717341,1000,2596365.935585948,100,33056488.60345017,35652854.53903612,3565285.4539036117,494.5458924925616,24.727294624628083
5,330564.8860345017,1978.1835699702465,1879.2743914717341,5000,11992737.892944619,10,3305648.860345017,15298386.753289636,1529838.6753289637,494.5458924925616,24.727294624628083
5,330564.8860345017,1978.1835699702465,1879.2743914717341,5000,11992737.892944619,100,33056488.60345017,45049226.49639479,4504922.649639479,494.5458924925616,24.727294624628083
5,330564.8860345017,1978.1835699702465,1879.2743914717341,10000,23738202.839642957,10,3305648.860345017,27043851.699987974,2704385.1699987976,494.5458924925616,24.727294624628083
5,330564.8860345017,1978.1835699702465,1879.2743914717341,10000,23738202.839642957,100,33056488.60345017,56794691.44309313,5679469.144309313,494.5458924925616,24.727294624628083
10,330564.8860345017,3956.367139940493,3758.5487829434683,1000,5192731.871171896,10,3305648.860345017,8498380.731516913,849838.0731516914,989.0917849851232,49.454589249256166
10,330564.8860345017,3956.367139940493,3758.5487829434683,1000,5192731.871171896,100,33056488.60345017,38249220.47462207,3824922.0474622073,989.0917849851232,49.454589249256166
10,330564.8860345017,3956.367139940493,3758.5487829434683,5000,23985475.785889238,10,3305648.860345017,27291124.646234255,2729112.4646234256,989.0917849851232,49.454589249256166
10,330564.8860345017,3956.367139940493,3758.5487829434683,5000,23985475.785889238,100,33056488.60345017,57041964.38933941,5704196.438933942,989.0917849851232,49.454589249256166
10,330564.8860345017,3956.367139940493,3758.5487829434683,10000,47476405.67928591,10,3305648.860345017,50782054.539630935,5078205.453963093,989.0917849851232,49.454589249256166
10,330564.8860345017,3956.367139940493,3758.5487829434683,10000,47476405.67928591,100,33056488.60345017,80532894.2827361,8053289.42827361,989.0917849851232,49.454589249256166
