case,distance_m,x_um,height_centered_um,p_MPa,wear_um,phase_A,loaded_gap_um
P37_gap1,0.0,0.0,1.1564169660710863,2.32065939323346,0.0,True,-1.014674884731714e-16
P37_gap1,0.0,1.484375,1.1412608682718022,2.3206593932334516,0.0,True,-3.132257252867465e-16
P37_gap1,0.0,2.96875,1.1102415426044043,2.3206593932334596,0.0,True,4.411629933616147e-18
P37_gap1,0.0,4.453125,1.059432321948031,2.320659393233456,0.0,True,-1.014674884731714e-16
P37_gap1,0.0,5.9375,0.9853298834023902,2.320659393233459,0.0,True,-4.852792926977762e-17
P37_gap1,0.0,7.421875000000001,0.865403293849097,2.3206593932334565,0.0,True,4.411629933616147e-18
P37_gap1,0.0,8.90625,-0.3479922016113107,0.0,0.0,False,0.9999999999999998
P37_gap1,0.0,10.390625,-0.4713691421760559,0.0,0.0,False,1.0
P37_gap1,0.0,11.875,-0.552475419550822,0.0,0.0,False,1.0
P37_gap1,0.0,13.359375000000002,-0.6142324287655726,0.0,0.0,False,1.0
P37_gap1,0.0,14.843750000000002,-0.6604737156958475,0.0,0.0,False,1.0000000000000002
P37_gap1,0.0,16.328125000000004,-0.6960394013847292,0.0,0.0,False,0.9999999999999998
P37_gap1,0.0,17.8125,-0.7222870885867406,0.0,0.0,False,1.0000000000000002
P37_gap1,0.0,19.296875,-0.7411067934029013,0.0,0.0,False,1.0
P37_gap1,0.0,20.78125,-0.753100565249672,0.0,0.0,False,1.0
P37_gap1,0.0,22.265625,-0.7590081197231603,0.0,0.0,False,1.0000000000000002
P37_gap1,0.0,23.75,-0.7590081197231601,0.0,0.0,False,1.0
P37_gap1,0.0,25.234375000000004,-0.753100565249672,0.0,0.0,False,1.0
P37_gap1,0.0,26.718750000000004,-0.7411067934029013,0.0,0.0,False,1.0
P37_gap1,0.0,28.203125000000004,-0.7222870885867406,0.0,0.0,False,1.0
P37_gap1,0.0,29.687500000000004,-0.6960394013847292,0.0,0.0,False,1.0
P37_gap1,0.0,31.171875000000004,-0.6604737156958472,0.0,0.0,False,1.0
P37_gap1,0.0,32.65625000000001,-0.6142324287655726,0.0,0.0,False,1.0
P37_gap1,0.0,34.14062500000001,-0.552475419550822,0.0,0.0,False,1.0000000000000002
P37_gap1,0.0,35.625,-0.4713691421760559,0.0,0.0,False,1.0000000000000002
P37_gap1,0.0,37.109375,-0.3479922016113107,0.0,0.0,False,1.0000000000000002
P37_gap1,0.0,38.59375,0.8654032938490971,2.3206593932334636,0.0,True,4.2792810356076635e-16
P37_gap1,0.0,40.078125,0.98532988340239,2.320659393233452,0.0,True,1.102907483404037e-16
P37_gap1,0.0,41.5625,1.059432321948031,2.320659393233463,0.0,True,2.1616986674719122e-16
P37_gap1,0.0,43.046875,1.1102415426044043,2.320659393233452,0.0,True,4.411629933616147e-18
P37_gap1,0.0,44.53125,1.1412608682718024,2.3206593932334614,0.0,True,1.102907483404037e-16
P37_gap1,0.0,46.015625,1.1564169660710863,2.320659393233456,0.0,True,-1.014674884731714e-16
P37_gap1,0.0,47.5,1.1564169660710863,2.3206593932334556,0.0,True,-1.014674884731714e-16
P37_gap1,0.0,48.984375,1.1412608682718022,2.3206593932334565,0.0,True,4.411629933616147e-18
P37_gap1,0.0,50.46875000000001,1.1102415426044043,2.3206593932334574,0.0,True,-2.0734660687995893e-16
P37_gap1,0.0,51.95312500000001,1.059432321948031,2.3206593932334543,0.0,True,-1.5440704767656516e-16
P37_gap1,0.0,53.43750000000001,0.9853298834023902,2.320659393233461,0.0,True,4.411629933616147e-18
P37_gap1,0.0,54.92187500000001,0.865403293849097,2.320659393233457,0.0,True,5.735118913700991e-17
P37_gap1,0.0,56.40625000000001,-0.3479922016113107,0.0,0.0,False,1.0
P37_gap1,0.0,57.89062500000001,-0.4713691421760559,0.0,0.0,False,1.0
P37_gap1,0.0,59.37500000000001,-0.552475419550822,0.0,0.0,False,1.0
P37_gap1,0.0,60.859375,-0.6142324287655726,0.0,0.0,False,1.0
P37_gap1,0.0,62.34375000000001,-0.6604737156958475,0.0,0.0,False,1.0000000000000002
P37_gap1,0.0,63.828125,-0.6960394013847292,0.0,0.0,False,0.9999999999999998
P37_gap1,0.0,65.31250000000001,-0.7222870885867406,0.0,0.0,False,1.0000000000000002
P37_gap1,0.0,66.796875,-0.7411067934029013,0.0,0.0,False,1.0
P37_gap1,0.0,68.28125000000001,-0.753100565249672,0.0,0.0,False,1.0
P37_gap1,0.0,69.765625,-0.7590081197231603,0.0,0.0,False,1.0000000000000002
P37_gap1,0.0,71.25,-0.7590081197231601,0.0,0.0,False,1.0
P37_gap1,0.0,72.734375,-0.753100565249672,0.0,0.0,False,1.0
P37_gap1,0.0,74.21875,-0.7411067934029013,0.0,0.0,False,1.0
P37_gap1,0.0,75.703125,-0.7222870885867406,0.0,0.0,False,1.0
P37_gap1,0.0,77.1875,-0.6960394013847292,0.0,0.0,False,1.0
P37_gap1,0.0,78.671875,-0.6604737156958472,0.0,0.0,False,1.0
P37_gap1,0.0,80.15625,-0.6142324287655726,0.0,0.0,False,1.0
P37_gap1,0.0,81.64062500000001,-0.552475419550822,0.0,0.0,False,1.0000000000000002
P37_gap1,0.0,83.125,-0.4713691421760559,0.0,0.0,False,1.0
P37_gap1,0.0,84.60937500000001,-0.3479922016113107,0.0,0.0,False,1.0
P37_gap1,0.0,86.09375,0.8654032938490971,2.320659393233459,0.0,True,5.735118913700991e-17
P37_gap1,0.0,87.57812500000001,0.98532988340239,2.3206593932334556,0.0,True,1.102907483404037e-16
P37_gap1,0.0,89.0625,1.059432321948031,2.3206593932334596,0.0,True,5.735118913700991e-17
P37_gap1,0.0,90.54687500000001,1.1102415426044043,2.320659393233456,0.0,True,-1.014674884731714e-16
P37_gap1,0.0,92.03125,1.1412608682718024,2.3206593932334596,0.0,True,-1.014674884731714e-16
P37_gap1,0.0,93.51562500000001,1.1564169660710863,2.3206593932334543,0.0,True,-1.014674884731714e-16
P37_gap1,0.0,95.0,1.1564169660710863,2.3206593932334587,0.0,True,-1.014674884731714e-16
P37_gap1,0.0,96.484375,1.1412608682718022,2.3206593932334534,0.0,True,-1.014674884731714e-16
P37_gap1,0.0,97.96875,1.1102415426044043,2.3206593932334574,0.0,True,4.411629933616147e-18
P37_gap1,0.0,99.453125,1.059432321948031,2.3206593932334587,0.0,True,1.102907483404037e-16
P37_gap1,0.0,100.93750000000001,0.9853298834023902,2.3206593932334605,0.0,True,1.6323030754379747e-16
P37_gap1,0.0,102.421875,0.865403293849097,2.3206593932334583,0.0,True,2.1616986674719122e-16
P37_gap1,0.0,103.90625000000001,-0.3479922016113107,0.0,0.0,False,1.0
P37_gap1,0.0,105.390625,-0.4713691421760559,0.0,0.0,False,1.0000000000000002
P37_gap1,0.0,106.87500000000001,-0.552475419550822,0.0,0.0,False,1.0000000000000002
P37_gap1,0.0,108.359375,-0.6142324287655726,0.0,0.0,False,1.0
P37_gap1,0.0,109.84375000000001,-0.6604737156958475,0.0,0.0,False,1.0000000000000002
P37_gap1,0.0,111.328125,-0.6960394013847292,0.0,0.0,False,0.9999999999999998
P37_gap1,0.0,112.81250000000001,-0.7222870885867406,0.0,0.0,False,1.0000000000000002
P37_gap1,0.0,114.296875,-0.7411067934029013,0.0,0.0,False,1.0
P37_gap1,0.0,115.78125000000001,-0.753100565249672,0.0,0.0,False,1.0
P37_gap1,0.0,117.265625,-0.7590081197231603,0.0,0.0,False,1.0000000000000002
P37_gap1,0.0,118.75000000000001,-0.7590081197231601,0.0,0.0,False,1.0
P37_gap1,0.0,120.234375,-0.753100565249672,0.0,0.0,False,1.0
P37_gap1,0.0,121.71875,-0.7411067934029013,0.0,0.0,False,1.0
P37_gap1,0.0,123.203125,-0.7222870885867406,0.0,0.0,False,1.0
P37_gap1,0.0,124.68750000000001,-0.6960394013847292,0.0,0.0,False,1.0
P37_gap1,0.0,126.17187500000001,-0.6604737156958472,0.0,0.0,False,1.0
P37_gap1,0.0,127.65625,-0.6142324287655726,0.0,0.0,False,1.0
P37_gap1,0.0,129.140625,-0.552475419550822,0.0,0.0,False,1.0
P37_gap1,0.0,130.62500000000003,-0.4713691421760559,0.0,0.0,False,1.0
P37_gap1,0.0,132.109375,-0.3479922016113107,0.0,0.0,False,1.0
P37_gap1,0.0,133.59375,0.8654032938490971,2.32065939323346,0.0,True,1.102907483404037e-16
P37_gap1,0.0,135.078125,0.98532988340239,2.320659393233454,0.0,True,4.411629933616147e-18
P37_gap1,0.0,136.56250000000003,1.059432321948031,2.32065939323346,0.0,True,4.411629933616147e-18
P37_gap1,0.0,138.046875,1.1102415426044043,2.3206593932334547,0.0,True,4.411629933616147e-18
P37_gap1,0.0,139.53125,1.1412608682718024,2.3206593932334623,0.0,True,1.102907483404037e-16
P37_gap1,0.0,141.015625,1.1564169660710863,2.320659393233454,0.0,True,-1.014674884731714e-16
P37_gap1,0.0,142.5,1.1564169660710863,2.320659393233457,0.0,True,-1.014674884731714e-16
P37_gap1,0.0,143.98437500000003,1.1412608682718022,2.3206593932334543,0.0,True,4.411629933616147e-18
P37_gap1,0.0,145.46875,1.1102415426044043,2.320659393233463,0.0,True,2.1616986674719122e-16
P37_gap1,0.0,146.953125,1.059432321948031,2.3206593932334534,0.0,True,-4.852792926977762e-17
P37_gap1,0.0,148.4375,0.9853298834023902,2.3206593932334623,0.0,True,1.102907483404037e-16
P37_gap1,0.0,149.92187500000003,0.865403293849097,2.320659393233454,0.0,True,-4.852792926977762e-17
P37_gap1,0.0,151.40625,-0.3479922016113107,0.0,0.0,False,0.9999999999999998
P37_gap1,0.0,152.890625,-0.4713691421760559,0.0,0.0,False,1.0
P37_gap1,0.0,154.375,-0.552475419550822,0.0,0.0,False,1.0
P37_gap1,0.0,155.85937500000003,-0.6142324287655726,0.0,0.0,False,1.0
P37_gap1,0.0,157.34375,-0.6604737156958475,0.0,0.0,False,1.0000000000000002
P37_gap1,0.0,158.828125,-0.6960394013847292,0.0,0.0,False,0.9999999999999998
P37_gap1,0.0,160.3125,-0.7222870885867406,0.0,0.0,False,1.0000000000000002
P37_gap1,0.0,161.79687500000003,-0.7411067934029013,0.0,0.0,False,1.0
P37_gap1,0.0,163.28125000000003,-0.753100565249672,0.0,0.0,False,1.0
P37_gap1,0.0,164.765625,-0.7590081197231603,0.0,0.0,False,1.0000000000000002
P37_gap1,0.0,166.25,-0.7590081197231601,0.0,0.0,False,1.0
P37_gap1,0.0,167.734375,-0.753100565249672,0.0,0.0,False,1.0
P37_gap1,0.0,169.21875000000003,-0.7411067934029013,0.0,0.0,False,1.0
P37_gap1,0.0,170.703125,-0.7222870885867406,0.0,0.0,False,1.0
P37_gap1,0.0,172.1875,-0.6960394013847292,0.0,0.0,False,1.0
P37_gap1,0.0,173.671875,-0.6604737156958472,0.0,0.0,False,1.0
P37_gap1,0.0,175.15625000000003,-0.6142324287655726,0.0,0.0,False,1.0
P37_gap1,0.0,176.640625,-0.552475419550822,0.0,0.0,False,1.0
P37_gap1,0.0,178.125,-0.4713691421760559,0.0,0.0,False,1.0
P37_gap1,0.0,179.609375,-0.3479922016113107,0.0,0.0,False,0.9999999999999998
P37_gap1,0.0,181.09375000000003,0.8654032938490971,2.3206593932334565,0.0,True,-1.5440704767656516e-16
P37_gap1,0.0,182.57812500000003,0.98532988340239,2.3206593932334565,0.0,True,4.411629933616147e-18
P37_gap1,0.0,184.0625,1.059432321948031,2.320659393233456,0.0,True,-4.852792926977762e-17
P37_gap1,0.0,185.546875,1.1102415426044043,2.320659393233461,0.0,True,1.102907483404037e-16
P37_gap1,0.0,187.03125000000003,1.1412608682718024,2.3206593932334565,0.0,True,-1.014674884731714e-16
P37_gap1,0.0,188.51562500000003,1.1564169660710863,2.320659393233455,0.0,True,-1.014674884731714e-16
P37_gap1,40.0,0.0,0.5762521177627218,2.320659393233459,0.9282637572933817,True,1.0587911840678754e-16
P37_gap1,40.0,1.484375,0.5610960199634378,2.320659393233456,0.9282637572933815,True,1.0587911840678754e-16
P37_gap1,40.0,2.96875,0.5300766942960399,2.3206593932334565,0.9282637572933817,True,1.0587911840678754e-16
P37_gap1,40.0,4.453125,0.47926747363966643,2.3206593932334543,0.9282637572933815,True,0.0
P37_gap1,40.0,5.9375,0.4051650350940259,2.3206593932334574,0.9282637572933816,True,0.0
P37_gap1,40.0,7.421875000000001,0.2852384455407331,2.3206593932334614,0.9282637572933818,True,-1.0587911840678754e-16
P37_gap1,40.0,8.90625,0.00010670737370785075,0.0,0.0,False,0.07173624270661708
P37_gap1,40.0,10.390625,-0.12327023319103735,0.0,0.0,False,0.07173624270661708
P37_gap1,40.0,11.875,-0.20437651056580342,0.0,0.0,False,0.07173624270661728
P37_gap1,40.0,13.359375000000002,-0.266133519780554,0.0,0.0,False,0.07173624270661708
P37_gap1,40.0,14.843750000000002,-0.31237480671082885,0.0,0.0,False,0.07173624270661728
P37_gap1,40.0,16.328125000000004,-0.34794049239971064,0.0,0.0,False,0.07173624270661685
P37_gap1,40.0,17.8125,-0.374188179601722,0.0,0.0,False,0.07173624270661708
P37_gap1,40.0,19.296875,-0.39300788441788276,0.0,0.0,False,0.07173624270661685
P37_gap1,40.0,20.78125,-0.40500165626465334,0.0,0.0,False,0.07173624270661708
P37_gap1,40.0,22.265625,-0.4109092107381417,0.0,0.0,False,0.07173624270661728
P37_gap1,40.0,23.75,-0.41090921073814146,0.0,0.0,False,0.07173624270661685
P37_gap1,40.0,25.234375000000004,-0.40500165626465334,0.0,0.0,False,0.07173624270661708
P37_gap1,40.0,26.718750000000004,-0.39300788441788276,0.0,0.0,False,0.07173624270661685
P37_gap1,40.0,28.203125000000004,-0.374188179601722,0.0,0.0,False,0.07173624270661728
P37_gap1,40.0,29.687500000000004,-0.34794049239971064,0.0,0.0,False,0.07173624270661685
P37_gap1,40.0,31.171875000000004,-0.3123748067108286,0.0,0.0,False,0.07173624270661708
P37_gap1,40.0,32.65625000000001,-0.266133519780554,0.0,0.0,False,0.07173624270661708
P37_gap1,40.0,34.14062500000001,-0.20437651056580342,0.0,0.0,False,0.07173624270661728
P37_gap1,40.0,35.625,-0.12327023319103735,0.0,0.0,False,0.07173624270661728
P37_gap1,40.0,37.109375,0.00010670737370785075,0.0,0.0,False,0.07173624270661728
P37_gap1,40.0,38.59375,0.28523844554073285,2.320659393233463,0.9282637572933818,True,3.1763735522036263e-16
P37_gap1,40.0,40.078125,0.405165035094026,2.3206593932334565,0.9282637572933813,True,-1.0587911840678754e-16
P37_gap1,40.0,41.5625,0.47926747363966643,2.3206593932334543,0.9282637572933815,True,1.0587911840678754e-16
P37_gap1,40.0,43.046875,0.53007669429604,2.320659393233456,0.9282637572933813,True,-1.0587911840678754e-16
P37_gap1,40.0,44.53125,0.561096019963438,2.3206593932334574,0.9282637572933816,True,0.0
P37_gap1,40.0,46.015625,0.576252117762722,2.3206593932334547,0.9282637572933817,True,-1.0587911840678754e-16
P37_gap1,40.0,47.5,0.576252117762722,2.3206593932334565,0.9282637572933816,True,-1.0587911840678754e-16
P37_gap1,40.0,48.984375,0.5610960199634378,2.3206593932334574,0.9282637572933817,True,3.1763735522036263e-16
P37_gap1,40.0,50.46875000000001,0.5300766942960398,2.320659393233456,0.9282637572933817,True,1.0587911840678754e-16
P37_gap1,40.0,51.95312500000001,0.47926747363966654,2.320659393233454,0.9282637572933816,True,-1.0587911840678754e-16
P37_gap1,40.0,53.43750000000001,0.405165035094026,2.3206593932334583,0.9282637572933816,True,-1.0587911840678754e-16
P37_gap1,40.0,54.92187500000001,0.2852384455407331,2.320659393233462,0.9282637572933818,True,0.0
P37_gap1,40.0,56.40625000000001,0.00010670737370785075,0.0,0.0,False,0.07173624270661728
P37_gap1,40.0,57.89062500000001,-0.12327023319103735,0.0,0.0,False,0.07173624270661728
P37_gap1,40.0,59.37500000000001,-0.20437651056580342,0.0,0.0,False,0.07173624270661728
P37_gap1,40.0,60.859375,-0.266133519780554,0.0,0.0,False,0.07173624270661708
P37_gap1,40.0,62.34375000000001,-0.31237480671082885,0.0,0.0,False,0.07173624270661728
P37_gap1,40.0,63.828125,-0.34794049239971064,0.0,0.0,False,0.07173624270661685
P37_gap1,40.0,65.31250000000001,-0.374188179601722,0.0,0.0,False,0.07173624270661708
P37_gap1,40.0,66.796875,-0.39300788441788276,0.0,0.0,False,0.07173624270661685
P37_gap1,40.0,68.28125000000001,-0.40500165626465334,0.0,0.0,False,0.07173624270661708
P37_gap1,40.0,69.765625,-0.4109092107381417,0.0,0.0,False,0.07173624270661728
P37_gap1,40.0,71.25,-0.41090921073814146,0.0,0.0,False,0.07173624270661685
P37_gap1,40.0,72.734375,-0.40500165626465334,0.0,0.0,False,0.07173624270661708
P37_gap1,40.0,74.21875,-0.39300788441788276,0.0,0.0,False,0.07173624270661685
P37_gap1,40.0,75.703125,-0.374188179601722,0.0,0.0,False,0.07173624270661728
P37_gap1,40.0,77.1875,-0.34794049239971064,0.0,0.0,False,0.07173624270661685
P37_gap1,40.0,78.671875,-0.3123748067108286,0.0,0.0,False,0.07173624270661708
P37_gap1,40.0,80.15625,-0.266133519780554,0.0,0.0,False,0.07173624270661708
P37_gap1,40.0,81.64062500000001,-0.20437651056580342,0.0,0.0,False,0.07173624270661728
P37_gap1,40.0,83.125,-0.12327023319103735,0.0,0.0,False,0.07173624270661728
P37_gap1,40.0,84.60937500000001,0.00010670737370785075,0.0,0.0,False,0.07173624270661708
P37_gap1,40.0,86.09375,0.28523844554073297,2.3206593932334614,0.9282637572933817,True,-1.0587911840678754e-16
P37_gap1,40.0,87.57812500000001,0.4051650350940258,2.320659393233455,0.9282637572933815,True,0.0
P37_gap1,40.0,89.0625,0.47926747363966643,2.320659393233456,0.9282637572933815,True,1.0587911840678754e-16
P37_gap1,40.0,90.54687500000001,0.5300766942960399,2.320659393233456,0.9282637572933816,True,-1.0587911840678754e-16
P37_gap1,40.0,92.03125,0.5610960199634378,2.320659393233456,0.9282637572933814,True,3.1763735522036263e-16
P37_gap1,40.0,93.51562500000001,0.5762521177627222,2.3206593932334574,0.9282637572933815,True,-2.1175823681357508e-16
P37_gap1,40.0,95.0,0.576252117762722,2.320659393233455,0.9282637572933816,True,-1.0587911840678754e-16
P37_gap1,40.0,96.484375,0.561096019963438,2.3206593932334587,0.9282637572933815,True,0.0
P37_gap1,40.0,97.96875,0.53007669429604,2.320659393233455,0.9282637572933815,True,-1.0587911840678754e-16
P37_gap1,40.0,99.453125,0.47926747363966643,2.3206593932334556,0.9282637572933816,True,1.0587911840678754e-16
P37_gap1,40.0,100.93750000000001,0.4051650350940258,2.320659393233459,0.9282637572933818,True,2.1175823681357508e-16
P37_gap1,40.0,102.421875,0.28523844554073274,2.3206593932334596,0.928263757293382,True,1.0587911840678754e-16
P37_gap1,40.0,103.90625000000001,0.00010670737370785075,0.0,0.0,False,0.07173624270661708
P37_gap1,40.0,105.390625,-0.12327023319103735,0.0,0.0,False,0.07173624270661708
P37_gap1,40.0,106.87500000000001,-0.20437651056580342,0.0,0.0,False,0.07173624270661728
P37_gap1,40.0,108.359375,-0.266133519780554,0.0,0.0,False,0.07173624270661708
P37_gap1,40.0,109.84375000000001,-0.31237480671082885,0.0,0.0,False,0.07173624270661728
P37_gap1,40.0,111.328125,-0.34794049239971064,0.0,0.0,False,0.07173624270661685
P37_gap1,40.0,112.81250000000001,-0.374188179601722,0.0,0.0,False,0.07173624270661708
P37_gap1,40.0,114.296875,-0.39300788441788276,0.0,0.0,False,0.07173624270661685
P37_gap1,40.0,115.78125000000001,-0.40500165626465334,0.0,0.0,False,0.07173624270661708
P37_gap1,40.0,117.265625,-0.4109092107381417,0.0,0.0,False,0.07173624270661728
P37_gap1,40.0,118.75000000000001,-0.41090921073814146,0.0,0.0,False,0.07173624270661685
P37_gap1,40.0,120.234375,-0.40500165626465334,0.0,0.0,False,0.07173624270661708
P37_gap1,40.0,121.71875,-0.39300788441788276,0.0,0.0,False,0.07173624270661685
P37_gap1,40.0,123.203125,-0.374188179601722,0.0,0.0,False,0.07173624270661728
P37_gap1,40.0,124.68750000000001,-0.34794049239971064,0.0,0.0,False,0.07173624270661685
P37_gap1,40.0,126.17187500000001,-0.3123748067108286,0.0,0.0,False,0.07173624270661708
P37_gap1,40.0,127.65625,-0.266133519780554,0.0,0.0,False,0.07173624270661708
P37_gap1,40.0,129.140625,-0.20437651056580342,0.0,0.0,False,0.07173624270661728
P37_gap1,40.0,130.62500000000003,-0.12327023319103735,0.0,0.0,False,0.07173624270661728
P37_gap1,40.0,132.109375,0.00010670737370785075,0.0,0.0,False,0.07173624270661708
P37_gap1,40.0,133.59375,0.2852384455407331,2.320659393233461,0.9282637572933818,True,-1.0587911840678754e-16
P37_gap1,40.0,135.078125,0.405165035094026,2.320659393233459,0.9282637572933815,True,-1.0587911840678754e-16
P37_gap1,40.0,136.56250000000003,0.47926747363966643,2.3206593932334547,0.9282637572933813,True,1.0587911840678754e-16
P37_gap1,40.0,138.046875,0.5300766942960399,2.320659393233454,0.9282637572933814,True,-1.0587911840678754e-16
P37_gap1,40.0,139.53125,0.561096019963438,2.3206593932334596,0.9282637572933816,True,1.0587911840678754e-16
P37_gap1,40.0,141.015625,0.5762521177627218,2.3206593932334543,0.9282637572933816,True,1.0587911840678754e-16
P37_gap1,40.0,142.5,0.5762521177627221,2.3206593932334587,0.9282637572933816,True,0.0
P37_gap1,40.0,143.98437500000003,0.5610960199634378,2.320659393233455,0.9282637572933814,True,2.1175823681357508e-16
P37_gap1,40.0,145.46875,0.5300766942960399,2.3206593932334565,0.9282637572933816,True,-1.0587911840678754e-16
P37_gap1,40.0,146.953125,0.47926747363966654,2.3206593932334574,0.9282637572933814,True,1.0587911840678754e-16
P37_gap1,40.0,148.4375,0.405165035094026,2.320659393233455,0.9282637572933816,True,-1.0587911840678754e-16
P37_gap1,40.0,149.92187500000003,0.28523844554073285,2.3206593932334627,0.9282637572933818,True,2.1175823681357508e-16
P37_gap1,40.0,151.40625,0.00010670737370785075,0.0,0.0,False,0.07173624270661728
P37_gap1,40.0,152.890625,-0.12327023319103735,0.0,0.0,False,0.07173624270661728
P37_gap1,40.0,154.375,-0.20437651056580342,0.0,0.0,False,0.07173624270661728
P37_gap1,40.0,155.85937500000003,-0.266133519780554,0.0,0.0,False,0.07173624270661708
P37_gap1,40.0,157.34375,-0.31237480671082885,0.0,0.0,False,0.07173624270661728
P37_gap1,40.0,158.828125,-0.34794049239971064,0.0,0.0,False,0.07173624270661685
P37_gap1,40.0,160.3125,-0.374188179601722,0.0,0.0,False,0.07173624270661708
P37_gap1,40.0,161.79687500000003,-0.39300788441788276,0.0,0.0,False,0.07173624270661685
P37_gap1,40.0,163.28125000000003,-0.40500165626465334,0.0,0.0,False,0.07173624270661708
P37_gap1,40.0,164.765625,-0.4109092107381417,0.0,0.0,False,0.07173624270661728
P37_gap1,40.0,166.25,-0.41090921073814146,0.0,0.0,False,0.07173624270661685
P37_gap1,40.0,167.734375,-0.40500165626465334,0.0,0.0,False,0.07173624270661708
P37_gap1,40.0,169.21875000000003,-0.39300788441788276,0.0,0.0,False,0.07173624270661685
P37_gap1,40.0,170.703125,-0.374188179601722,0.0,0.0,False,0.07173624270661728
P37_gap1,40.0,172.1875,-0.34794049239971064,0.0,0.0,False,0.07173624270661685
P37_gap1,40.0,173.671875,-0.3123748067108286,0.0,0.0,False,0.07173624270661708
P37_gap1,40.0,175.15625000000003,-0.266133519780554,0.0,0.0,False,0.07173624270661708
P37_gap1,40.0,176.640625,-0.20437651056580342,0.0,0.0,False,0.07173624270661728
P37_gap1,40.0,178.125,-0.12327023319103735,0.0,0.0,False,0.07173624270661728
P37_gap1,40.0,179.609375,0.00010670737370785075,0.0,0.0,False,0.07173624270661728
P37_gap1,40.0,181.09375000000003,0.28523844554073297,2.320659393233461,0.9282637572933817,True,1.0587911840678754e-16
P37_gap1,40.0,182.57812500000003,0.4051650350940261,2.3206593932334574,0.9282637572933815,True,-1.0587911840678754e-16
P37_gap1,40.0,184.0625,0.47926747363966665,2.3206593932334587,0.9282637572933813,True,1.0587911840678754e-16
P37_gap1,40.0,185.546875,0.5300766942960399,2.3206593932334534,0.9282637572933816,True,0.0
P37_gap1,40.0,187.03125000000003,0.5610960199634379,2.3206593932334574,0.9282637572933817,True,1.0587911840678754e-16
P37_gap1,40.0,188.51562500000003,0.5762521177627224,2.320659393233454,0.9282637572933817,True,-7.411538288475128e-16
P37_gap1_tol0p05,0.0,0.0,1.1917602374598184,2.3918185253468707,0.0,True,2.6469779601696886e-17
P37_gap1_tol0p05,0.0,1.484375,1.1756434036806958,2.386732752508397,0.0,True,2.6469779601696886e-17
P37_gap1_tol0p05,0.0,2.96875,1.1417787906187007,2.3752288677879494,0.0,True,-7.940933880509066e-17
P37_gap1_tol0p05,0.0,4.453125,1.0863490739518902,2.348397988251743,0.0,True,-3.970466940254533e-16
P37_gap1_tol0p05,0.0,5.9375,1.0060284938504496,2.3182794508086677,0.0,True,-2.6469779601696886e-17
P37_gap1_tol0p05,0.0,7.421875000000001,0.8785250768888091,2.1766214445224326,0.0,True,2.6469779601696886e-17
P37_gap1_tol0p05,0.0,8.90625,-0.3626489302225787,0.0,0.0,False,1.032148871897691
P37_gap1_tol0p05,0.0,10.390625,-0.4860258707873239,0.0,0.0,False,1.0338116084925497
P37_gap1_tol0p05,0.0,11.875,-0.56713214816209,0.0,0.0,False,1.034250677632829
P37_gap1_tol0p05,0.0,13.359375000000002,-0.6288891573768406,0.0,0.0,False,1.0345687947229911
P37_gap1_tol0p05,0.0,14.843750000000002,-0.6751304443071154,0.0,0.0,False,1.0346834559313527
P37_gap1_tol0p05,0.0,16.328125000000004,-0.7106961299959972,0.0,0.0,False,1.0347684163525204
P37_gap1_tol0p05,0.0,17.8125,-0.7369438171980086,0.0,0.0,False,1.0347803983019328
P37_gap1_tol0p05,0.0,19.296875,-0.7557635220141693,0.0,0.0,False,1.034768561292097
P37_gap1_tol0p05,0.0,20.78125,-0.7677572938609399,0.0,0.0,False,1.0347160517715417
P37_gap1_tol0p05,0.0,22.265625,-0.7736648483344283,0.0,0.0,False,1.0346298733895454
P37_gap1_tol0p05,0.0,23.75,-0.7736648483344281,0.0,0.0,False,1.0345107836748297
P37_gap1_tol0p05,0.0,25.234375000000004,-0.7677572938609399,0.0,0.0,False,1.0343396670906353
P37_gap1_tol0p05,0.0,26.718750000000004,-0.7557635220141693,0.0,0.0,False,1.0341330341430655
P37_gap1_tol0p05,0.0,28.203125000000004,-0.7369438171980086,0.0,0.0,False,1.033841399383162
P37_gap1_tol0p05,0.0,29.687500000000004,-0.7106961299959972,0.0,0.0,False,1.0335003118906014
P37_gap1_tol0p05,0.0,31.171875000000004,-0.6751304443071152,0.0,0.0,False,1.0330002711523596
P37_gap1_tol0p05,0.0,32.65625000000001,-0.6288891573768406,0.0,0.0,False,1.0324048566265525
P37_gap1_tol0p05,0.0,34.14062500000001,-0.56713214816209,0.0,0.0,False,1.0314158769610169
P37_gap1_tol0p05,0.0,35.625,-0.4860258707873239,0.0,0.0,False,1.030122774047366
P37_gap1_tol0p05,0.0,37.109375,-0.3626489302225787,0.0,0.0,False,1.0268342648354523
P37_gap1_tol0p05,0.0,38.59375,0.8698807368560835,2.1101147821680253,0.0,True,7.940933880509066e-17
P37_gap1_tol0p05,0.0,40.078125,0.9984516664421021,2.289590817433467,0.0,True,-1.852884572118782e-16
P37_gap1_tol0p05,0.0,41.5625,1.0801309323960904,2.324886162163538,0.0,True,-7.940933880509066e-17
P37_gap1_tol0p05,0.0,43.046875,1.1371582946082637,2.3602056406091534,0.0,True,2.6469779601696886e-17
P37_gap1_tol0p05,0.0,44.53125,1.172798116286099,2.3769489740571035,0.0,True,1.3234889800848443e-16
P37_gap1_tol0p05,0.0,46.015625,1.19079950147998,2.3890873131441412,0.0,True,3.441071348220595e-16
P37_gap1_tol0p05,0.0,47.5,1.1917602374598184,2.3918185253468693,0.0,True,2.6469779601696886e-17
P37_gap1_tol0p05,0.0,48.984375,1.1756434036806958,2.3867327525083937,0.0,True,2.6469779601696886e-17
P37_gap1_tol0p05,0.0,50.46875000000001,1.1417787906187007,2.3752288677879534,0.0,True,1.3234889800848443e-16
P37_gap1_tol0p05,0.0,51.95312500000001,1.0863490739518902,2.348397988251744,0.0,True,-2.9116757561866574e-16
P37_gap1_tol0p05,0.0,53.43750000000001,1.0060284938504496,2.318279450808665,0.0,True,-2.6469779601696886e-17
P37_gap1_tol0p05,0.0,54.92187500000001,0.8785250768888091,2.1766214445224326,0.0,True,2.6469779601696886e-17
P37_gap1_tol0p05,0.0,56.40625000000001,-0.3626489302225787,0.0,0.0,False,1.032148871897691
P37_gap1_tol0p05,0.0,57.89062500000001,-0.4860258707873239,0.0,0.0,False,1.0338116084925497
P37_gap1_tol0p05,0.0,59.37500000000001,-0.56713214816209,0.0,0.0,False,1.034250677632829
P37_gap1_tol0p05,0.0,60.859375,-0.6288891573768406,0.0,0.0,False,1.0345687947229911
P37_gap1_tol0p05,0.0,62.34375000000001,-0.6751304443071154,0.0,0.0,False,1.0346834559313527
P37_gap1_tol0p05,0.0,63.828125,-0.7106961299959972,0.0,0.0,False,1.0347684163525204
P37_gap1_tol0p05,0.0,65.31250000000001,-0.7369438171980086,0.0,0.0,False,1.0347803983019328
P37_gap1_tol0p05,0.0,66.796875,-0.7557635220141693,0.0,0.0,False,1.034768561292097
P37_gap1_tol0p05,0.0,68.28125000000001,-0.7677572938609399,0.0,0.0,False,1.0347160517715417
P37_gap1_tol0p05,0.0,69.765625,-0.7736648483344283,0.0,0.0,False,1.0346298733895454
P37_gap1_tol0p05,0.0,71.25,-0.7736648483344281,0.0,0.0,False,1.0345107836748297
P37_gap1_tol0p05,0.0,72.734375,-0.7677572938609399,0.0,0.0,False,1.0343396670906353
P37_gap1_tol0p05,0.0,74.21875,-0.7557635220141693,0.0,0.0,False,1.0341330341430655
P37_gap1_tol0p05,0.0,75.703125,-0.7369438171980086,0.0,0.0,False,1.033841399383162
P37_gap1_tol0p05,0.0,77.1875,-0.7106961299959972,0.0,0.0,False,1.0335003118906014
P37_gap1_tol0p05,0.0,78.671875,-0.6751304443071152,0.0,0.0,False,1.0330002711523596
P37_gap1_tol0p05,0.0,80.15625,-0.6288891573768406,0.0,0.0,False,1.0324048566265525
P37_gap1_tol0p05,0.0,81.64062500000001,-0.56713214816209,0.0,0.0,False,1.0314158769610169
P37_gap1_tol0p05,0.0,83.125,-0.4860258707873239,0.0,0.0,False,1.030122774047366
P37_gap1_tol0p05,0.0,84.60937500000001,-0.3626489302225787,0.0,0.0,False,1.0268342648354523
P37_gap1_tol0p05,0.0,86.09375,0.8698807368560835,2.1101147821680204,0.0,True,-1.3234889800848443e-16
P37_gap1_tol0p05,0.0,87.57812500000001,0.9984516664421021,2.2895908174334707,0.0,True,-1.852884572118782e-16
P37_gap1_tol0p05,0.0,89.0625,1.0801309323960904,2.324886162163536,0.0,True,-2.6469779601696886e-17
P37_gap1_tol0p05,0.0,90.54687500000001,1.1371582946082637,2.360205640609156,0.0,True,-7.940933880509066e-17
P37_gap1_tol0p05,0.0,92.03125,1.172798116286099,2.3769489740571017,0.0,True,-7.940933880509066e-17
P37_gap1_tol0p05,0.0,93.51562500000001,1.19079950147998,2.389087313144141,0.0,True,1.3234889800848443e-16
P37_gap1_tol0p05,0.0,95.0,1.1917602374598184,2.3918185253468667,0.0,True,2.6469779601696886e-17
P37_gap1_tol0p05,0.0,96.484375,1.1756434036806958,2.3867327525084,0.0,True,2.3822801641527197e-16
P37_gap1_tol0p05,0.0,97.96875,1.1417787906187007,2.3752288677879485,0.0,True,-7.940933880509066e-17
P37_gap1_tol0p05,0.0,99.453125,1.0863490739518902,2.3483979882517456,0.0,True,-1.852884572118782e-16
P37_gap1_tol0p05,0.0,100.93750000000001,1.0060284938504496,2.3182794508086646,0.0,True,2.6469779601696886e-17
P37_gap1_tol0p05,0.0,102.421875,0.8785250768888092,2.1766214445224334,0.0,True,-2.6469779601696886e-17
P37_gap1_tol0p05,0.0,103.90625000000001,-0.3626489302225787,0.0,0.0,False,1.032148871897691
P37_gap1_tol0p05,0.0,105.390625,-0.4860258707873239,0.0,0.0,False,1.0338116084925497
P37_gap1_tol0p05,0.0,106.87500000000001,-0.56713214816209,0.0,0.0,False,1.034250677632829
P37_gap1_tol0p05,0.0,108.359375,-0.6288891573768406,0.0,0.0,False,1.0345687947229911
P37_gap1_tol0p05,0.0,109.84375000000001,-0.6751304443071154,0.0,0.0,False,1.0346834559313527
P37_gap1_tol0p05,0.0,111.328125,-0.7106961299959972,0.0,0.0,False,1.0347684163525204
P37_gap1_tol0p05,0.0,112.81250000000001,-0.7369438171980086,0.0,0.0,False,1.0347803983019328
P37_gap1_tol0p05,0.0,114.296875,-0.7557635220141693,0.0,0.0,False,1.034768561292097
P37_gap1_tol0p05,0.0,115.78125000000001,-0.7677572938609399,0.0,0.0,False,1.0347160517715417
P37_gap1_tol0p05,0.0,117.265625,-0.7736648483344283,0.0,0.0,False,1.0346298733895454
P37_gap1_tol0p05,0.0,118.75000000000001,-0.7736648483344281,0.0,0.0,False,1.0345107836748297
P37_gap1_tol0p05,0.0,120.234375,-0.7677572938609399,0.0,0.0,False,1.0343396670906353
P37_gap1_tol0p05,0.0,121.71875,-0.7557635220141693,0.0,0.0,False,1.0341330341430655
P37_gap1_tol0p05,0.0,123.203125,-0.7369438171980086,0.0,0.0,False,1.033841399383162
P37_gap1_tol0p05,0.0,124.68750000000001,-0.7106961299959972,0.0,0.0,False,1.0335003118906014
P37_gap1_tol0p05,0.0,126.17187500000001,-0.6751304443071152,0.0,0.0,False,1.0330002711523596
P37_gap1_tol0p05,0.0,127.65625,-0.6288891573768406,0.0,0.0,False,1.0324048566265525
P37_gap1_tol0p05,0.0,129.140625,-0.56713214816209,0.0,0.0,False,1.0314158769610169
P37_gap1_tol0p05,0.0,130.62500000000003,-0.4860258707873239,0.0,0.0,False,1.030122774047366
P37_gap1_tol0p05,0.0,132.109375,-0.3626489302225787,0.0,0.0,False,1.0268342648354523
P37_gap1_tol0p05,0.0,133.59375,0.8698807368560835,2.110114782168027,0.0,True,7.940933880509066e-17
P37_gap1_tol0p05,0.0,135.078125,0.9984516664421021,2.289590817433464,0.0,True,-2.3822801641527197e-16
P37_gap1_tol0p05,0.0,136.56250000000003,1.0801309323960904,2.3248861621635397,0.0,True,-7.940933880509066e-17
P37_gap1_tol0p05,0.0,138.046875,1.1371582946082637,2.360205640609154,0.0,True,-1.852884572118782e-16
P37_gap1_tol0p05,0.0,139.53125,1.1727981162860988,2.3769489740570973,0.0,True,-1.852884572118782e-16
P37_gap1_tol0p05,0.0,141.015625,1.19079950147998,2.3890873131441444,0.0,True,3.441071348220595e-16
P37_gap1_tol0p05,0.0,142.5,1.1917602374598184,2.3918185253468667,0.0,True,2.6469779601696886e-17
P37_gap1_tol0p05,0.0,143.98437500000003,1.1756434036806958,2.3867327525083986,0.0,True,2.3822801641527197e-16
P37_gap1_tol0p05,0.0,145.46875,1.1417787906187007,2.3752288677879516,0.0,True,1.3234889800848443e-16
P37_gap1_tol0p05,0.0,146.953125,1.0863490739518902,2.348397988251743,0.0,True,-2.9116757561866574e-16
P37_gap1_tol0p05,0.0,148.4375,1.0060284938504498,2.3182794508086637,0.0,True,-1.3234889800848443e-16
P37_gap1_tol0p05,0.0,149.92187500000003,0.8785250768888091,2.176621444522436,0.0,True,2.3822801641527197e-16
P37_gap1_tol0p05,0.0,151.40625,-0.3626489302225787,0.0,0.0,False,1.0321488718976912
P37_gap1_tol0p05,0.0,152.890625,-0.4860258707873239,0.0,0.0,False,1.0338116084925497
P37_gap1_tol0p05,0.0,154.375,-0.56713214816209,0.0,0.0,False,1.034250677632829
P37_gap1_tol0p05,0.0,155.85937500000003,-0.6288891573768406,0.0,0.0,False,1.0345687947229911
P37_gap1_tol0p05,0.0,157.34375,-0.6751304443071154,0.0,0.0,False,1.0346834559313527
P37_gap1_tol0p05,0.0,158.828125,-0.7106961299959972,0.0,0.0,False,1.0347684163525204
P37_gap1_tol0p05,0.0,160.3125,-0.7369438171980086,0.0,0.0,False,1.0347803983019328
P37_gap1_tol0p05,0.0,161.79687500000003,-0.7557635220141693,0.0,0.0,False,1.034768561292097
P37_gap1_tol0p05,0.0,163.28125000000003,-0.7677572938609399,0.0,0.0,False,1.0347160517715417
P37_gap1_tol0p05,0.0,164.765625,-0.7736648483344283,0.0,0.0,False,1.0346298733895454
P37_gap1_tol0p05,0.0,166.25,-0.7736648483344281,0.0,0.0,False,1.0345107836748297
P37_gap1_tol0p05,0.0,167.734375,-0.7677572938609399,0.0,0.0,False,1.0343396670906353
P37_gap1_tol0p05,0.0,169.21875000000003,-0.7557635220141693,0.0,0.0,False,1.0341330341430655
P37_gap1_tol0p05,0.0,170.703125,-0.7369438171980086,0.0,0.0,False,1.033841399383162
P37_gap1_tol0p05,0.0,172.1875,-0.7106961299959972,0.0,0.0,False,1.0335003118906014
P37_gap1_tol0p05,0.0,173.671875,-0.6751304443071152,0.0,0.0,False,1.0330002711523596
P37_gap1_tol0p05,0.0,175.15625000000003,-0.6288891573768406,0.0,0.0,False,1.0324048566265525
P37_gap1_tol0p05,0.0,176.640625,-0.56713214816209,0.0,0.0,False,1.0314158769610169
P37_gap1_tol0p05,0.0,178.125,-0.4860258707873239,0.0,0.0,False,1.0301227740473662
P37_gap1_tol0p05,0.0,179.609375,-0.3626489302225787,0.0,0.0,False,1.0268342648354523
P37_gap1_tol0p05,0.0,181.09375000000003,0.8698807368560835,2.110114782168025,0.0,True,1.3234889800848443e-16
P37_gap1_tol0p05,0.0,182.57812500000003,0.9984516664421021,2.2895908174334694,0.0,True,-2.6469779601696886e-17
P37_gap1_tol0p05,0.0,184.0625,1.0801309323960904,2.324886162163537,0.0,True,-2.6469779601696886e-17
P37_gap1_tol0p05,0.0,185.546875,1.1371582946082635,2.3602056406091516,0.0,True,2.6469779601696886e-17
P37_gap1_tol0p05,0.0,187.03125000000003,1.172798116286099,2.3769489740571093,0.0,True,3.441071348220595e-16
P37_gap1_tol0p05,0.0,188.51562500000003,1.19079950147998,2.3890873131441364,0.0,True,1.3234889800848443e-16
P37_gap1_tol0p05,40.0,0.0,0.6013836879501495,2.325676202330586,0.9384754584946876,True,2.1175823681357508e-16
P37_gap1_tol0p05,40.0,1.484375,0.5862349539335282,2.3252600593268498,0.9375073587321864,True,2.1175823681357508e-16
P37_gap1_tol0p05,40.0,2.96875,0.5550657665393126,2.3237656869124987,0.9348119330644062,True,1.0587911840678754e-16
P37_gap1_tol0p05,40.0,4.453125,0.5040191749552057,2.3217116549183174,0.9304288079817032,True,2.1175823681357508e-16
P37_gap1_tol0p05,40.0,5.9375,0.42968494723701167,2.3198257036540055,0.9244424555984564,True,1.0587911840678754e-16
P37_gap1_tol0p05,40.0,7.421875000000001,0.3096281088927153,2.3189678500572137,0.9169958769811128,True,2.1175823681357508e-16
P37_gap1_tol0p05,40.0,8.90625,-0.014550021237560136,0.0,0.0,False,0.11079863475595973
P37_gap1_tol0p05,40.0,10.390625,-0.13792696180230532,0.0,0.0,False,0.11078665695855325
P37_gap1_tol0p05,40.0,11.875,-0.2190332391770714,0.0,0.0,False,0.11076690272252827
P37_gap1_tol0p05,40.0,13.359375000000002,-0.280790248391822,0.0,0.0,False,0.11074926034775724
P37_gap1_tol0p05,40.0,14.843750000000002,-0.32703153532209683,0.0,0.0,False,0.11073270975485842
P37_gap1_tol0p05,40.0,16.328125000000004,-0.36259722101097863,0.0,0.0,False,0.11071772341772454
P37_gap1_tol0p05,40.0,17.8125,-0.38884490821299,0.0,0.0,False,0.11070366396593044
P37_gap1_tol0p05,40.0,19.296875,-0.40766461302915075,0.0,0.0,False,0.1106900217084005
P37_gap1_tol0p05,40.0,20.78125,-0.41965838487592133,0.0,0.0,False,0.1106764645881905
P37_gap1_tol0p05,40.0,22.265625,-0.42556593934940967,0.0,0.0,False,0.11066212535799656
P37_gap1_tol0p05,40.0,23.75,-0.42556593934940945,0.0,0.0,False,0.11064685480285252
P37_gap1_tol0p05,40.0,25.234375000000004,-0.41965838487592133,0.0,0.0,False,0.11062941931571262
P37_gap1_tol0p05,40.0,26.718750000000004,-0.40766461302915075,0.0,0.0,False,0.110609780396329
P37_gap1_tol0p05,40.0,28.203125000000004,-0.38884490821299,0.0,0.0,False,0.11058602637888225
P37_gap1_tol0p05,40.0,29.687500000000004,-0.36259722101097863,0.0,0.0,False,0.11055810744576149
P37_gap1_tol0p05,40.0,31.171875000000004,-0.3270315353220966,0.0,0.0,False,0.1105224126288771
P37_gap1_tol0p05,40.0,32.65625000000001,-0.280790248391822,0.0,0.0,False,0.11047837567109028
P37_gap1_tol0p05,40.0,34.14062500000001,-0.2190332391770714,0.0,0.0,False,0.11041645592495332
P37_gap1_tol0p05,40.0,35.625,-0.13792696180230532,0.0,0.0,False,0.11033219736294159
P37_gap1_tol0p05,40.0,37.109375,-0.014550021237560136,0.0,0.0,False,0.11017117497114112
P37_gap1_tol0p05,40.0,38.59375,0.30866218125972417,2.3142215972569167,0.9093174645813781,True,1.0587911840678754e-16
P37_gap1_tol0p05,40.0,40.078125,0.42858854712139305,2.3144948126053486,0.9179620283057279,True,-1.0587911840678754e-16
P37_gap1_tol0p05,40.0,41.5625,0.502975115825503,2.316727471505346,0.9252547255556064,True,2.1175823681357508e-16
P37_gap1_tol0p05,40.0,43.046875,0.5542123156053715,2.3197673342759337,0.9310448879879105,True,1.0587911840678754e-16
P37_gap1_tol0p05,40.0,44.53125,0.5856802861769458,2.3227002688333265,0.9352167390941719,True,-1.0587911840678754e-16
P37_gap1_tol0p05,40.0,46.015625,0.6011910593217502,2.3247940771251456,0.9377073511432479,True,2.1175823681357508e-16
P37_gap1_tol0p05,40.0,47.5,0.6013836879501497,2.32567620233059,0.9384754584946874,True,2.1175823681357508e-16
P37_gap1_tol0p05,40.0,48.984375,0.5862349539335282,2.3252600593268453,0.9375073587321867,True,2.1175823681357508e-16
P37_gap1_tol0p05,40.0,50.46875000000001,0.5550657665393125,2.323765686912502,0.9348119330644064,True,2.1175823681357508e-16
P37_gap1_tol0p05,40.0,51.95312500000001,0.5040191749552059,2.3217116549183148,0.9304288079817034,True,0.0
P37_gap1_tol0p05,40.0,53.43750000000001,0.4296849472370118,2.319825703654007,0.9244424555984564,True,0.0
P37_gap1_tol0p05,40.0,54.92187500000001,0.3096281088927153,2.318967850057213,0.9169958769811127,True,1.0587911840678754e-16
P37_gap1_tol0p05,40.0,56.40625000000001,-0.014550021237560136,0.0,0.0,False,0.11079863475595952
P37_gap1_tol0p05,40.0,57.89062500000001,-0.13792696180230532,0.0,0.0,False,0.11078665695855325
P37_gap1_tol0p05,40.0,59.37500000000001,-0.2190332391770714,0.0,0.0,False,0.11076690272252827
P37_gap1_tol0p05,40.0,60.859375,-0.280790248391822,0.0,0.0,False,0.11074926034775724
P37_gap1_tol0p05,40.0,62.34375000000001,-0.32703153532209683,0.0,0.0,False,0.11073270975485842
P37_gap1_tol0p05,40.0,63.828125,-0.36259722101097863,0.0,0.0,False,0.11071772341772454
P37_gap1_tol0p05,40.0,65.31250000000001,-0.38884490821299,0.0,0.0,False,0.11070366396593044
P37_gap1_tol0p05,40.0,66.796875,-0.40766461302915075,0.0,0.0,False,0.1106900217084005
P37_gap1_tol0p05,40.0,68.28125000000001,-0.41965838487592133,0.0,0.0,False,0.1106764645881905
P37_gap1_tol0p05,40.0,69.765625,-0.42556593934940967,0.0,0.0,False,0.11066212535799656
P37_gap1_tol0p05,40.0,71.25,-0.42556593934940945,0.0,0.0,False,0.11064685480285252
P37_gap1_tol0p05,40.0,72.734375,-0.41965838487592133,0.0,0.0,False,0.11062941931571262
P37_gap1_tol0p05,40.0,74.21875,-0.40766461302915075,0.0,0.0,False,0.110609780396329
P37_gap1_tol0p05,40.0,75.703125,-0.38884490821299,0.0,0.0,False,0.11058602637888225
P37_gap1_tol0p05,40.0,77.1875,-0.36259722101097863,0.0,0.0,False,0.11055810744576149
P37_gap1_tol0p05,40.0,78.671875,-0.3270315353220966,0.0,0.0,False,0.1105224126288771
P37_gap1_tol0p05,40.0,80.15625,-0.280790248391822,0.0,0.0,False,0.11047837567109028
P37_gap1_tol0p05,40.0,81.64062500000001,-0.2190332391770714,0.0,0.0,False,0.11041645592495332
P37_gap1_tol0p05,40.0,83.125,-0.13792696180230532,0.0,0.0,False,0.11033219736294159
P37_gap1_tol0p05,40.0,84.60937500000001,-0.014550021237560136,0.0,0.0,False,0.11017117497114112
P37_gap1_tol0p05,40.0,86.09375,0.3086621812597243,2.3142215972569176,0.909317464581378,True,0.0
P37_gap1_tol0p05,40.0,87.57812500000001,0.42858854712139294,2.3144948126053486,0.9179620283057282,True,0.0
P37_gap1_tol0p05,40.0,89.0625,0.502975115825503,2.316727471505345,0.9252547255556062,True,0.0
P37_gap1_tol0p05,40.0,90.54687500000001,0.5542123156053715,2.3197673342759337,0.931044887987911,True,1.0587911840678754e-16
P37_gap1_tol0p05,40.0,92.03125,0.5856802861769458,2.3227002688333256,0.9352167390941719,True,0.0
P37_gap1_tol0p05,40.0,93.51562500000001,0.6011910593217503,2.3247940771251456,0.9377073511432479,True,-1.0587911840678754e-16
P37_gap1_tol0p05,40.0,95.0,0.6013836879501497,2.32567620233059,0.9384754584946874,True,2.1175823681357508e-16
P37_gap1_tol0p05,40.0,96.484375,0.5862349539335284,2.3252600593268475,0.9375073587321864,True,0.0
P37_gap1_tol0p05,40.0,97.96875,0.5550657665393127,2.3237656869124987,0.9348119330644067,True,0.0
P37_gap1_tol0p05,40.0,99.453125,0.5040191749552058,2.321711654918316,0.9304288079817036,True,0.0
P37_gap1_tol0p05,40.0,100.93750000000001,0.4296849472370116,2.319825703654008,0.9244424555984565,True,2.1175823681357508e-16
P37_gap1_tol0p05,40.0,102.421875,0.30962810889271497,2.3189678500572106,0.9169958769811128,True,4.2351647362715017e-16
P37_gap1_tol0p05,40.0,103.90625000000001,-0.014550021237560136,0.0,0.0,False,0.11079863475595952
P37_gap1_tol0p05,40.0,105.390625,-0.13792696180230532,0.0,0.0,False,0.11078665695855325
P37_gap1_tol0p05,40.0,106.87500000000001,-0.2190332391770714,0.0,0.0,False,0.11076690272252827
P37_gap1_tol0p05,40.0,108.359375,-0.280790248391822,0.0,0.0,False,0.11074926034775724
P37_gap1_tol0p05,40.0,109.84375000000001,-0.32703153532209683,0.0,0.0,False,0.11073270975485842
P37_gap1_tol0p05,40.0,111.328125,-0.36259722101097863,0.0,0.0,False,0.11071772341772454
P37_gap1_tol0p05,40.0,112.81250000000001,-0.38884490821299,0.0,0.0,False,0.11070366396593044
P37_gap1_tol0p05,40.0,114.296875,-0.40766461302915075,0.0,0.0,False,0.1106900217084005
P37_gap1_tol0p05,40.0,115.78125000000001,-0.41965838487592133,0.0,0.0,False,0.1106764645881905
P37_gap1_tol0p05,40.0,117.265625,-0.42556593934940967,0.0,0.0,False,0.11066212535799656
P37_gap1_tol0p05,40.0,118.75000000000001,-0.42556593934940945,0.0,0.0,False,0.11064685480285252
P37_gap1_tol0p05,40.0,120.234375,-0.41965838487592133,0.0,0.0,False,0.11062941931571262
P37_gap1_tol0p05,40.0,121.71875,-0.40766461302915075,0.0,0.0,False,0.110609780396329
P37_gap1_tol0p05,40.0,123.203125,-0.38884490821299,0.0,0.0,False,0.11058602637888225
P37_gap1_tol0p05,40.0,124.68750000000001,-0.36259722101097863,0.0,0.0,False,0.11055810744576149
P37_gap1_tol0p05,40.0,126.17187500000001,-0.3270315353220966,0.0,0.0,False,0.1105224126288771
P37_gap1_tol0p05,40.0,127.65625,-0.280790248391822,0.0,0.0,False,0.11047837567109028
P37_gap1_tol0p05,40.0,129.140625,-0.2190332391770714,0.0,0.0,False,0.11041645592495332
P37_gap1_tol0p05,40.0,130.62500000000003,-0.13792696180230532,0.0,0.0,False,0.11033219736294159
P37_gap1_tol0p05,40.0,132.109375,-0.014550021237560136,0.0,0.0,False,0.11017117497114112
P37_gap1_tol0p05,40.0,133.59375,0.3086621812597243,2.3142215972569176,0.9093174645813779,True,0.0
P37_gap1_tol0p05,40.0,135.078125,0.42858854712139305,2.3144948126053477,0.9179620283057279,True,-1.0587911840678754e-16
P37_gap1_tol0p05,40.0,136.56250000000003,0.502975115825503,2.316727471505345,0.9252547255556064,True,0.0
P37_gap1_tol0p05,40.0,138.046875,0.5542123156053715,2.319767334275934,0.931044887987911,True,2.1175823681357508e-16
P37_gap1_tol0p05,40.0,139.53125,0.5856802861769458,2.3227002688333256,0.9352167390941721,True,0.0
P37_gap1_tol0p05,40.0,141.015625,0.6011910593217501,2.3247940771251465,0.9377073511432483,True,2.1175823681357508e-16
P37_gap1_tol0p05,40.0,142.5,0.6013836879501498,2.325676202330587,0.9384754584946872,True,-1.0587911840678754e-16
P37_gap1_tol0p05,40.0,143.98437500000003,0.5862349539335281,2.325260059326849,0.9375073587321863,True,2.1175823681357508e-16
P37_gap1_tol0p05,40.0,145.46875,0.5550657665393127,2.323765686912498,0.9348119330644064,True,-2.1175823681357508e-16
P37_gap1_tol0p05,40.0,146.953125,0.5040191749552057,2.3217116549183188,0.9304288079817038,True,0.0
P37_gap1_tol0p05,40.0,148.4375,0.4296849472370118,2.3198257036540046,0.9244424555984564,True,0.0
P37_gap1_tol0p05,40.0,149.92187500000003,0.3096281088927152,2.3189678500572133,0.9169958769811128,True,2.1175823681357508e-16
P37_gap1_tol0p05,40.0,151.40625,-0.014550021237560136,0.0,0.0,False,0.11079863475595952
P37_gap1_tol0p05,40.0,152.890625,-0.13792696180230532,0.0,0.0,False,0.11078665695855325
P37_gap1_tol0p05,40.0,154.375,-0.2190332391770714,0.0,0.0,False,0.11076690272252827
P37_gap1_tol0p05,40.0,155.85937500000003,-0.280790248391822,0.0,0.0,False,0.11074926034775724
P37_gap1_tol0p05,40.0,157.34375,-0.32703153532209683,0.0,0.0,False,0.11073270975485842
P37_gap1_tol0p05,40.0,158.828125,-0.36259722101097863,0.0,0.0,False,0.11071772341772454
P37_gap1_tol0p05,40.0,160.3125,-0.38884490821299,0.0,0.0,False,0.11070366396593044
P37_gap1_tol0p05,40.0,161.79687500000003,-0.40766461302915075,0.0,0.0,False,0.1106900217084005
P37_gap1_tol0p05,40.0,163.28125000000003,-0.41965838487592133,0.0,0.0,False,0.1106764645881905
P37_gap1_tol0p05,40.0,164.765625,-0.42556593934940967,0.0,0.0,False,0.11066212535799656
P37_gap1_tol0p05,40.0,166.25,-0.42556593934940945,0.0,0.0,False,0.11064685480285252
P37_gap1_tol0p05,40.0,167.734375,-0.41965838487592133,0.0,0.0,False,0.11062941931571262
P37_gap1_tol0p05,40.0,169.21875000000003,-0.40766461302915075,0.0,0.0,False,0.110609780396329
P37_gap1_tol0p05,40.0,170.703125,-0.38884490821299,0.0,0.0,False,0.11058602637888225
P37_gap1_tol0p05,40.0,172.1875,-0.36259722101097863,0.0,0.0,False,0.11055810744576149
P37_gap1_tol0p05,40.0,173.671875,-0.3270315353220966,0.0,0.0,False,0.1105224126288771
P37_gap1_tol0p05,40.0,175.15625000000003,-0.280790248391822,0.0,0.0,False,0.11047837567109028
P37_gap1_tol0p05,40.0,176.640625,-0.2190332391770714,0.0,0.0,False,0.11041645592495332
P37_gap1_tol0p05,40.0,178.125,-0.13792696180230532,0.0,0.0,False,0.11033219736294159
P37_gap1_tol0p05,40.0,179.609375,-0.014550021237560136,0.0,0.0,False,0.11017117497114112
P37_gap1_tol0p05,40.0,181.09375000000003,0.30866218125972417,2.3142215972569162,0.9093174645813781,True,0.0
P37_gap1_tol0p05,40.0,182.57812500000003,0.42858854712139316,2.314494812605349,0.9179620283057283,True,-2.1175823681357508e-16
P37_gap1_tol0p05,40.0,184.0625,0.5029751158255031,2.3167274715053465,0.9252547255556062,True,0.0
P37_gap1_tol0p05,40.0,185.546875,0.5542123156053714,2.3197673342759337,0.9310448879879104,True,2.1175823681357508e-16
P37_gap1_tol0p05,40.0,187.03125000000003,0.5856802861769457,2.3227002688333265,0.9352167390941719,True,0.0
P37_gap1_tol0p05,40.0,188.51562500000003,0.6011910593217504,2.3247940771251434,0.9377073511432477,True,-4.2351647362715017e-16
P37_gap1_tol0p25,0.0,0.0,1.3331333230147462,2.6764550538005296,0.0,True,-1.3234889800848443e-16
P37_gap1_tol0p25,0.0,1.484375,1.3131735453162698,2.65102618960815,0.0,True,-4.499862532288471e-16
P37_gap1_tol0p25,0.0,2.96875,1.2679277826758861,2.5935067660059024,0.0,True,-2.6469779601696886e-17
P37_gap1_tol0p25,0.0,4.453125,1.1940160819673273,2.459352368324924,0.0,True,1.852884572118782e-16
P37_gap1_tol0p25,0.0,5.9375,1.088822935642687,2.3087596811094877,0.0,True,-1.852884572118782e-16
P37_gap1_tol0p25,0.0,7.421875000000001,0.9310122090476577,1.6004696496783377,0.0,True,1.3234889800848443e-16
P37_gap1_tol0p25,0.0,8.90625,-0.42127584466765067,0.0,0.0,False,1.1607443594884557
P37_gap1_tol0p25,0.0,10.390625,-0.5446527852323959,0.0,0.0,False,1.1690580424627486
P37_gap1_tol0p25,0.0,11.875,-0.625759062607162,0.0,0.0,False,1.171253388164145
P37_gap1_tol0p25,0.0,13.359375000000002,-0.6875160718219125,0.0,0.0,False,1.1728439736149563
P37_gap1_tol0p25,0.0,14.843750000000002,-0.7337573587521874,0.0,0.0,False,1.1734172796567635
P37_gap1_tol0p25,0.0,16.328125000000004,-0.7693230444410691,0.0,0.0,False,1.1738420817626019
P37_gap1_tol0p25,0.0,17.8125,-0.7955707316430806,0.0,0.0,False,1.1739019915096638
P37_gap1_tol0p25,0.0,19.296875,-0.8143904364592413,0.0,0.0,False,1.1738428064604858
P37_gap1_tol0p25,0.0,20.78125,-0.8263842083060119,0.0,0.0,False,1.1735802588577087
P37_gap1_tol0p25,0.0,22.265625,-0.8322917627795002,0.0,0.0,False,1.1731493669477264
P37_gap1_tol0p25,0.0,23.75,-0.8322917627795,0.0,0.0,False,1.1725539183741491
P37_gap1_tol0p25,0.0,25.234375000000004,-0.8263842083060119,0.0,0.0,False,1.1716983354531758
P37_gap1_tol0p25,0.0,26.718750000000004,-0.8143904364592413,0.0,0.0,False,1.1706651707153273
P37_gap1_tol0p25,0.0,28.203125000000004,-0.7955707316430806,0.0,0.0,False,1.169206996915809
P37_gap1_tol0p25,0.0,29.687500000000004,-0.7693230444410691,0.0,0.0,False,1.1675015594530076
P37_gap1_tol0p25,0.0,31.171875000000004,-0.7337573587521872,0.0,0.0,False,1.1650013557617982
P37_gap1_tol0p25,0.0,32.65625000000001,-0.6875160718219125,0.0,0.0,False,1.1620242831327625
P37_gap1_tol0p25,0.0,34.14062500000001,-0.625759062607162,0.0,0.0,False,1.1570793848050847
P37_gap1_tol0p25,0.0,35.625,-0.5446527852323959,0.0,0.0,False,1.1506138702368305
P37_gap1_tol0p25,0.0,37.109375,-0.42127584466765067,0.0,0.0,False,1.1341713241772622
P37_gap1_tol0p25,0.0,38.59375,0.8877905088840294,1.2679363379062742,0.0,True,-1.3234889800848443e-16
P37_gap1_tol0p25,0.0,40.078125,1.0509387986009506,2.165316514233539,0.0,True,1.3234889800848443e-16
P37_gap1_tol0p25,0.0,41.5625,1.1629253741883279,2.3417932378838593,0.0,True,2.6469779601696886e-17
P37_gap1_tol0p25,0.0,43.046875,1.2448253026237004,2.5183906301119383,0.0,True,-2.3822801641527197e-16
P37_gap1_tol0p25,0.0,44.53125,1.298947108343284,2.602107297351678,0.0,True,-1.3234889800848443e-16
P37_gap1_tol0p25,0.0,46.015625,1.328329643115554,2.6627989927868607,0.0,True,-2.6469779601696886e-17
P37_gap1_tol0p25,0.0,47.5,1.3331333230147462,2.6764550538005323,0.0,True,-2.6469779601696886e-17
P37_gap1_tol0p25,0.0,48.984375,1.3131735453162698,2.651026189608152,0.0,True,-2.3822801641527197e-16
P37_gap1_tol0p25,0.0,50.46875000000001,1.2679277826758861,2.5935067660059046,0.0,True,-1.3234889800848443e-16
P37_gap1_tol0p25,0.0,51.95312500000001,1.1940160819673273,2.459352368324917,0.0,True,1.852884572118782e-16
P37_gap1_tol0p25,0.0,53.43750000000001,1.088822935642687,2.308759681109494,0.0,True,1.3234889800848443e-16
P37_gap1_tol0p25,0.0,54.92187500000001,0.9310122090476577,1.600469649678335,0.0,True,2.6469779601696886e-17
P37_gap1_tol0p25,0.0,56.40625000000001,-0.42127584466765067,0.0,0.0,False,1.1607443594884557
P37_gap1_tol0p25,0.0,57.89062500000001,-0.5446527852323959,0.0,0.0,False,1.1690580424627488
P37_gap1_tol0p25,0.0,59.37500000000001,-0.625759062607162,0.0,0.0,False,1.171253388164145
P37_gap1_tol0p25,0.0,60.859375,-0.6875160718219125,0.0,0.0,False,1.1728439736149565
P37_gap1_tol0p25,0.0,62.34375000000001,-0.7337573587521874,0.0,0.0,False,1.1734172796567635
P37_gap1_tol0p25,0.0,63.828125,-0.7693230444410691,0.0,0.0,False,1.1738420817626019
P37_gap1_tol0p25,0.0,65.31250000000001,-0.7955707316430806,0.0,0.0,False,1.1739019915096638
P37_gap1_tol0p25,0.0,66.796875,-0.8143904364592413,0.0,0.0,False,1.1738428064604858
P37_gap1_tol0p25,0.0,68.28125000000001,-0.8263842083060119,0.0,0.0,False,1.1735802588577087
P37_gap1_tol0p25,0.0,69.765625,-0.8322917627795002,0.0,0.0,False,1.1731493669477264
P37_gap1_tol0p25,0.0,71.25,-0.8322917627795,0.0,0.0,False,1.1725539183741491
P37_gap1_tol0p25,0.0,72.734375,-0.8263842083060119,0.0,0.0,False,1.1716983354531758
P37_gap1_tol0p25,0.0,74.21875,-0.8143904364592413,0.0,0.0,False,1.1706651707153273
P37_gap1_tol0p25,0.0,75.703125,-0.7955707316430806,0.0,0.0,False,1.169206996915809
P37_gap1_tol0p25,0.0,77.1875,-0.7693230444410691,0.0,0.0,False,1.1675015594530076
P37_gap1_tol0p25,0.0,78.671875,-0.7337573587521872,0.0,0.0,False,1.1650013557617982
P37_gap1_tol0p25,0.0,80.15625,-0.6875160718219125,0.0,0.0,False,1.1620242831327625
P37_gap1_tol0p25,0.0,81.64062500000001,-0.625759062607162,0.0,0.0,False,1.1570793848050844
P37_gap1_tol0p25,0.0,83.125,-0.5446527852323959,0.0,0.0,False,1.1506138702368303
P37_gap1_tol0p25,0.0,84.60937500000001,-0.42127584466765067,0.0,0.0,False,1.134171324177262
P37_gap1_tol0p25,0.0,86.09375,0.8877905088840291,1.2679363379062665,0.0,True,-2.1175823681357508e-16
P37_gap1_tol0p25,0.0,87.57812500000001,1.0509387986009509,2.1653165142335506,0.0,True,7.940933880509066e-17
P37_gap1_tol0p25,0.0,89.0625,1.1629253741883276,2.34179323788385,0.0,True,-7.940933880509066e-17
P37_gap1_tol0p25,0.0,90.54687500000001,1.2448253026237006,2.5183906301119436,0.0,True,-2.3822801641527197e-16
P37_gap1_tol0p25,0.0,92.03125,1.2989471083432842,2.602107297351679,0.0,True,-1.3234889800848443e-16
P37_gap1_tol0p25,0.0,93.51562500000001,1.328329643115554,2.662798992786857,0.0,True,-2.3822801641527197e-16
P37_gap1_tol0p25,0.0,95.0,1.3331333230147462,2.6764550538005354,0.0,True,-1.3234889800848443e-16
P37_gap1_tol0p25,0.0,96.484375,1.3131735453162698,2.651026189608149,0.0,True,-4.499862532288471e-16
P37_gap1_tol0p25,0.0,97.96875,1.2679277826758861,2.593506766005901,0.0,True,-2.3822801641527197e-16
P37_gap1_tol0p25,0.0,99.453125,1.1940160819673273,2.4593523683249225,0.0,True,7.940933880509066e-17
P37_gap1_tol0p25,0.0,100.93750000000001,1.088822935642687,2.3087596811094873,0.0,True,-7.940933880509066e-17
P37_gap1_tol0p25,0.0,102.421875,0.9310122090476581,1.6004696496783426,0.0,True,7.940933880509066e-17
P37_gap1_tol0p25,0.0,103.90625000000001,-0.42127584466765067,0.0,0.0,False,1.1607443594884557
P37_gap1_tol0p25,0.0,105.390625,-0.5446527852323959,0.0,0.0,False,1.1690580424627488
P37_gap1_tol0p25,0.0,106.87500000000001,-0.625759062607162,0.0,0.0,False,1.1712533881641451
P37_gap1_tol0p25,0.0,108.359375,-0.6875160718219125,0.0,0.0,False,1.1728439736149565
P37_gap1_tol0p25,0.0,109.84375000000001,-0.7337573587521874,0.0,0.0,False,1.1734172796567635
P37_gap1_tol0p25,0.0,111.328125,-0.7693230444410691,0.0,0.0,False,1.1738420817626019
P37_gap1_tol0p25,0.0,112.81250000000001,-0.7955707316430806,0.0,0.0,False,1.1739019915096638
P37_gap1_tol0p25,0.0,114.296875,-0.8143904364592413,0.0,0.0,False,1.1738428064604858
P37_gap1_tol0p25,0.0,115.78125000000001,-0.8263842083060119,0.0,0.0,False,1.1735802588577087
P37_gap1_tol0p25,0.0,117.265625,-0.8322917627795002,0.0,0.0,False,1.1731493669477264
P37_gap1_tol0p25,0.0,118.75000000000001,-0.8322917627795,0.0,0.0,False,1.1725539183741491
P37_gap1_tol0p25,0.0,120.234375,-0.8263842083060119,0.0,0.0,False,1.1716983354531758
P37_gap1_tol0p25,0.0,121.71875,-0.8143904364592413,0.0,0.0,False,1.1706651707153273
P37_gap1_tol0p25,0.0,123.203125,-0.7955707316430806,0.0,0.0,False,1.169206996915809
P37_gap1_tol0p25,0.0,124.68750000000001,-0.7693230444410691,0.0,0.0,False,1.1675015594530076
P37_gap1_tol0p25,0.0,126.17187500000001,-0.7337573587521872,0.0,0.0,False,1.1650013557617982
P37_gap1_tol0p25,0.0,127.65625,-0.6875160718219125,0.0,0.0,False,1.1620242831327625
P37_gap1_tol0p25,0.0,129.140625,-0.625759062607162,0.0,0.0,False,1.1570793848050847
P37_gap1_tol0p25,0.0,130.62500000000003,-0.5446527852323959,0.0,0.0,False,1.1506138702368305
P37_gap1_tol0p25,0.0,132.109375,-0.42127584466765067,0.0,0.0,False,1.1341713241772624
P37_gap1_tol0p25,0.0,133.59375,0.8877905088840295,1.2679363379062847,0.0,True,7.940933880509066e-17
P37_gap1_tol0p25,0.0,135.078125,1.05093879860095,2.165316514233516,0.0,True,2.3822801641527197e-16
P37_gap1_tol0p25,0.0,136.56250000000003,1.1629253741883283,2.3417932378838757,0.0,True,2.3822801641527197e-16
P37_gap1_tol0p25,0.0,138.046875,1.2448253026237008,2.5183906301119428,0.0,True,-2.6469779601696886e-17
P37_gap1_tol0p25,0.0,139.53125,1.298947108343284,2.6021072973516737,0.0,True,7.940933880509066e-17
P37_gap1_tol0p25,0.0,141.015625,1.328329643115554,2.6627989927868607,0.0,True,-2.6469779601696886e-17
P37_gap1_tol0p25,0.0,142.5,1.3331333230147462,2.6764550538005287,0.0,True,-2.3822801641527197e-16
P37_gap1_tol0p25,0.0,143.98437500000003,1.3131735453162698,2.651026189608151,0.0,True,-2.3822801641527197e-16
P37_gap1_tol0p25,0.0,145.46875,1.2679277826758864,2.5935067660059055,0.0,True,1.852884572118782e-16
P37_gap1_tol0p25,0.0,146.953125,1.1940160819673278,2.4593523683249248,0.0,True,3.970466940254533e-16
P37_gap1_tol0p25,0.0,148.4375,1.088822935642688,2.3087596811094997,0.0,True,2.6469779601696886e-17
P37_gap1_tol0p25,0.0,149.92187500000003,0.9310122090476577,1.6004696496783308,0.0,True,7.940933880509066e-17
P37_gap1_tol0p25,0.0,151.40625,-0.42127584466765067,0.0,0.0,False,1.1607443594884557
P37_gap1_tol0p25,0.0,152.890625,-0.5446527852323959,0.0,0.0,False,1.1690580424627488
P37_gap1_tol0p25,0.0,154.375,-0.625759062607162,0.0,0.0,False,1.1712533881641451
P37_gap1_tol0p25,0.0,155.85937500000003,-0.6875160718219125,0.0,0.0,False,1.1728439736149565
P37_gap1_tol0p25,0.0,157.34375,-0.7337573587521874,0.0,0.0,False,1.1734172796567635
P37_gap1_tol0p25,0.0,158.828125,-0.7693230444410691,0.0,0.0,False,1.1738420817626019
P37_gap1_tol0p25,0.0,160.3125,-0.7955707316430806,0.0,0.0,False,1.1739019915096638
P37_gap1_tol0p25,0.0,161.79687500000003,-0.8143904364592413,0.0,0.0,False,1.1738428064604858
P37_gap1_tol0p25,0.0,163.28125000000003,-0.8263842083060119,0.0,0.0,False,1.1735802588577087
P37_gap1_tol0p25,0.0,164.765625,-0.8322917627795002,0.0,0.0,False,1.1731493669477264
P37_gap1_tol0p25,0.0,166.25,-0.8322917627795,0.0,0.0,False,1.1725539183741491
P37_gap1_tol0p25,0.0,167.734375,-0.8263842083060119,0.0,0.0,False,1.1716983354531758
P37_gap1_tol0p25,0.0,169.21875000000003,-0.8143904364592413,0.0,0.0,False,1.1706651707153273
P37_gap1_tol0p25,0.0,170.703125,-0.7955707316430806,0.0,0.0,False,1.169206996915809
P37_gap1_tol0p25,0.0,172.1875,-0.7693230444410691,0.0,0.0,False,1.1675015594530076
P37_gap1_tol0p25,0.0,173.671875,-0.7337573587521872,0.0,0.0,False,1.1650013557617982
P37_gap1_tol0p25,0.0,175.15625000000003,-0.6875160718219125,0.0,0.0,False,1.1620242831327625
P37_gap1_tol0p25,0.0,176.640625,-0.625759062607162,0.0,0.0,False,1.1570793848050847
P37_gap1_tol0p25,0.0,178.125,-0.5446527852323959,0.0,0.0,False,1.1506138702368305
P37_gap1_tol0p25,0.0,179.609375,-0.42127584466765067,0.0,0.0,False,1.1341713241772624
P37_gap1_tol0p25,0.0,181.09375000000003,0.8877905088840294,1.2679363379062774,0.0,True,0.0
P37_gap1_tol0p25,0.0,182.57812500000003,1.0509387986009504,2.1653165142335333,0.0,True,7.940933880509066e-17
P37_gap1_tol0p25,0.0,184.0625,1.1629253741883283,2.3417932378838633,0.0,True,2.6469779601696886e-17
P37_gap1_tol0p25,0.0,185.546875,1.2448253026237004,2.5183906301119454,0.0,True,2.9116757561866574e-16
P37_gap1_tol0p25,0.0,187.03125000000003,1.2989471083432842,2.602107297351671,0.0,True,-3.441071348220595e-16
P37_gap1_tol0p25,0.0,188.51562500000003,1.328329643115554,2.662798992786866,0.0,True,1.852884572118782e-16
P37_gap1_tol0p25,40.0,0.0,0.7019099686998597,2.3457434387191083,0.9793222632999052,True,2.1175823681357508e-16
P37_gap1_tol0p25,40.0,1.484375,0.6867906898138886,2.3436627237004153,0.9744817644873995,True,1.0587911840678754e-16
P37_gap1_tol0p25,40.0,2.96875,0.655022055512403,2.3361908616286664,0.9610046361485011,True,2.1175823681357508e-16
P37_gap1_tol0p25,40.0,4.453125,0.6030259802173618,2.32592070165776,0.9390890107349843,True,1.0587911840678754e-16
P37_gap1_tol0p25,40.0,5.9375,0.5277645958089544,2.316490945336193,0.9091572488187508,True,1.0587911840678754e-16
P37_gap1_tol0p25,40.0,7.421875000000001,0.40718676230064554,2.3122016773522405,0.8719243557320309,True,1.0587911840678754e-16
P37_gap1_tol0p25,40.0,8.90625,-0.07317693568263219,0.0,0.0,False,0.26704820295332987
P37_gap1_tol0p25,40.0,10.390625,-0.19655387624737738,0.0,0.0,False,0.2669883139662981
P37_gap1_tol0p25,40.0,11.875,-0.27766015362214347,0.0,0.0,False,0.266889542786173
P37_gap1_tol0p25,40.0,13.359375000000002,-0.33941716283689405,0.0,0.0,False,0.2668013309123182
P37_gap1_tol0p25,40.0,14.843750000000002,-0.38565844976716884,0.0,0.0,False,0.26671857794782283
P37_gap1_tol0p25,40.0,16.328125000000004,-0.42122413545605064,0.0,0.0,False,0.26664364626215475
P37_gap1_tol0p25,40.0,17.8125,-0.447471822658062,0.0,0.0,False,0.2665733490031838
P37_gap1_tol0p25,40.0,19.296875,-0.4662915274742228,0.0,0.0,False,0.2665051377155346
P37_gap1_tol0p25,40.0,20.78125,-0.4782852993209934,0.0,0.0,False,0.26643735211448455
P37_gap1_tol0p25,40.0,22.265625,-0.48419285379448174,0.0,0.0,False,0.26636565596351397
P37_gap1_tol0p25,40.0,23.75,-0.4841928537944815,0.0,0.0,False,0.26628930318779465
P37_gap1_tol0p25,40.0,25.234375000000004,-0.4782852993209934,0.0,0.0,False,0.2662021257520949
P37_gap1_tol0p25,40.0,26.718750000000004,-0.4662915274742228,0.0,0.0,False,0.26610393115517617
P37_gap1_tol0p25,40.0,28.203125000000004,-0.447471822658062,0.0,0.0,False,0.26598516106794223
P37_gap1_tol0p25,40.0,29.687500000000004,-0.42122413545605064,0.0,0.0,False,0.2658455664023401
P37_gap1_tol0p25,40.0,31.171875000000004,-0.3856584497671687,0.0,0.0,False,0.2656670923179173
P37_gap1_tol0p25,40.0,32.65625000000001,-0.33941716283689405,0.0,0.0,False,0.26544690752898303
P37_gap1_tol0p25,40.0,34.14062500000001,-0.27766015362214347,0.0,0.0,False,0.2651373087982978
P37_gap1_tol0p25,40.0,35.625,-0.19655387624737738,0.0,0.0,False,0.26471601598823913
P37_gap1_tol0p25,40.0,37.109375,-0.07317693568263219,0.0,0.0,False,0.263910904029237
P37_gap1_tol0p25,40.0,38.59375,0.40235712413568947,2.2884704133507445,0.8335322937333585,True,0.0
P37_gap1_tol0p25,40.0,40.078125,0.522282595230861,2.2898364900929162,0.876755112355108,True,-1.0587911840678754e-16
P37_gap1_tol0p25,40.0,41.5625,0.5978056845688482,2.3009997845929013,0.9132185986044979,True,1.0587911840678754e-16
P37_gap1_tol0p25,40.0,43.046875,0.6507548008426969,2.3161990984458414,0.9421694107660223,True,-1.0587911840678754e-16
P37_gap1_tol0p25,40.0,44.53125,0.6840173510309764,2.330863771232809,0.9630286662973259,True,-1.0587911840678754e-16
P37_gap1_tol0p25,40.0,46.015625,0.7009468255578621,2.341332812691894,0.9754817265427101,True,1.0587911840678754e-16
P37_gap1_tol0p25,40.0,47.5,0.7019099686998599,2.3457434387191074,0.979322263299905,True,-1.0587911840678754e-16
P37_gap1_tol0p25,40.0,48.984375,0.6867906898138885,2.3436627237004153,0.9744817644873998,True,1.0587911840678754e-16
P37_gap1_tol0p25,40.0,50.46875000000001,0.655022055512403,2.336190861628664,0.9610046361485008,True,-1.0587911840678754e-16
P37_gap1_tol0p25,40.0,51.95312500000001,0.6030259802173618,2.325920701657759,0.9390890107349843,True,-1.0587911840678754e-16
P37_gap1_tol0p25,40.0,53.43750000000001,0.5277645958089544,2.3164909453361933,0.9091572488187509,True,1.0587911840678754e-16
P37_gap1_tol0p25,40.0,54.92187500000001,0.40718676230064543,2.3122016773522396,0.8719243557320304,True,1.0587911840678754e-16
P37_gap1_tol0p25,40.0,56.40625000000001,-0.07317693568263219,0.0,0.0,False,0.26704820295332987
P37_gap1_tol0p25,40.0,57.89062500000001,-0.19655387624737738,0.0,0.0,False,0.2669883139662981
P37_gap1_tol0p25,40.0,59.37500000000001,-0.27766015362214347,0.0,0.0,False,0.266889542786173
P37_gap1_tol0p25,40.0,60.859375,-0.33941716283689405,0.0,0.0,False,0.2668013309123182
P37_gap1_tol0p25,40.0,62.34375000000001,-0.38565844976716884,0.0,0.0,False,0.26671857794782283
P37_gap1_tol0p25,40.0,63.828125,-0.42122413545605064,0.0,0.0,False,0.26664364626215475
P37_gap1_tol0p25,40.0,65.31250000000001,-0.447471822658062,0.0,0.0,False,0.2665733490031838
P37_gap1_tol0p25,40.0,66.796875,-0.4662915274742228,0.0,0.0,False,0.2665051377155346
P37_gap1_tol0p25,40.0,68.28125000000001,-0.4782852993209934,0.0,0.0,False,0.26643735211448455
P37_gap1_tol0p25,40.0,69.765625,-0.48419285379448174,0.0,0.0,False,0.26636565596351397
P37_gap1_tol0p25,40.0,71.25,-0.4841928537944815,0.0,0.0,False,0.26628930318779465
P37_gap1_tol0p25,40.0,72.734375,-0.4782852993209934,0.0,0.0,False,0.2662021257520949
P37_gap1_tol0p25,40.0,74.21875,-0.4662915274742228,0.0,0.0,False,0.26610393115517617
P37_gap1_tol0p25,40.0,75.703125,-0.447471822658062,0.0,0.0,False,0.26598516106794223
P37_gap1_tol0p25,40.0,77.1875,-0.42122413545605064,0.0,0.0,False,0.2658455664023401
P37_gap1_tol0p25,40.0,78.671875,-0.3856584497671687,0.0,0.0,False,0.2656670923179173
P37_gap1_tol0p25,40.0,80.15625,-0.33941716283689405,0.0,0.0,False,0.26544690752898303
P37_gap1_tol0p25,40.0,81.64062500000001,-0.27766015362214347,0.0,0.0,False,0.2651373087982978
P37_gap1_tol0p25,40.0,83.125,-0.19655387624737738,0.0,0.0,False,0.26471601598823913
P37_gap1_tol0p25,40.0,84.60937500000001,-0.07317693568263219,0.0,0.0,False,0.263910904029237
P37_gap1_tol0p25,40.0,86.09375,0.40235712413568947,2.2884704133507454,0.8335322937333581,True,2.1175823681357508e-16
P37_gap1_tol0p25,40.0,87.57812500000001,0.5222825952308608,2.2898364900929176,0.8767551123551085,True,1.0587911840678754e-16
P37_gap1_tol0p25,40.0,89.0625,0.5978056845688484,2.300999784592902,0.9132185986044979,True,1.0587911840678754e-16
P37_gap1_tol0p25,40.0,90.54687500000001,0.6507548008426969,2.316199098445839,0.9421694107660222,True,1.0587911840678754e-16
P37_gap1_tol0p25,40.0,92.03125,0.6840173510309763,2.330863771232812,0.9630286662973263,True,1.0587911840678754e-16
P37_gap1_tol0p25,40.0,93.51562500000001,0.7009468255578624,2.3413328126918933,0.9754817265427101,True,0.0
P37_gap1_tol0p25,40.0,95.0,0.7019099686998599,2.3457434387191065,0.9793222632999048,True,-1.0587911840678754e-16
P37_gap1_tol0p25,40.0,96.484375,0.6867906898138887,2.343662723700415,0.9744817644873995,True,0.0
P37_gap1_tol0p25,40.0,97.96875,0.6550220555124031,2.3361908616286673,0.9610046361485013,True,1.0587911840678754e-16
P37_gap1_tol0p25,40.0,99.453125,0.6030259802173619,2.3259207016577585,0.9390890107349843,True,0.0
P37_gap1_tol0p25,40.0,100.93750000000001,0.5277645958089544,2.316490945336195,0.909157248818751,True,3.1763735522036263e-16
P37_gap1_tol0p25,40.0,102.421875,0.4071867623006453,2.312201677352241,0.8719243557320313,True,3.1763735522036263e-16
P37_gap1_tol0p25,40.0,103.90625000000001,-0.07317693568263219,0.0,0.0,False,0.26704820295332987
P37_gap1_tol0p25,40.0,105.390625,-0.19655387624737738,0.0,0.0,False,0.2669883139662981
P37_gap1_tol0p25,40.0,106.87500000000001,-0.27766015362214347,0.0,0.0,False,0.266889542786173
P37_gap1_tol0p25,40.0,108.359375,-0.33941716283689405,0.0,0.0,False,0.2668013309123182
P37_gap1_tol0p25,40.0,109.84375000000001,-0.38565844976716884,0.0,0.0,False,0.26671857794782283
P37_gap1_tol0p25,40.0,111.328125,-0.42122413545605064,0.0,0.0,False,0.26664364626215475
P37_gap1_tol0p25,40.0,112.81250000000001,-0.447471822658062,0.0,0.0,False,0.2665733490031838
P37_gap1_tol0p25,40.0,114.296875,-0.4662915274742228,0.0,0.0,False,0.2665051377155346
P37_gap1_tol0p25,40.0,115.78125000000001,-0.4782852993209934,0.0,0.0,False,0.26643735211448455
P37_gap1_tol0p25,40.0,117.265625,-0.48419285379448174,0.0,0.0,False,0.26636565596351397
P37_gap1_tol0p25,40.0,118.75000000000001,-0.4841928537944815,0.0,0.0,False,0.26628930318779465
P37_gap1_tol0p25,40.0,120.234375,-0.4782852993209934,0.0,0.0,False,0.2662021257520949
P37_gap1_tol0p25,40.0,121.71875,-0.4662915274742228,0.0,0.0,False,0.26610393115517617
P37_gap1_tol0p25,40.0,123.203125,-0.447471822658062,0.0,0.0,False,0.26598516106794223
P37_gap1_tol0p25,40.0,124.68750000000001,-0.42122413545605064,0.0,0.0,False,0.2658455664023401
P37_gap1_tol0p25,40.0,126.17187500000001,-0.3856584497671687,0.0,0.0,False,0.2656670923179173
P37_gap1_tol0p25,40.0,127.65625,-0.33941716283689405,0.0,0.0,False,0.26544690752898303
P37_gap1_tol0p25,40.0,129.140625,-0.27766015362214347,0.0,0.0,False,0.2651373087982978
P37_gap1_tol0p25,40.0,130.62500000000003,-0.19655387624737738,0.0,0.0,False,0.26471601598823913
P37_gap1_tol0p25,40.0,132.109375,-0.07317693568263219,0.0,0.0,False,0.263910904029237
P37_gap1_tol0p25,40.0,133.59375,0.4023571241356894,2.2884704133507476,0.8335322937333585,True,1.0587911840678754e-16
P37_gap1_tol0p25,40.0,135.078125,0.5222825952308608,2.2898364900929122,0.8767551123551072,True,-1.0587911840678754e-16
P37_gap1_tol0p25,40.0,136.56250000000003,0.5978056845688482,2.300999784592905,0.9132185986044987,True,2.1175823681357508e-16
P37_gap1_tol0p25,40.0,138.046875,0.6507548008426969,2.3161990984458387,0.9421694107660225,True,-1.0587911840678754e-16
P37_gap1_tol0p25,40.0,139.53125,0.6840173510309762,2.33086377123281,0.9630286662973256,True,1.0587911840678754e-16
P37_gap1_tol0p25,40.0,141.015625,0.7009468255578621,2.3413328126918933,0.9754817265427099,True,1.0587911840678754e-16
P37_gap1_tol0p25,40.0,142.5,0.70190996869986,2.3457434387191087,0.9793222632999055,True,0.0
P37_gap1_tol0p25,40.0,143.98437500000003,0.6867906898138886,2.343662723700415,0.9744817644873995,True,1.0587911840678754e-16
P37_gap1_tol0p25,40.0,145.46875,0.6550220555124032,2.3361908616286655,0.9610046361485013,True,-1.0587911840678754e-16
P37_gap1_tol0p25,40.0,146.953125,0.6030259802173619,2.3259207016577585,0.9390890107349842,True,1.0587911840678754e-16
P37_gap1_tol0p25,40.0,148.4375,0.5277645958089546,2.3164909453361955,0.9091572488187514,True,1.0587911840678754e-16
P37_gap1_tol0p25,40.0,149.92187500000003,0.4071867623006454,2.3122016773522387,0.8719243557320306,True,2.1175823681357508e-16
P37_gap1_tol0p25,40.0,151.40625,-0.07317693568263219,0.0,0.0,False,0.26704820295332987
P37_gap1_tol0p25,40.0,152.890625,-0.19655387624737738,0.0,0.0,False,0.2669883139662981
P37_gap1_tol0p25,40.0,154.375,-0.27766015362214347,0.0,0.0,False,0.266889542786173
P37_gap1_tol0p25,40.0,155.85937500000003,-0.33941716283689405,0.0,0.0,False,0.2668013309123182
P37_gap1_tol0p25,40.0,157.34375,-0.38565844976716884,0.0,0.0,False,0.26671857794782283
P37_gap1_tol0p25,40.0,158.828125,-0.42122413545605064,0.0,0.0,False,0.26664364626215475
P37_gap1_tol0p25,40.0,160.3125,-0.447471822658062,0.0,0.0,False,0.2665733490031838
P37_gap1_tol0p25,40.0,161.79687500000003,-0.4662915274742228,0.0,0.0,False,0.2665051377155346
P37_gap1_tol0p25,40.0,163.28125000000003,-0.4782852993209934,0.0,0.0,False,0.26643735211448455
P37_gap1_tol0p25,40.0,164.765625,-0.48419285379448174,0.0,0.0,False,0.26636565596351397
P37_gap1_tol0p25,40.0,166.25,-0.4841928537944815,0.0,0.0,False,0.26628930318779465
P37_gap1_tol0p25,40.0,167.734375,-0.4782852993209934,0.0,0.0,False,0.2662021257520949
P37_gap1_tol0p25,40.0,169.21875000000003,-0.4662915274742228,0.0,0.0,False,0.26610393115517617
P37_gap1_tol0p25,40.0,170.703125,-0.447471822658062,0.0,0.0,False,0.26598516106794223
P37_gap1_tol0p25,40.0,172.1875,-0.42122413545605064,0.0,0.0,False,0.2658455664023401
P37_gap1_tol0p25,40.0,173.671875,-0.3856584497671687,0.0,0.0,False,0.2656670923179173
P37_gap1_tol0p25,40.0,175.15625000000003,-0.33941716283689405,0.0,0.0,False,0.26544690752898303
P37_gap1_tol0p25,40.0,176.640625,-0.27766015362214347,0.0,0.0,False,0.26513730879829756
P37_gap1_tol0p25,40.0,178.125,-0.19655387624737738,0.0,0.0,False,0.26471601598823913
P37_gap1_tol0p25,40.0,179.609375,-0.07317693568263219,0.0,0.0,False,0.263910904029237
P37_gap1_tol0p25,40.0,181.09375000000003,0.4023571241356894,2.2884704133507463,0.8335322937333587,True,1.0587911840678754e-16
P37_gap1_tol0p25,40.0,182.57812500000003,0.5222825952308611,2.289836490092915,0.8767551123551078,True,-3.1763735522036263e-16
P37_gap1_tol0p25,40.0,184.0625,0.5978056845688484,2.300999784592899,0.9132185986044982,True,-1.0587911840678754e-16
P37_gap1_tol0p25,40.0,185.546875,0.6507548008426968,2.3161990984458445,0.9421694107660225,True,2.1175823681357508e-16
P37_gap1_tol0p25,40.0,187.03125000000003,0.6840173510309763,2.3308637712328077,0.9630286662973265,True,-1.0587911840678754e-16
P37_gap1_tol0p25,40.0,188.51562500000003,0.7009468255578625,2.341332812691893,0.9754817265427099,True,-4.2351647362715017e-16
P50_gap2,0.0,0.0,1.3575971998110903,1.7404945449250977,0.0,True,1.0918784085699965e-16
P50_gap2,0.0,1.484375,1.3505008503126747,1.740494544925092,0.0,True,-4.963083675318166e-17
P50_gap2,0.0,2.96875,1.3360679640330102,1.7404945449250893,0.0,True,-4.963083675318166e-17
P50_gap2,0.0,4.453125,1.3131738753300157,1.7404945449250977,0.0,True,1.0918784085699965e-16
P50_gap2,0.0,5.9375,1.280914052194389,1.7404945449250906,0.0,True,1.0918784085699965e-16
P50_gap2,0.0,7.421875000000001,1.235788707588404,1.7404945449250977,0.0,True,3.738856368739685e-16
P50_gap2,0.0,8.90625,1.1749589995573295,1.7404945449250921,0.0,True,1.3565762045869654e-16
P50_gap2,0.0,10.390625,1.0812338818286926,1.740494544925093,0.0,True,8.271806125530277e-17
P50_gap2,0.0,11.875,-1.0812338818286928,0.0,0.0,False,2.0000000000000004
P50_gap2,0.0,13.359375000000002,-1.1749589995573293,0.0,0.0,False,2.0
P50_gap2,0.0,14.843750000000002,-1.235788707588404,0.0,0.0,False,2.0
P50_gap2,0.0,16.328125000000004,-1.280914052194389,0.0,0.0,False,2.0
P50_gap2,0.0,17.8125,-1.3131738753300157,0.0,0.0,False,2.0
P50_gap2,0.0,19.296875,-1.3360679640330102,0.0,0.0,False,2.0
P50_gap2,0.0,20.78125,-1.3505008503126745,0.0,0.0,False,2.0
P50_gap2,0.0,22.265625,-1.3575971998110905,0.0,0.0,False,2.0000000000000004
P50_gap2,0.0,23.75,-1.3575971998110905,0.0,0.0,False,2.0
P50_gap2,0.0,25.234375000000004,-1.3505008503126745,0.0,0.0,False,2.0
P50_gap2,0.0,26.718750000000004,-1.3360679640330102,0.0,0.0,False,2.0
P50_gap2,0.0,28.203125000000004,-1.3131738753300157,0.0,0.0,False,2.0000000000000004
P50_gap2,0.0,29.687500000000004,-1.280914052194389,0.0,0.0,False,2.0
P50_gap2,0.0,31.171875000000004,-1.235788707588404,0.0,0.0,False,2.0
P50_gap2,0.0,32.65625000000001,-1.1749589995573293,0.0,0.0,False,2.0
P50_gap2,0.0,34.14062500000001,-1.0812338818286928,0.0,0.0,False,2.0
P50_gap2,0.0,35.625,1.0812338818286926,1.74049454492509,0.0,True,-1.2904017555827232e-16
P50_gap2,0.0,37.109375,1.1749589995573295,1.7404945449250941,0.0,True,1.3565762045869654e-16
P50_gap2,0.0,38.59375,1.235788707588404,1.7404945449251,0.0,True,3.2094607767057474e-16
P50_gap2,0.0,40.078125,1.280914052194389,1.7404945449250857,0.0,True,-1.555099551599692e-16
P50_gap2,0.0,41.5625,1.3131738753300157,1.7404945449250993,0.0,True,1.6212740006039342e-16
P50_gap2,0.0,43.046875,1.3360679640330102,1.740494544925088,0.0,True,-4.963083675318166e-17
P50_gap2,0.0,44.53125,1.3505008503126747,1.740494544925096,0.0,True,3.3087224502121107e-18
P50_gap2,0.0,46.015625,1.3575971998110903,1.7404945449250901,0.0,True,-1.555099551599692e-16
P50_gap2,0.0,47.5,1.3575971998110903,1.7404945449250946,0.0,True,-4.963083675318166e-17
P50_gap2,0.0,48.984375,1.3505008503126747,1.7404945449250928,0.0,True,-1.555099551599692e-16
P50_gap2,0.0,50.46875000000001,1.3360679640330102,1.7404945449250866,0.0,True,-2.6138907356675675e-16
P50_gap2,0.0,51.95312500000001,1.3131738753300157,1.7404945449250984,0.0,True,1.0918784085699965e-16
P50_gap2,0.0,53.43750000000001,1.280914052194389,1.7404945449250904,0.0,True,3.3087224502121107e-18
P50_gap2,0.0,54.92187500000001,1.235788707588404,1.7404945449250964,0.0,True,2.150669592637872e-16
P50_gap2,0.0,56.40625000000001,1.1749589995573295,1.7404945449250926,0.0,True,1.0918784085699965e-16
P50_gap2,0.0,57.89062500000001,1.0812338818286926,1.7404945449250937,0.0,True,1.0918784085699965e-16
P50_gap2,0.0,59.37500000000001,-1.0812338818286928,0.0,0.0,False,2.0000000000000004
P50_gap2,0.0,60.859375,-1.1749589995573293,0.0,0.0,False,2.0
P50_gap2,0.0,62.34375000000001,-1.235788707588404,0.0,0.0,False,2.0
P50_gap2,0.0,63.828125,-1.280914052194389,0.0,0.0,False,2.0
P50_gap2,0.0,65.31250000000001,-1.3131738753300157,0.0,0.0,False,2.0000000000000004
P50_gap2,0.0,66.796875,-1.3360679640330102,0.0,0.0,False,2.0
P50_gap2,0.0,68.28125000000001,-1.3505008503126745,0.0,0.0,False,2.0
P50_gap2,0.0,69.765625,-1.3575971998110905,0.0,0.0,False,2.0000000000000004
P50_gap2,0.0,71.25,-1.3575971998110905,0.0,0.0,False,2.0
P50_gap2,0.0,72.734375,-1.3505008503126745,0.0,0.0,False,2.0
P50_gap2,0.0,74.21875,-1.3360679640330102,0.0,0.0,False,2.0
P50_gap2,0.0,75.703125,-1.3131738753300157,0.0,0.0,False,2.0000000000000004
P50_gap2,0.0,77.1875,-1.280914052194389,0.0,0.0,False,2.0
P50_gap2,0.0,78.671875,-1.235788707588404,0.0,0.0,False,2.0
P50_gap2,0.0,80.15625,-1.1749589995573293,0.0,0.0,False,2.0
P50_gap2,0.0,81.64062500000001,-1.0812338818286928,0.0,0.0,False,2.0
P50_gap2,0.0,83.125,1.0812338818286926,1.7404945449250935,0.0,True,3.3087224502121107e-18
P50_gap2,0.0,84.60937500000001,1.1749589995573295,1.7404945449250901,0.0,True,-7.610061635487855e-17
P50_gap2,0.0,86.09375,1.235788707588404,1.7404945449250984,0.0,True,2.6800651846718097e-16
P50_gap2,0.0,87.57812500000001,1.280914052194389,1.740494544925089,0.0,True,-1.0257039595657543e-16
P50_gap2,0.0,89.0625,1.3131738753300157,1.7404945449250968,0.0,True,5.624828165360588e-17
P50_gap2,0.0,90.54687500000001,1.3360679640330102,1.7404945449250901,0.0,True,-1.0257039595657543e-16
P50_gap2,0.0,92.03125,1.3505008503126747,1.7404945449250897,0.0,True,-3.143286327701505e-16
P50_gap2,0.0,93.51562500000001,1.3575971998110903,1.7404945449250937,0.0,True,-4.963083675318166e-17
P50_gap2,0.0,95.0,1.3575971998110903,1.7404945449250964,0.0,True,1.0918784085699965e-16
P50_gap2,0.0,96.484375,1.3505008503126747,1.7404945449250917,0.0,True,-1.555099551599692e-16
P50_gap2,0.0,97.96875,1.3360679640330102,1.7404945449250866,0.0,True,-2.6138907356675675e-16
P50_gap2,0.0,99.453125,1.3131738753300157,1.7404945449250984,0.0,True,1.0918784085699965e-16
P50_gap2,0.0,100.93750000000001,1.280914052194389,1.7404945449250935,0.0,True,1.0918784085699965e-16
P50_gap2,0.0,102.421875,1.235788707588404,1.7404945449250917,0.0,True,5.624828165360588e-17
P50_gap2,0.0,103.90625000000001,1.1749589995573295,1.7404945449250957,0.0,True,1.3565762045869654e-16
P50_gap2,0.0,105.390625,1.0812338818286926,1.7404945449250908,0.0,True,-7.610061635487855e-17
P50_gap2,0.0,106.87500000000001,-1.0812338818286928,0.0,0.0,False,2.0
P50_gap2,0.0,108.359375,-1.1749589995573293,0.0,0.0,False,2.0
P50_gap2,0.0,109.84375000000001,-1.235788707588404,0.0,0.0,False,2.0
P50_gap2,0.0,111.328125,-1.280914052194389,0.0,0.0,False,2.0
P50_gap2,0.0,112.81250000000001,-1.3131738753300157,0.0,0.0,False,2.0
P50_gap2,0.0,114.296875,-1.3360679640330102,0.0,0.0,False,2.0
P50_gap2,0.0,115.78125000000001,-1.3505008503126745,0.0,0.0,False,2.0
P50_gap2,0.0,117.265625,-1.3575971998110905,0.0,0.0,False,2.0000000000000004
P50_gap2,0.0,118.75000000000001,-1.3575971998110905,0.0,0.0,False,2.0
P50_gap2,0.0,120.234375,-1.3505008503126745,0.0,0.0,False,2.0
P50_gap2,0.0,121.71875,-1.3360679640330102,0.0,0.0,False,2.0
P50_gap2,0.0,123.203125,-1.3131738753300157,0.0,0.0,False,2.0000000000000004
P50_gap2,0.0,124.68750000000001,-1.280914052194389,0.0,0.0,False,2.0
P50_gap2,0.0,126.17187500000001,-1.235788707588404,0.0,0.0,False,2.0
P50_gap2,0.0,127.65625,-1.1749589995573293,0.0,0.0,False,2.0
P50_gap2,0.0,129.140625,-1.0812338818286928,0.0,0.0,False,2.0
P50_gap2,0.0,130.62500000000003,1.0812338818286926,1.7404945449250901,0.0,True,-1.819797347616661e-16
P50_gap2,0.0,132.109375,1.1749589995573295,1.740494544925093,0.0,True,2.9778502051908996e-17
P50_gap2,0.0,133.59375,1.235788707588404,1.7404945449251004,0.0,True,3.2094607767057474e-16
P50_gap2,0.0,135.078125,1.280914052194389,1.7404945449250864,0.0,True,-2.6138907356675675e-16
P50_gap2,0.0,136.56250000000003,1.3131738753300157,1.7404945449250937,0.0,True,-1.555099551599692e-16
P50_gap2,0.0,138.046875,1.3360679640330102,1.740494544925091,0.0,True,-4.963083675318166e-17
P50_gap2,0.0,139.53125,1.3505008503126747,1.740494544925093,0.0,True,3.3087224502121107e-18
P50_gap2,0.0,141.015625,1.3575971998110903,1.740494544925096,0.0,True,5.624828165360588e-17
P50_gap2,0.0,142.5,1.3575971998110903,1.74049454492509,0.0,True,-1.555099551599692e-16
P50_gap2,0.0,143.98437500000003,1.3505008503126747,1.7404945449250941,0.0,True,-4.963083675318166e-17
P50_gap2,0.0,145.46875,1.3360679640330102,1.7404945449250897,0.0,True,-4.963083675318166e-17
P50_gap2,0.0,146.953125,1.3131738753300157,1.7404945449250988,0.0,True,1.0918784085699965e-16
P50_gap2,0.0,148.4375,1.280914052194389,1.7404945449250904,0.0,True,-2.0844951436336297e-16
P50_gap2,0.0,149.92187500000003,1.235788707588404,1.740494544925088,0.0,True,-2.0844951436336297e-16
P50_gap2,0.0,151.40625,1.1749589995573295,1.7404945449251035,0.0,True,2.6800651846718097e-16
P50_gap2,0.0,152.890625,1.0812338818286926,1.7404945449250842,0.0,True,-4.2020775117693806e-16
P50_gap2,0.0,154.375,-1.0812338818286928,0.0,0.0,False,2.0
P50_gap2,0.0,155.85937500000003,-1.1749589995573293,0.0,0.0,False,1.9999999999999996
P50_gap2,0.0,157.34375,-1.235788707588404,0.0,0.0,False,2.0
P50_gap2,0.0,158.828125,-1.280914052194389,0.0,0.0,False,2.0
P50_gap2,0.0,160.3125,-1.3131738753300157,0.0,0.0,False,2.0
P50_gap2,0.0,161.79687500000003,-1.3360679640330102,0.0,0.0,False,2.0
P50_gap2,0.0,163.28125000000003,-1.3505008503126745,0.0,0.0,False,2.0
P50_gap2,0.0,164.765625,-1.3575971998110905,0.0,0.0,False,2.0000000000000004
P50_gap2,0.0,166.25,-1.3575971998110905,0.0,0.0,False,2.0
P50_gap2,0.0,167.734375,-1.3505008503126745,0.0,0.0,False,2.0
P50_gap2,0.0,169.21875000000003,-1.3360679640330102,0.0,0.0,False,2.0
P50_gap2,0.0,170.703125,-1.3131738753300157,0.0,0.0,False,2.0000000000000004
P50_gap2,0.0,172.1875,-1.280914052194389,0.0,0.0,False,2.0
P50_gap2,0.0,173.671875,-1.235788707588404,0.0,0.0,False,2.0
P50_gap2,0.0,175.15625000000003,-1.1749589995573293,0.0,0.0,False,2.0
P50_gap2,0.0,176.640625,-1.0812338818286928,0.0,0.0,False,2.0
P50_gap2,0.0,178.125,1.0812338818286926,1.7404945449250908,0.0,True,-1.0257039595657543e-16
P50_gap2,0.0,179.609375,1.1749589995573295,1.7404945449250917,0.0,True,2.9778502051908996e-17
P50_gap2,0.0,181.09375000000003,1.235788707588404,1.7404945449251,0.0,True,3.738856368739685e-16
P50_gap2,0.0,182.57812500000003,1.280914052194389,1.7404945449250873,0.0,True,-1.0257039595657543e-16
P50_gap2,0.0,184.0625,1.3131738753300157,1.7404945449250977,0.0,True,1.6212740006039342e-16
P50_gap2,0.0,185.546875,1.3360679640330102,1.740494544925088,0.0,True,3.3087224502121107e-18
P50_gap2,0.0,187.03125000000003,1.3505008503126747,1.7404945449250995,0.0,True,1.0918784085699965e-16
P50_gap2,0.0,188.51562500000003,1.3575971998110903,1.7404945449250848,0.0,True,-2.6138907356675675e-16
P50_gap2,40.0,0.0,1.009498290826072,1.7404945449250937,0.696197817970038,True,1.0587911840678754e-16
P50_gap2,40.0,1.484375,1.0024019413276564,1.7404945449250953,0.6961978179700381,True,1.0587911840678754e-16
P50_gap2,40.0,2.96875,0.9879690550479918,1.7404945449250886,0.696197817970038,True,-1.0587911840678754e-16
P50_gap2,40.0,4.453125,0.965074966344997,1.7404945449250968,0.696197817970038,True,1.0587911840678754e-16
P50_gap2,40.0,5.9375,0.9328151432093706,1.740494544925093,0.6961978179700381,True,0.0
P50_gap2,40.0,7.421875000000001,0.8876897986033855,1.7404945449250926,0.6961978179700381,True,-1.0587911840678754e-16
P50_gap2,40.0,8.90625,0.8268600905723109,1.7404945449250957,0.696197817970038,True,0.0
P50_gap2,40.0,10.390625,0.7331349728436739,1.740494544925088,0.6961978179700382,True,1.0587911840678754e-16
P50_gap2,40.0,11.875,-0.7331349728436741,0.0,0.0,False,1.3038021820299628
P50_gap2,40.0,13.359375000000002,-0.8268600905723105,0.0,0.0,False,1.3038021820299628
P50_gap2,40.0,14.843750000000002,-0.8876897986033853,0.0,0.0,False,1.3038021820299628
P50_gap2,40.0,16.328125000000004,-0.9328151432093702,0.0,0.0,False,1.3038021820299628
P50_gap2,40.0,17.8125,-0.9650749663449969,0.0,0.0,False,1.3038021820299628
P50_gap2,40.0,19.296875,-0.9879690550479914,0.0,0.0,False,1.3038021820299628
P50_gap2,40.0,20.78125,-1.0024019413276557,0.0,0.0,False,1.3038021820299623
P50_gap2,40.0,22.265625,-1.0094982908260717,0.0,0.0,False,1.3038021820299632
P50_gap2,40.0,23.75,-1.0094982908260717,0.0,0.0,False,1.3038021820299632
P50_gap2,40.0,25.234375000000004,-1.0024019413276557,0.0,0.0,False,1.3038021820299628
P50_gap2,40.0,26.718750000000004,-0.9879690550479914,0.0,0.0,False,1.3038021820299628
P50_gap2,40.0,28.203125000000004,-0.9650749663449969,0.0,0.0,False,1.3038021820299632
P50_gap2,40.0,29.687500000000004,-0.9328151432093702,0.0,0.0,False,1.3038021820299628
P50_gap2,40.0,31.171875000000004,-0.8876897986033853,0.0,0.0,False,1.3038021820299628
P50_gap2,40.0,32.65625000000001,-0.8268600905723105,0.0,0.0,False,1.3038021820299628
P50_gap2,40.0,34.14062500000001,-0.7331349728436741,0.0,0.0,False,1.3038021820299628
P50_gap2,40.0,35.625,0.733134972843674,1.7404945449250901,0.696197817970038,True,0.0
P50_gap2,40.0,37.109375,0.8268600905723109,1.740494544925091,0.6961978179700382,True,-1.0587911840678754e-16
P50_gap2,40.0,38.59375,0.8876897986033856,1.7404945449250937,0.696197817970038,True,1.0587911840678754e-16
P50_gap2,40.0,40.078125,0.9328151432093708,1.7404945449250964,0.696197817970038,True,1.0587911840678754e-16
P50_gap2,40.0,41.5625,0.9650749663449972,1.7404945449250917,0.696197817970038,True,-1.0587911840678754e-16
P50_gap2,40.0,43.046875,0.9879690550479918,1.7404945449250946,0.696197817970038,True,1.0587911840678754e-16
P50_gap2,40.0,44.53125,1.0024019413276564,1.740494544925096,0.696197817970038,True,0.0
P50_gap2,40.0,46.015625,1.009498290826072,1.740494544925089,0.6961978179700381,True,-2.1175823681357508e-16
P50_gap2,40.0,47.5,1.009498290826072,1.740494544925092,0.6961978179700382,True,-1.0587911840678754e-16
P50_gap2,40.0,48.984375,1.0024019413276564,1.740494544925096,0.6961978179700381,True,1.0587911840678754e-16
P50_gap2,40.0,50.46875000000001,0.9879690550479918,1.7404945449250953,0.696197817970038,True,1.0587911840678754e-16
P50_gap2,40.0,51.95312500000001,0.965074966344997,1.74049454492509,0.696197817970038,True,-2.1175823681357508e-16
P50_gap2,40.0,53.43750000000001,0.9328151432093706,1.7404945449250957,0.696197817970038,True,1.0587911840678754e-16
P50_gap2,40.0,54.92187500000001,0.8876897986033855,1.7404945449250937,0.6961978179700381,True,0.0
P50_gap2,40.0,56.40625000000001,0.8268600905723109,1.740494544925093,0.6961978179700378,True,-1.0587911840678754e-16
P50_gap2,40.0,57.89062500000001,0.7331349728436739,1.7404945449250884,0.6961978179700379,True,0.0
P50_gap2,40.0,59.37500000000001,-0.7331349728436741,0.0,0.0,False,1.3038021820299628
P50_gap2,40.0,60.859375,-0.8268600905723105,0.0,0.0,False,1.3038021820299623
P50_gap2,40.0,62.34375000000001,-0.8876897986033853,0.0,0.0,False,1.3038021820299628
P50_gap2,40.0,63.828125,-0.9328151432093702,0.0,0.0,False,1.3038021820299628
P50_gap2,40.0,65.31250000000001,-0.9650749663449969,0.0,0.0,False,1.3038021820299628
P50_gap2,40.0,66.796875,-0.9879690550479914,0.0,0.0,False,1.3038021820299628
P50_gap2,40.0,68.28125000000001,-1.0024019413276557,0.0,0.0,False,1.3038021820299623
P50_gap2,40.0,69.765625,-1.0094982908260717,0.0,0.0,False,1.3038021820299632
P50_gap2,40.0,71.25,-1.0094982908260717,0.0,0.0,False,1.3038021820299632
P50_gap2,40.0,72.734375,-1.0024019413276557,0.0,0.0,False,1.3038021820299628
P50_gap2,40.0,74.21875,-0.9879690550479914,0.0,0.0,False,1.3038021820299628
P50_gap2,40.0,75.703125,-0.9650749663449969,0.0,0.0,False,1.3038021820299632
P50_gap2,40.0,77.1875,-0.9328151432093702,0.0,0.0,False,1.3038021820299628
P50_gap2,40.0,78.671875,-0.8876897986033853,0.0,0.0,False,1.3038021820299628
P50_gap2,40.0,80.15625,-0.8268600905723105,0.0,0.0,False,1.3038021820299628
P50_gap2,40.0,81.64062500000001,-0.7331349728436741,0.0,0.0,False,1.3038021820299628
P50_gap2,40.0,83.125,0.733134972843674,1.74049454492509,0.696197817970038,True,1.0587911840678754e-16
P50_gap2,40.0,84.60937500000001,0.826860090572311,1.7404945449250941,0.696197817970038,True,0.0
P50_gap2,40.0,86.09375,0.8876897986033855,1.7404945449250935,0.696197817970038,True,2.1175823681357508e-16
P50_gap2,40.0,87.57812500000001,0.9328151432093706,1.7404945449250957,0.696197817970038,True,1.0587911840678754e-16
P50_gap2,40.0,89.0625,0.965074966344997,1.7404945449250915,0.6961978179700382,True,1.0587911840678754e-16
P50_gap2,40.0,90.54687500000001,0.9879690550479918,1.7404945449250935,0.696197817970038,True,0.0
P50_gap2,40.0,92.03125,1.0024019413276561,1.7404945449250993,0.696197817970038,True,3.1763735522036263e-16
P50_gap2,40.0,93.51562500000001,1.009498290826072,1.7404945449250873,0.696197817970038,True,-3.1763735522036263e-16
P50_gap2,40.0,95.0,1.009498290826072,1.740494544925093,0.6961978179700382,True,-2.1175823681357508e-16
P50_gap2,40.0,96.484375,1.0024019413276561,1.7404945449250946,0.6961978179700379,True,0.0
P50_gap2,40.0,97.96875,0.9879690550479918,1.7404945449250917,0.696197817970038,True,-1.0587911840678754e-16
P50_gap2,40.0,99.453125,0.9650749663449972,1.7404945449250926,0.6961978179700378,True,-3.1763735522036263e-16
P50_gap2,40.0,100.93750000000001,0.9328151432093705,1.7404945449250948,0.6961978179700382,True,1.0587911840678754e-16
P50_gap2,40.0,102.421875,0.8876897986033856,1.7404945449250946,0.6961978179700379,True,0.0
P50_gap2,40.0,103.90625000000001,0.8268600905723109,1.7404945449250935,0.6961978179700381,True,-1.0587911840678754e-16
P50_gap2,40.0,105.390625,0.7331349728436739,1.740494544925088,0.6961978179700379,True,0.0
P50_gap2,40.0,106.87500000000001,-0.7331349728436741,0.0,0.0,False,1.3038021820299628
P50_gap2,40.0,108.359375,-0.8268600905723105,0.0,0.0,False,1.3038021820299623
P50_gap2,40.0,109.84375000000001,-0.8876897986033853,0.0,0.0,False,1.3038021820299628
P50_gap2,40.0,111.328125,-0.9328151432093702,0.0,0.0,False,1.3038021820299628
P50_gap2,40.0,112.81250000000001,-0.9650749663449969,0.0,0.0,False,1.3038021820299628
P50_gap2,40.0,114.296875,-0.9879690550479914,0.0,0.0,False,1.3038021820299628
P50_gap2,40.0,115.78125000000001,-1.0024019413276557,0.0,0.0,False,1.3038021820299623
P50_gap2,40.0,117.265625,-1.0094982908260717,0.0,0.0,False,1.3038021820299632
P50_gap2,40.0,118.75000000000001,-1.0094982908260717,0.0,0.0,False,1.3038021820299632
P50_gap2,40.0,120.234375,-1.0024019413276557,0.0,0.0,False,1.3038021820299628
P50_gap2,40.0,121.71875,-0.9879690550479914,0.0,0.0,False,1.3038021820299628
P50_gap2,40.0,123.203125,-0.9650749663449969,0.0,0.0,False,1.3038021820299632
P50_gap2,40.0,124.68750000000001,-0.9328151432093702,0.0,0.0,False,1.3038021820299628
P50_gap2,40.0,126.17187500000001,-0.8876897986033853,0.0,0.0,False,1.3038021820299628
P50_gap2,40.0,127.65625,-0.8268600905723105,0.0,0.0,False,1.3038021820299628
P50_gap2,40.0,129.140625,-0.7331349728436741,0.0,0.0,False,1.3038021820299628
P50_gap2,40.0,130.62500000000003,0.733134972843674,1.740494544925088,0.6961978179700381,True,0.0
P50_gap2,40.0,132.109375,0.8268600905723109,1.7404945449250981,0.6961978179700378,True,1.0587911840678754e-16
P50_gap2,40.0,133.59375,0.8876897986033855,1.7404945449250906,0.6961978179700381,True,0.0
P50_gap2,40.0,135.078125,0.9328151432093708,1.7404945449250964,0.6961978179700379,True,0.0
P50_gap2,40.0,136.56250000000003,0.965074966344997,1.7404945449250897,0.6961978179700378,True,-1.0587911840678754e-16
P50_gap2,40.0,138.046875,0.9879690550479918,1.740494544925093,0.696197817970038,True,-1.0587911840678754e-16
P50_gap2,40.0,139.53125,1.0024019413276564,1.7404945449250946,0.696197817970038,True,1.0587911840678754e-16
P50_gap2,40.0,141.015625,1.009498290826072,1.7404945449250957,0.6961978179700381,True,1.0587911840678754e-16
P50_gap2,40.0,142.5,1.009498290826072,1.7404945449250935,0.6961978179700379,True,1.0587911840678754e-16
P50_gap2,40.0,143.98437500000003,1.0024019413276564,1.7404945449250917,0.6961978179700379,True,-1.0587911840678754e-16
P50_gap2,40.0,145.46875,0.9879690550479918,1.7404945449250928,0.696197817970038,True,-1.0587911840678754e-16
P50_gap2,40.0,146.953125,0.965074966344997,1.740494544925093,0.696197817970038,True,-1.0587911840678754e-16
P50_gap2,40.0,148.4375,0.9328151432093709,1.7404945449250937,0.696197817970038,True,-2.1175823681357508e-16
P50_gap2,40.0,149.92187500000003,0.8876897986033856,1.7404945449250906,0.696197817970038,True,-2.1175823681357508e-16
P50_gap2,40.0,151.40625,0.8268600905723109,1.7404945449250981,0.6961978179700382,True,1.0587911840678754e-16
P50_gap2,40.0,152.890625,0.733134972843674,1.7404945449250877,0.6961978179700379,True,-1.0587911840678754e-16
P50_gap2,40.0,154.375,-0.7331349728436741,0.0,0.0,False,1.3038021820299628
P50_gap2,40.0,155.85937500000003,-0.8268600905723105,0.0,0.0,False,1.3038021820299628
P50_gap2,40.0,157.34375,-0.8876897986033853,0.0,0.0,False,1.3038021820299628
P50_gap2,40.0,158.828125,-0.9328151432093702,0.0,0.0,False,1.3038021820299628
P50_gap2,40.0,160.3125,-0.9650749663449969,0.0,0.0,False,1.3038021820299628
P50_gap2,40.0,161.79687500000003,-0.9879690550479914,0.0,0.0,False,1.3038021820299628
P50_gap2,40.0,163.28125000000003,-1.0024019413276557,0.0,0.0,False,1.3038021820299623
P50_gap2,40.0,164.765625,-1.0094982908260717,0.0,0.0,False,1.3038021820299632
P50_gap2,40.0,166.25,-1.0094982908260717,0.0,0.0,False,1.3038021820299632
P50_gap2,40.0,167.734375,-1.0024019413276557,0.0,0.0,False,1.3038021820299628
P50_gap2,40.0,169.21875000000003,-0.9879690550479914,0.0,0.0,False,1.3038021820299628
P50_gap2,40.0,170.703125,-0.9650749663449969,0.0,0.0,False,1.3038021820299632
P50_gap2,40.0,172.1875,-0.9328151432093702,0.0,0.0,False,1.3038021820299628
P50_gap2,40.0,173.671875,-0.8876897986033853,0.0,0.0,False,1.3038021820299628
P50_gap2,40.0,175.15625000000003,-0.8268600905723105,0.0,0.0,False,1.3038021820299628
P50_gap2,40.0,176.640625,-0.7331349728436741,0.0,0.0,False,1.3038021820299628
P50_gap2,40.0,178.125,0.733134972843674,1.7404945449250888,0.6961978179700381,True,0.0
P50_gap2,40.0,179.609375,0.8268600905723109,1.740494544925093,0.6961978179700378,True,0.0
P50_gap2,40.0,181.09375000000003,0.8876897986033856,1.7404945449251,0.6961978179700378,True,1.0587911840678754e-16
P50_gap2,40.0,182.57812500000003,0.9328151432093706,1.740494544925087,0.696197817970038,True,-3.1763735522036263e-16
P50_gap2,40.0,184.0625,0.965074966344997,1.7404945449250906,0.6961978179700378,True,-1.0587911840678754e-16
P50_gap2,40.0,185.546875,0.987969055047992,1.7404945449251004,0.6961978179700375,True,1.0587911840678754e-16
P50_gap2,40.0,187.03125000000003,1.0024019413276561,1.7404945449250888,0.6961978179700378,True,0.0
P50_gap2,40.0,188.51562500000003,1.009498290826072,1.7404945449250946,0.6961978179700375,True,0.0
