source_row,pressure_MPa,dwell_min,mu_75A,mu_80A,mu_83A,mu_93A
1,0.288,2.172,0.568,0.663,0.749,0.58
2,0.712,5,0.707,0.589,0.666,0.496
3,0.288,1,0.356,0.558,0.606,0.585
4,0.712,7.828,0.644,0.768,0.728,0.689
5,0.2,2.172,0.261,0.293,0.314,0.419
6,0.8,5,0.373,0.514,0.654,0.466
7,0.5,5,0.358,0.558,0.565,0.44
8,0.5,5,0.347,0.555,0.579,0.443
9,0.5,5,0.343,0.485,0.63,0.463
10,0.5,5,0.337,0.489,0.592,0.462
11,0.5,9,0.455,0.575,0.746,0.547
12,0.5,5,0.211,0.399,0.298,0.422
13,0.5,7.828,0.276,0.535,0.359,0.48
