auxetic_body_mass_fraction,assumed_auxetic_yen_kg,assumed_same_total_body_mass_kg,mixture_material_yen,extra_initial_yen,required_whole_bed_life_ratio_for_equal_annual_material_cost
0.1,1500,140025.26867296622,147026532.10661453,7001263.4336483115,1.05
0.1,3000,140025.26867296622,168030322.40755945,28005053.734593246,1.2
0.1,10000,140025.26867296622,266048010.47863582,126022741.8056696,1.9
0.25,1500,140025.26867296622,157528427.257087,17503158.584120777,1.125
0.25,3000,140025.26867296622,210037903.00944933,70012634.3364831,1.5
0.25,10000,140025.26867296622,455082123.1871402,315056854.514174,3.25
0.5,1500,140025.26867296622,175031585.84120777,35006317.16824155,1.25
0.5,3000,140025.26867296622,280050537.3459324,140025268.6729662,2.0
0.5,10000,140025.26867296622,770138977.7013142,630113709.028348,5.5
1,1500,140025.26867296622,210037903.00944933,70012634.3364831,1.5
1,3000,140025.26867296622,420075806.01889867,280050537.3459324,3.0
1,10000,140025.26867296622,1400252686.7296622,1260227418.056696,10.0
