reference_diameter_um,density_ratio_phi_over_hexagonal,friction_coefficient,normal_spacing_um,normal_overlap_um,contact_extent_um,release_shear_strain,release_distance_um,limiting_branch
500,1.01,0.1,497.51859510499463,2.481404895005368,49.751859510498925,0.1,49.751859510499465,coincident
500,1.01,0.3,497.51859510499463,2.481404895005368,49.751859510498925,0.10000000000000005,49.751859510499486,contact_extent
500,1.01,0.6,497.51859510499463,2.481404895005368,49.751859510498925,0.10000000000000005,49.751859510499486,contact_extent
500,1.04,0.1,490.29033784546004,9.709662154539945,98.05806756909212,0.1,49.02903378454601,friction
500,1.04,0.3,490.29033784546004,9.709662154539945,98.05806756909212,0.2000000000000001,98.05806756909206,contact_extent
500,1.04,0.6,490.29033784546004,9.709662154539945,98.05806756909212,0.2000000000000001,98.05806756909206,contact_extent
500,1.09,0.1,478.9131426105757,21.086857389424342,143.67394278317286,0.1,47.89131426105757,friction
500,1.09,0.3,478.9131426105757,21.086857389424342,143.67394278317286,0.3,143.6739427831727,coincident
500,1.09,0.6,478.9131426105757,21.086857389424342,143.67394278317286,0.30000000000000016,143.67394278317278,contact_extent
500,1.25,0.1,447.21359549995793,52.786404500042075,223.60679774997902,0.1,44.721359549995796,friction
500,1.25,0.3,447.21359549995793,52.786404500042075,223.60679774997902,0.3,134.16407864998737,friction
500,1.25,0.6,447.21359549995793,52.786404500042075,223.60679774997902,0.5,223.60679774997897,contact_extent
1000,1.01,0.1,995.0371902099893,4.962809790010736,99.50371902099785,0.1,99.50371902099893,coincident
1000,1.01,0.3,995.0371902099893,4.962809790010736,99.50371902099785,0.10000000000000005,99.50371902099897,contact_extent
1000,1.01,0.6,995.0371902099893,4.962809790010736,99.50371902099785,0.10000000000000005,99.50371902099897,contact_extent
1000,1.04,0.1,980.5806756909201,19.41932430907989,196.11613513818423,0.1,98.05806756909202,friction
1000,1.04,0.3,980.5806756909201,19.41932430907989,196.11613513818423,0.2000000000000001,196.11613513818412,contact_extent
1000,1.04,0.6,980.5806756909201,19.41932430907989,196.11613513818423,0.2000000000000001,196.11613513818412,contact_extent
1000,1.09,0.1,957.8262852211514,42.173714778848684,287.3478855663457,0.1,95.78262852211515,friction
1000,1.09,0.3,957.8262852211514,42.173714778848684,287.3478855663457,0.3,287.3478855663454,coincident
1000,1.09,0.6,957.8262852211514,42.173714778848684,287.3478855663457,0.30000000000000016,287.34788556634555,contact_extent
1000,1.25,0.1,894.4271909999159,105.57280900008415,447.21359549995805,0.1,89.44271909999159,friction
1000,1.25,0.3,894.4271909999159,105.57280900008415,447.21359549995805,0.3,268.32815729997475,friction
1000,1.25,0.6,894.4271909999159,105.57280900008415,447.21359549995805,0.5,447.21359549995793,contact_extent
