N,contacts_in_row,gap_um,pitch_um,envelope_um,max_deltaT_C,ratio_to_N1,time_at_peak_us,assumed_mu,assumed_v_m_s,assumed_eta
1,1,0,150.0,150.0,8.872289041515973,1.0,8.855,0.1,10,0.5
1,1,10,160.0,150.0,8.872289041515973,1.0,8.855,0.1,10,0.5
1,1,25,175.00000000000003,150.0,8.872289041515973,1.0,8.855,0.1,10,0.5
4,2,0,75.0,150.0,8.623516463975667,0.9719607221567931,11.856250000000001,0.1,10,0.5
4,2,10,85.0,160.0,8.503876081897914,0.9584759966797577,12.867750000000004,0.1,10,0.5
4,2,25,100.0,175.00000000000003,8.354990820554823,0.9416950666800231,14.38,0.1,10,0.5
16,4,0,37.5,150.0,8.358321617003522,0.9420704823628434,13.401666666666669,0.1,10,0.5
16,4,10,47.5,180.0,7.966781428641057,0.8979397978765359,16.420583333333333,0.1,10,0.5
16,4,25,62.5,225.0,7.553233624105935,0.8513286243000198,20.934791666666673,0.1,10,0.5
64,8,0,18.75,150.0,8.122777070551168,0.9155221423177689,14.192916666666667,0.1,10,0.5
64,8,10,28.75,220.0,7.225832902812369,0.8144271302479703,21.211125,0.1,10,0.5
64,8,25,43.75,325.0,6.4883483157683095,0.7313048848394677,31.7209375,0.1,10,0.5
