N,a_um,mu_assumed,v_m_s,eta_assumed,T0_C,deltaT_single_C,T_single_C,tau_us,Pe,diffusion_depth_um,depth_over_a,one_dimensional_geometry_screen
1,50.0,0.04,0.5,0.25,50,0.3967808282571234,50.39678082825712,200.0,118.75,6.488856845230502,0.12977713690461004,True
1,50.0,0.04,0.5,0.5,50,0.7935616565142468,50.79356165651425,200.0,118.75,6.488856845230502,0.12977713690461004,True
1,50.0,0.04,0.5,1,50,1.5871233130284936,51.58712331302849,200.0,118.75,6.488856845230502,0.12977713690461004,True
1,50.0,0.04,5,0.25,50,1.2547311491806077,51.25473114918061,20.0,1187.5,2.0519567041703084,0.04103913408340616,True
1,50.0,0.04,5,0.5,50,2.5094622983612154,52.509462298361214,20.0,1187.5,2.0519567041703084,0.04103913408340616,True
1,50.0,0.04,5,1,50,5.018924596722431,55.01892459672243,20.0,1187.5,2.0519567041703084,0.04103913408340616,True
1,50.0,0.04,10,0.25,50,1.7744578083031948,51.7744578083032,10.0,2375.0,1.4509525002200234,0.029019050004400467,True
1,50.0,0.04,10,0.5,50,3.5489156166063895,53.548915616606386,10.0,2375.0,1.4509525002200234,0.029019050004400467,True
1,50.0,0.04,10,1,50,7.097831233212779,57.09783123321278,10.0,2375.0,1.4509525002200234,0.029019050004400467,True
1,50.0,0.04,20,0.25,50,2.5094622983612154,52.509462298361214,5.0,4750.0,1.0259783520851542,0.02051956704170308,True
1,50.0,0.04,20,0.5,50,5.018924596722431,55.01892459672243,5.0,4750.0,1.0259783520851542,0.02051956704170308,True
1,50.0,0.04,20,1,50,10.037849193444861,60.03784919344486,5.0,4750.0,1.0259783520851542,0.02051956704170308,True
1,50.0,0.1,0.5,0.25,50,0.9919520706428085,50.99195207064281,200.0,118.75,6.488856845230502,0.12977713690461004,True
1,50.0,0.1,0.5,0.5,50,1.983904141285617,51.98390414128562,200.0,118.75,6.488856845230502,0.12977713690461004,True
1,50.0,0.1,0.5,1,50,3.967808282571234,53.967808282571234,200.0,118.75,6.488856845230502,0.12977713690461004,True
1,50.0,0.1,5,0.25,50,3.1368278729515198,53.13682787295152,20.0,1187.5,2.0519567041703084,0.04103913408340616,True
1,50.0,0.1,5,0.5,50,6.2736557459030395,56.27365574590304,20.0,1187.5,2.0519567041703084,0.04103913408340616,True
1,50.0,0.1,5,1,50,12.547311491806079,62.54731149180608,20.0,1187.5,2.0519567041703084,0.04103913408340616,True
1,50.0,0.1,10,0.25,50,4.436144520757987,54.436144520757985,10.0,2375.0,1.4509525002200234,0.029019050004400467,True
1,50.0,0.1,10,0.5,50,8.872289041515973,58.87228904151597,10.0,2375.0,1.4509525002200234,0.029019050004400467,True
1,50.0,0.1,10,1,50,17.744578083031946,67.74457808303194,10.0,2375.0,1.4509525002200234,0.029019050004400467,True
1,50.0,0.1,20,0.25,50,6.2736557459030395,56.27365574590304,5.0,4750.0,1.0259783520851542,0.02051956704170308,True
1,50.0,0.1,20,0.5,50,12.547311491806079,62.54731149180608,5.0,4750.0,1.0259783520851542,0.02051956704170308,True
1,50.0,0.1,20,1,50,25.094622983612158,75.09462298361215,5.0,4750.0,1.0259783520851542,0.02051956704170308,True
1,50.0,0.2,0.5,0.25,50,1.983904141285617,51.98390414128562,200.0,118.75,6.488856845230502,0.12977713690461004,True
1,50.0,0.2,0.5,0.5,50,3.967808282571234,53.967808282571234,200.0,118.75,6.488856845230502,0.12977713690461004,True
1,50.0,0.2,0.5,1,50,7.935616565142468,57.93561656514247,200.0,118.75,6.488856845230502,0.12977713690461004,True
1,50.0,0.2,5,0.25,50,6.2736557459030395,56.27365574590304,20.0,1187.5,2.0519567041703084,0.04103913408340616,True
1,50.0,0.2,5,0.5,50,12.547311491806079,62.54731149180608,20.0,1187.5,2.0519567041703084,0.04103913408340616,True
1,50.0,0.2,5,1,50,25.094622983612158,75.09462298361215,20.0,1187.5,2.0519567041703084,0.04103913408340616,True
1,50.0,0.2,10,0.25,50,8.872289041515973,58.87228904151597,10.0,2375.0,1.4509525002200234,0.029019050004400467,True
1,50.0,0.2,10,0.5,50,17.744578083031946,67.74457808303194,10.0,2375.0,1.4509525002200234,0.029019050004400467,True
1,50.0,0.2,10,1,50,35.48915616606389,85.48915616606389,10.0,2375.0,1.4509525002200234,0.029019050004400467,True
1,50.0,0.2,20,0.25,50,12.547311491806079,62.54731149180608,5.0,4750.0,1.0259783520851542,0.02051956704170308,True
1,50.0,0.2,20,0.5,50,25.094622983612158,75.09462298361215,5.0,4750.0,1.0259783520851542,0.02051956704170308,True
1,50.0,0.2,20,1,50,50.189245967224316,100.18924596722431,5.0,4750.0,1.0259783520851542,0.02051956704170308,True
4,25.0,0.04,0.5,0.25,50,0.2805664143054269,50.280566414305426,100.0,59.375,4.588314677411236,0.18353258709644943,True
4,25.0,0.04,0.5,0.5,50,0.5611328286108538,50.56113282861085,100.0,59.375,4.588314677411236,0.18353258709644943,True
4,25.0,0.04,0.5,1,50,1.1222656572217076,51.12226565722171,100.0,59.375,4.588314677411236,0.18353258709644943,True
4,25.0,0.04,5,0.25,50,0.8872289041515974,50.8872289041516,10.0,593.75,1.4509525002200234,0.058038100008800934,True
4,25.0,0.04,5,0.5,50,1.7744578083031948,51.7744578083032,10.0,593.75,1.4509525002200234,0.058038100008800934,True
4,25.0,0.04,5,1,50,3.5489156166063895,53.548915616606386,10.0,593.75,1.4509525002200234,0.058038100008800934,True
4,25.0,0.04,10,0.25,50,1.2547311491806077,51.25473114918061,5.0,1187.5,1.0259783520851542,0.04103913408340616,True
4,25.0,0.04,10,0.5,50,2.5094622983612154,52.509462298361214,5.0,1187.5,1.0259783520851542,0.04103913408340616,True
4,25.0,0.04,10,1,50,5.018924596722431,55.01892459672243,5.0,1187.5,1.0259783520851542,0.04103913408340616,True
4,25.0,0.04,20,0.25,50,1.7744578083031948,51.7744578083032,2.5,2375.0,0.7254762501100117,0.029019050004400467,True
4,25.0,0.04,20,0.5,50,3.5489156166063895,53.548915616606386,2.5,2375.0,0.7254762501100117,0.029019050004400467,True
4,25.0,0.04,20,1,50,7.097831233212779,57.09783123321278,2.5,2375.0,0.7254762501100117,0.029019050004400467,True
4,25.0,0.1,0.5,0.25,50,0.7014160357635671,50.701416035763565,100.0,59.375,4.588314677411236,0.18353258709644943,True
4,25.0,0.1,0.5,0.5,50,1.4028320715271343,51.402832071527136,100.0,59.375,4.588314677411236,0.18353258709644943,True
4,25.0,0.1,0.5,1,50,2.8056641430542686,52.805664143054265,100.0,59.375,4.588314677411236,0.18353258709644943,True
4,25.0,0.1,5,0.25,50,2.2180722603789933,52.218072260378996,10.0,593.75,1.4509525002200234,0.058038100008800934,True
4,25.0,0.1,5,0.5,50,4.436144520757987,54.436144520757985,10.0,593.75,1.4509525002200234,0.058038100008800934,True
4,25.0,0.1,5,1,50,8.872289041515973,58.87228904151597,10.0,593.75,1.4509525002200234,0.058038100008800934,True
4,25.0,0.1,10,0.25,50,3.1368278729515198,53.13682787295152,5.0,1187.5,1.0259783520851542,0.04103913408340616,True
4,25.0,0.1,10,0.5,50,6.2736557459030395,56.27365574590304,5.0,1187.5,1.0259783520851542,0.04103913408340616,True
4,25.0,0.1,10,1,50,12.547311491806079,62.54731149180608,5.0,1187.5,1.0259783520851542,0.04103913408340616,True
4,25.0,0.1,20,0.25,50,4.436144520757987,54.436144520757985,2.5,2375.0,0.7254762501100117,0.029019050004400467,True
4,25.0,0.1,20,0.5,50,8.872289041515973,58.87228904151597,2.5,2375.0,0.7254762501100117,0.029019050004400467,True
4,25.0,0.1,20,1,50,17.744578083031946,67.74457808303194,2.5,2375.0,0.7254762501100117,0.029019050004400467,True
4,25.0,0.2,0.5,0.25,50,1.4028320715271343,51.402832071527136,100.0,59.375,4.588314677411236,0.18353258709644943,True
4,25.0,0.2,0.5,0.5,50,2.8056641430542686,52.805664143054265,100.0,59.375,4.588314677411236,0.18353258709644943,True
4,25.0,0.2,0.5,1,50,5.611328286108537,55.61132828610854,100.0,59.375,4.588314677411236,0.18353258709644943,True
4,25.0,0.2,5,0.25,50,4.436144520757987,54.436144520757985,10.0,593.75,1.4509525002200234,0.058038100008800934,True
4,25.0,0.2,5,0.5,50,8.872289041515973,58.87228904151597,10.0,593.75,1.4509525002200234,0.058038100008800934,True
4,25.0,0.2,5,1,50,17.744578083031946,67.74457808303194,10.0,593.75,1.4509525002200234,0.058038100008800934,True
4,25.0,0.2,10,0.25,50,6.2736557459030395,56.27365574590304,5.0,1187.5,1.0259783520851542,0.04103913408340616,True
4,25.0,0.2,10,0.5,50,12.547311491806079,62.54731149180608,5.0,1187.5,1.0259783520851542,0.04103913408340616,True
4,25.0,0.2,10,1,50,25.094622983612158,75.09462298361215,5.0,1187.5,1.0259783520851542,0.04103913408340616,True
4,25.0,0.2,20,0.25,50,8.872289041515973,58.87228904151597,2.5,2375.0,0.7254762501100117,0.029019050004400467,True
4,25.0,0.2,20,0.5,50,17.744578083031946,67.74457808303194,2.5,2375.0,0.7254762501100117,0.029019050004400467,True
4,25.0,0.2,20,1,50,35.48915616606389,85.48915616606389,2.5,2375.0,0.7254762501100117,0.029019050004400467,True
16,12.5,0.04,0.5,0.25,50,0.1983904141285617,50.19839041412856,50.0,29.6875,3.244428422615251,0.2595542738092201,False
16,12.5,0.04,0.5,0.5,50,0.3967808282571234,50.39678082825712,50.0,29.6875,3.244428422615251,0.2595542738092201,False
16,12.5,0.04,0.5,1,50,0.7935616565142468,50.79356165651425,50.0,29.6875,3.244428422615251,0.2595542738092201,False
16,12.5,0.04,5,0.25,50,0.6273655745903038,50.62736557459031,5.0,296.875,1.0259783520851542,0.08207826816681232,True
16,12.5,0.04,5,0.5,50,1.2547311491806077,51.25473114918061,5.0,296.875,1.0259783520851542,0.08207826816681232,True
16,12.5,0.04,5,1,50,2.5094622983612154,52.509462298361214,5.0,296.875,1.0259783520851542,0.08207826816681232,True
16,12.5,0.04,10,0.25,50,0.8872289041515974,50.8872289041516,2.5,593.75,0.7254762501100117,0.058038100008800934,True
16,12.5,0.04,10,0.5,50,1.7744578083031948,51.7744578083032,2.5,593.75,0.7254762501100117,0.058038100008800934,True
16,12.5,0.04,10,1,50,3.5489156166063895,53.548915616606386,2.5,593.75,0.7254762501100117,0.058038100008800934,True
16,12.5,0.04,20,0.25,50,1.2547311491806077,51.25473114918061,1.25,1187.5,0.5129891760425771,0.04103913408340616,True
16,12.5,0.04,20,0.5,50,2.5094622983612154,52.509462298361214,1.25,1187.5,0.5129891760425771,0.04103913408340616,True
16,12.5,0.04,20,1,50,5.018924596722431,55.01892459672243,1.25,1187.5,0.5129891760425771,0.04103913408340616,True
16,12.5,0.1,0.5,0.25,50,0.4959760353214043,50.495976035321405,50.0,29.6875,3.244428422615251,0.2595542738092201,False
16,12.5,0.1,0.5,0.5,50,0.9919520706428085,50.99195207064281,50.0,29.6875,3.244428422615251,0.2595542738092201,False
16,12.5,0.1,0.5,1,50,1.983904141285617,51.98390414128562,50.0,29.6875,3.244428422615251,0.2595542738092201,False
16,12.5,0.1,5,0.25,50,1.5684139364757599,51.56841393647576,5.0,296.875,1.0259783520851542,0.08207826816681232,True
16,12.5,0.1,5,0.5,50,3.1368278729515198,53.13682787295152,5.0,296.875,1.0259783520851542,0.08207826816681232,True
16,12.5,0.1,5,1,50,6.2736557459030395,56.27365574590304,5.0,296.875,1.0259783520851542,0.08207826816681232,True
16,12.5,0.1,10,0.25,50,2.2180722603789933,52.218072260378996,2.5,593.75,0.7254762501100117,0.058038100008800934,True
16,12.5,0.1,10,0.5,50,4.436144520757987,54.436144520757985,2.5,593.75,0.7254762501100117,0.058038100008800934,True
16,12.5,0.1,10,1,50,8.872289041515973,58.87228904151597,2.5,593.75,0.7254762501100117,0.058038100008800934,True
16,12.5,0.1,20,0.25,50,3.1368278729515198,53.13682787295152,1.25,1187.5,0.5129891760425771,0.04103913408340616,True
16,12.5,0.1,20,0.5,50,6.2736557459030395,56.27365574590304,1.25,1187.5,0.5129891760425771,0.04103913408340616,True
16,12.5,0.1,20,1,50,12.547311491806079,62.54731149180608,1.25,1187.5,0.5129891760425771,0.04103913408340616,True
16,12.5,0.2,0.5,0.25,50,0.9919520706428085,50.99195207064281,50.0,29.6875,3.244428422615251,0.2595542738092201,False
16,12.5,0.2,0.5,0.5,50,1.983904141285617,51.98390414128562,50.0,29.6875,3.244428422615251,0.2595542738092201,False
16,12.5,0.2,0.5,1,50,3.967808282571234,53.967808282571234,50.0,29.6875,3.244428422615251,0.2595542738092201,False
16,12.5,0.2,5,0.25,50,3.1368278729515198,53.13682787295152,5.0,296.875,1.0259783520851542,0.08207826816681232,True
16,12.5,0.2,5,0.5,50,6.2736557459030395,56.27365574590304,5.0,296.875,1.0259783520851542,0.08207826816681232,True
16,12.5,0.2,5,1,50,12.547311491806079,62.54731149180608,5.0,296.875,1.0259783520851542,0.08207826816681232,True
16,12.5,0.2,10,0.25,50,4.436144520757987,54.436144520757985,2.5,593.75,0.7254762501100117,0.058038100008800934,True
16,12.5,0.2,10,0.5,50,8.872289041515973,58.87228904151597,2.5,593.75,0.7254762501100117,0.058038100008800934,True
16,12.5,0.2,10,1,50,17.744578083031946,67.74457808303194,2.5,593.75,0.7254762501100117,0.058038100008800934,True
16,12.5,0.2,20,0.25,50,6.2736557459030395,56.27365574590304,1.25,1187.5,0.5129891760425771,0.04103913408340616,True
16,12.5,0.2,20,0.5,50,12.547311491806079,62.54731149180608,1.25,1187.5,0.5129891760425771,0.04103913408340616,True
16,12.5,0.2,20,1,50,25.094622983612158,75.09462298361215,1.25,1187.5,0.5129891760425771,0.04103913408340616,True
64,6.25,0.04,0.5,0.25,50,0.14028320715271345,50.14028320715271,25.0,14.84375,2.294157338705618,0.36706517419289886,False
64,6.25,0.04,0.5,0.5,50,0.2805664143054269,50.280566414305426,25.0,14.84375,2.294157338705618,0.36706517419289886,False
64,6.25,0.04,0.5,1,50,0.5611328286108538,50.56113282861085,25.0,14.84375,2.294157338705618,0.36706517419289886,False
64,6.25,0.04,5,0.25,50,0.4436144520757987,50.4436144520758,2.5,148.4375,0.7254762501100117,0.11607620001760187,True
64,6.25,0.04,5,0.5,50,0.8872289041515974,50.8872289041516,2.5,148.4375,0.7254762501100117,0.11607620001760187,True
64,6.25,0.04,5,1,50,1.7744578083031948,51.7744578083032,2.5,148.4375,0.7254762501100117,0.11607620001760187,True
64,6.25,0.04,10,0.25,50,0.6273655745903038,50.62736557459031,1.25,296.875,0.5129891760425771,0.08207826816681232,True
64,6.25,0.04,10,0.5,50,1.2547311491806077,51.25473114918061,1.25,296.875,0.5129891760425771,0.08207826816681232,True
64,6.25,0.04,10,1,50,2.5094622983612154,52.509462298361214,1.25,296.875,0.5129891760425771,0.08207826816681232,True
64,6.25,0.04,20,0.25,50,0.8872289041515974,50.8872289041516,0.625,593.75,0.36273812505500586,0.058038100008800934,True
64,6.25,0.04,20,0.5,50,1.7744578083031948,51.7744578083032,0.625,593.75,0.36273812505500586,0.058038100008800934,True
64,6.25,0.04,20,1,50,3.5489156166063895,53.548915616606386,0.625,593.75,0.36273812505500586,0.058038100008800934,True
64,6.25,0.1,0.5,0.25,50,0.3507080178817836,50.350708017881786,25.0,14.84375,2.294157338705618,0.36706517419289886,False
64,6.25,0.1,0.5,0.5,50,0.7014160357635671,50.701416035763565,25.0,14.84375,2.294157338705618,0.36706517419289886,False
64,6.25,0.1,0.5,1,50,1.4028320715271343,51.402832071527136,25.0,14.84375,2.294157338705618,0.36706517419289886,False
64,6.25,0.1,5,0.25,50,1.1090361301894966,51.109036130189494,2.5,148.4375,0.7254762501100117,0.11607620001760187,True
64,6.25,0.1,5,0.5,50,2.2180722603789933,52.218072260378996,2.5,148.4375,0.7254762501100117,0.11607620001760187,True
64,6.25,0.1,5,1,50,4.436144520757987,54.436144520757985,2.5,148.4375,0.7254762501100117,0.11607620001760187,True
64,6.25,0.1,10,0.25,50,1.5684139364757599,51.56841393647576,1.25,296.875,0.5129891760425771,0.08207826816681232,True
64,6.25,0.1,10,0.5,50,3.1368278729515198,53.13682787295152,1.25,296.875,0.5129891760425771,0.08207826816681232,True
64,6.25,0.1,10,1,50,6.2736557459030395,56.27365574590304,1.25,296.875,0.5129891760425771,0.08207826816681232,True
64,6.25,0.1,20,0.25,50,2.2180722603789933,52.218072260378996,0.625,593.75,0.36273812505500586,0.058038100008800934,True
64,6.25,0.1,20,0.5,50,4.436144520757987,54.436144520757985,0.625,593.75,0.36273812505500586,0.058038100008800934,True
64,6.25,0.1,20,1,50,8.872289041515973,58.87228904151597,0.625,593.75,0.36273812505500586,0.058038100008800934,True
64,6.25,0.2,0.5,0.25,50,0.7014160357635671,50.701416035763565,25.0,14.84375,2.294157338705618,0.36706517419289886,False
64,6.25,0.2,0.5,0.5,50,1.4028320715271343,51.402832071527136,25.0,14.84375,2.294157338705618,0.36706517419289886,False
64,6.25,0.2,0.5,1,50,2.8056641430542686,52.805664143054265,25.0,14.84375,2.294157338705618,0.36706517419289886,False
64,6.25,0.2,5,0.25,50,2.2180722603789933,52.218072260378996,2.5,148.4375,0.7254762501100117,0.11607620001760187,True
64,6.25,0.2,5,0.5,50,4.436144520757987,54.436144520757985,2.5,148.4375,0.7254762501100117,0.11607620001760187,True
64,6.25,0.2,5,1,50,8.872289041515973,58.87228904151597,2.5,148.4375,0.7254762501100117,0.11607620001760187,True
64,6.25,0.2,10,0.25,50,3.1368278729515198,53.13682787295152,1.25,296.875,0.5129891760425771,0.08207826816681232,True
64,6.25,0.2,10,0.5,50,6.2736557459030395,56.27365574590304,1.25,296.875,0.5129891760425771,0.08207826816681232,True
64,6.25,0.2,10,1,50,12.547311491806079,62.54731149180608,1.25,296.875,0.5129891760425771,0.08207826816681232,True
64,6.25,0.2,20,0.25,50,4.436144520757987,54.436144520757985,0.625,593.75,0.36273812505500586,0.058038100008800934,True
64,6.25,0.2,20,0.5,50,8.872289041515973,58.87228904151597,0.625,593.75,0.36273812505500586,0.058038100008800934,True
64,6.25,0.2,20,1,50,17.744578083031946,67.74457808303194,0.625,593.75,0.36273812505500586,0.058038100008800934,True
