w_mass,phi_volume,a_um,domain_d_um,contact_presence,expected_area_fraction,area_fraction_sd
0.01,0.013864300492715911,5,1,0.9125871518823432,0.013864300492715911,0.010157516106238116
0.01,0.013864300492715911,5,2,0.5044009873730717,0.013864300492715911,0.01974032774562364
0.01,0.013864300492715911,5,3,0.2997386247462173,0.013864300492715911,0.02872805046223077
0.01,0.013864300492715911,5,5,0.15085070916735516,0.013864300492715911,0.04484360567615143
0.01,0.013864300492715911,5,10,0.0655515575875049,0.013864300492715911,0.07369960293913613
0.01,0.013864300492715911,5,20,0.03501678917672982,0.013864300492715911,0.09562239516610671
0.01,0.013864300492715911,5,30,0.02688535506828589,0.013864300492715911,0.10296159460176837
0.01,0.013864300492715911,10,1,0.9998824511976668,0.013864300492715911,0.005149277456755695
0.01,0.013864300492715911,10,2,0.9125871518823432,0.013864300492715911,0.010157516106238116
0.01,0.013864300492715911,10,3,0.6877711456060397,0.013864300492715911,0.015022061656363545
0.01,0.013864300492715911,10,5,0.38159698935418573,0.013864300492715911,0.024309801408549485
0.01,0.013864300492715911,10,10,0.15085070916735516,0.013864300492715911,0.04484360567615143
0.01,0.013864300492715911,10,20,0.0655515575875049,0.013864300492715911,0.07369960293913613
0.01,0.013864300492715911,10,30,0.0441929497762854,0.013864300492715911,0.08818745418601043
0.01,0.013864300492715911,25,1,1.0,0.013864300492715911,0.002076463063662896
0.01,0.013864300492715911,25,2,0.99999910377654,0.013864300492715911,0.004130618985125743
0.01,0.013864300492715911,25,3,0.9983039140470643,0.013864300492715911,0.006162294171520693
0.01,0.013864300492715911,25,5,0.9125871518823431,0.013864300492715911,0.010157516106238117
0.01,0.013864300492715911,25,10,0.5044009873730717,0.013864300492715911,0.01974032774562364
0.01,0.013864300492715911,25,20,0.20314891019371437,0.013864300492715911,0.0371016105564503
0.01,0.013864300492715911,25,30,0.11923052406029096,0.013864300492715911,0.05193888458617279
0.01,0.013864300492715911,50,1,1.0,0.013864300492715911,0.0010410090124414427
0.01,0.013864300492715911,50,2,1.0,0.013864300492715911,0.002076463063662896
0.01,0.013864300492715911,50,3,0.9999999999741659,0.013864300492715911,0.0031063403044039703
0.01,0.013864300492715911,50,5,0.9998824511976668,0.013864300492715911,0.005149277456755695
0.01,0.013864300492715911,50,10,0.9125871518823431,0.013864300492715911,0.010157516106238117
0.01,0.013864300492715911,50,20,0.5044009873730717,0.013864300492715911,0.01974032774562364
0.01,0.013864300492715911,50,30,0.2997386247462174,0.013864300492715911,0.028728050462230766
0.02,0.027620787829855945,5,1,0.992473896939144,0.027620787829855945,0.014208712646763804
0.02,0.027620787829855945,5,2,0.7554512504428017,0.027620787829855945,0.027614195214259306
0.02,0.027620787829855945,5,3,0.5107190525436841,0.027620787829855945,0.040187983287068706
0.02,0.027620787829855945,5,5,0.2796781545130447,0.027620787829855945,0.06273628903581141
0.02,0.027620787829855945,5,10,0.12717409536892424,0.027620787829855945,0.10313028818183072
0.02,0.027620787829855945,5,20,0.06901373924004152,0.027620787829855945,0.13388242226520186
0.02,0.027620787829855945,5,30,0.053208324098911006,0.027620787829855945,0.1442022610920335
0.02,0.027620787829855945,10,1,0.9999999869381591,0.027620787829855945,0.007202918630038343
0.02,0.027620787829855945,10,2,0.992473896939144,0.027620787829855945,0.014208712646763804
0.02,0.027620787829855945,10,3,0.9032160959738815,0.027620787829855945,0.021013675386131494
0.02,0.027620787829855945,10,5,0.6187187088803723,0.027620787829855945,0.03400676316959916
0.02,0.027620787829855945,10,10,0.2796781545130447,0.027620787829855945,0.06273628903581141
0.02,0.027620787829855945,10,20,0.12717409536892424,0.027620787829855945,0.10313028818183072
0.02,0.027620787829855945,10,30,0.08668956826466861,0.027620787829855945,0.12344197370346797
0.02,0.027620787829855945,25,1,1.0,0.027620787829855945,0.0029045814002931123
0.02,0.027620787829855945,25,2,0.9999999999992634,0.027620787829855945,0.005777984654549541
0.02,0.027620787829855945,25,3,0.9999972351550017,0.027620787829855945,0.008619967334810793
0.02,0.027620787829855945,25,5,0.992473896939144,0.027620787829855945,0.014208712646763806
0.02,0.027620787829855945,25,10,0.7554512504428017,0.027620787829855945,0.027614195214259306
0.02,0.027620787829855945,25,20,0.36592418381491276,0.027620787829855945,0.051903445848020986
0.02,0.027620787829855945,25,30,0.22485721116348503,0.027620787829855945,0.07266536576013914
0.02,0.027620787829855945,50,1,1.0,0.027620787829855945,0.00145617272906764
0.02,0.027620787829855945,50,2,1.0,0.027620787829855945,0.0029045814002931123
0.02,0.027620787829855945,50,3,1.0,0.027620787829855945,0.004345195500134587
0.02,0.027620787829855945,50,5,0.9999999869381591,0.027620787829855945,0.007202918630038343
0.02,0.027620787829855945,50,10,0.992473896939144,0.027620787829855945,0.014208712646763806
0.02,0.027620787829855945,50,20,0.7554512504428017,0.027620787829855945,0.027614195214259306
0.02,0.027620787829855945,50,30,0.510719052543684,0.027620787829855945,0.04018798328706871
0.03,0.041270714724121145,5,1,0.9993620053657075,0.041270714724121145,0.01721190969884333
0.03,0.041270714724121145,5,2,0.8798685404732184,0.041270714724121145,0.03345165656397774
0.03,0.041270714724121145,5,3,0.6589092926588718,0.041270714724121145,0.04868482102674259
0.03,0.041270714724121145,5,5,0.38959742645969675,0.041270714724121145,0.07600543758321329
0.03,0.041270714724121145,5,10,0.18508523899019833,0.041270714724121145,0.12497284126778102
0.03,0.041270714724121145,5,20,0.10201704868032103,0.041270714724121145,0.16232959172899167
0.03,0.041270714724121145,5,30,0.07897929668597134,0.041270714724121145,0.1748961403627089
0.03,0.041270714724121145,10,1,0.99999999999863,0.041270714724121145,0.008725248355784067
0.03,0.041270714724121145,10,2,0.9993620053657075,0.041270714724121145,0.01721190969884333
0.03,0.041270714724121145,10,3,0.9702209916236091,0.041270714724121145,0.025455501552647006
0.03,0.041270714724121145,10,5,0.7656372202343162,0.041270714724121145,0.041196131756506195
0.03,0.041270714724121145,10,10,0.38959742645969675,0.041270714724121145,0.07600543758321329
0.03,0.041270714724121145,10,20,0.18508523899019833,0.041270714724121145,0.12497284126778102
0.03,0.041270714724121145,10,30,0.12754817321699077,0.041270714724121145,0.14963329567332276
0.03,0.041270714724121145,25,1,1.0,0.041270714724121145,0.0035184383275242786
0.03,0.041270714724121145,25,2,1.0,0.041270714724121145,0.006999140261670565
0.03,0.041270714724121145,25,3,0.9999999956725708,0.041270714724121145,0.01044181262269528
0.03,0.041270714724121145,25,5,0.9993620053657075,0.041270714724121145,0.01721190969884334
0.03,0.041270714724121145,25,10,0.8798685404732184,0.041270714724121145,0.03345165656397775
0.03,0.041270714724121145,25,20,0.4961788041036426,0.041270714724121145,0.0628792042535646
0.03,0.041270714724121145,25,30,0.3183685279286851,0.041270714724121145,0.08803796156908746
0.03,0.041270714724121145,50,1,1.0,0.041270714724121145,0.0017639177830975742
0.03,0.041270714724121145,50,2,1.0,0.041270714724121145,0.0035184383275242786
0.03,0.041270714724121145,50,3,1.0,0.041270714724121145,0.005263524731358968
0.03,0.041270714724121145,50,5,0.99999999999863,0.041270714724121145,0.008725248355784072
0.03,0.041270714724121145,50,10,0.9993620053657075,0.041270714724121145,0.01721190969884334
0.03,0.041270714724121145,50,20,0.8798685404732184,0.041270714724121145,0.03345165656397775
0.03,0.041270714724121145,50,30,0.6589092926588718,0.041270714724121145,0.0486848210267426
0.06,0.08159337210761956,5,1,0.9999996473699476,0.08159337210761956,0.02354409641558824
0.06,0.08159337210761956,5,2,0.9861527249572146,0.08159337210761956,0.04576188432730522
0.06,0.08159337210761956,5,3,0.8860722627927631,0.08159337210761956,0.066606536288423
0.06,0.08159337210761956,5,5,0.6309785171219375,0.08159337210761956,0.10400513750300404
0.06,0.08159337210761956,5,10,0.33855945072506943,0.08159337210761956,0.17113602515824705
0.06,0.08159337210761956,5,20,0.19531707859909286,0.08159337210761956,0.22267388371182353
0.06,0.08159337210761956,5,30,0.1530808721419762,0.08159337210761956,0.24013809663118837
0.06,0.08159337210761956,10,1,1.0,0.08159337210761956,0.011934806599850582
0.06,0.08159337210761956,10,2,0.9999996473699476,0.08159337210761956,0.02354409641558824
0.06,0.08159337210761956,10,3,0.9991719480661382,0.08159337210761956,0.03482176972956102
0.06,0.08159337210761956,10,5,0.9466064986603546,0.08159337210761956,0.05635866813886239
0.06,0.08159337210761956,10,10,0.6309785171219375,0.08159337210761956,0.10400513750300404
0.06,0.08159337210761956,10,20,0.33855945072506943,0.08159337210761956,0.17113602515824705
0.06,0.08159337210761956,10,30,0.24085067467414845,0.08159337210761956,0.20510120864031683
0.06,0.08159337210761956,25,1,1.0,0.08159337210761956,0.0048125880090460855
0.06,0.08159337210761956,25,2,1.0,0.08159337210761956,0.009573688770989719
0.06,0.08159337210761956,25,3,1.0,0.08159337210761956,0.014282903283030989
0.06,0.08159337210761956,25,5,0.9999996473699476,0.08159337210761956,0.02354409641558825
0.06,0.08159337210761956,25,10,0.9861527249572146,0.08159337210761956,0.04576188432730524
0.06,0.08159337210761956,25,20,0.7495353425393415,0.08159337210761956,0.08603426177586586
0.06,0.08159337210761956,25,30,0.5388385083697247,0.08159337210761956,0.12048443956844263
0.06,0.08159337210761956,50,1,1.0,0.08159337210761956,0.0024127048275835914
0.06,0.08159337210761956,50,2,1.0,0.08159337210761956,0.0048125880090460855
0.06,0.08159337210761956,50,3,1.0,0.08159337210761956,0.0071995993209380315
0.06,0.08159337210761956,50,5,1.0,0.08159337210761956,0.011934806599850587
0.06,0.08159337210761956,50,10,0.9999996473699476,0.08159337210761956,0.02354409641558825
0.06,0.08159337210761956,50,20,0.9861527249572146,0.08159337210761956,0.04576188432730524
0.06,0.08159337210761956,50,30,0.886072262792763,0.08159337210761956,0.06660653628842303
0.1,0.13393777045126726,5,1,0.9999999999874556,0.13393777045126726,0.02905026411594034
0.1,0.13393777045126726,5,2,0.9992757175671603,0.13393777045126726,0.05646999792798375
0.1,0.13393777045126726,5,3,0.9745192321201288,0.13393777045126726,0.08220185400072848
0.1,0.13393777045126726,5,5,0.8144116324542436,0.13393777045126726,0.128392289743625
0.1,0.13393777045126726,5,10,0.5025765250085907,0.13393777045126726,0.21147488286776647
0.1,0.13393777045126726,5,20,0.30728151644639523,0.13393777045126726,0.2758099473649831
0.1,0.13393777045126726,5,30,0.2447481601034368,0.13393777045126726,0.29782779926757763
0.1,0.13393777045126726,10,1,1.0,0.13393777045126726,0.014725236474234696
0.1,0.13393777045126726,10,2,0.9999999999874556,0.13393777045126726,0.02905026411594034
0.1,0.13393777045126726,10,3,0.9999937887470759,0.13393777045126726,0.042967610588929395
0.1,0.13393777045126726,10,5,0.9929182337306091,0.13393777045126726,0.0695503581069846
0.1,0.13393777045126726,10,10,0.8144116324542436,0.13393777045126726,0.128392289743625
0.1,0.13393777045126726,10,20,0.5025765250085907,0.13393777045126726,0.21147488286776647
0.1,0.13393777045126726,10,30,0.37220548337636594,0.13393777045126726,0.2537776675078066
0.1,0.13393777045126726,25,1,1.0,0.13393777045126726,0.0059376336909248975
0.1,0.13393777045126726,25,2,1.0,0.13393777045126726,0.011811963487730292
0.1,0.13393777045126726,25,3,1.0,0.13393777045126726,0.017622500522100615
0.1,0.13393777045126726,25,5,0.9999999999874556,0.13393777045126726,0.029050264115940333
0.1,0.13393777045126726,25,10,0.9992757175671603,0.13393777045126726,0.05646999792798373
0.1,0.13393777045126726,25,20,0.9035714303123992,0.13393777045126726,0.10619223044912045
0.1,0.13393777045126726,25,30,0.7295463207591314,0.13393777045126726,0.1487595903867967
0.1,0.13393777045126726,50,1,1.0,0.13393777045126726,0.002976699098844134
0.1,0.13393777045126726,50,2,1.0,0.13393777045126726,0.0059376336909248975
0.1,0.13393777045126726,50,3,1.0,0.13393777045126726,0.008882742238160378
0.1,0.13393777045126726,50,5,1.0,0.13393777045126726,0.01472523647423469
0.1,0.13393777045126726,50,10,0.9999999999874556,0.13393777045126726,0.029050264115940333
0.1,0.13393777045126726,50,20,0.9992757175671603,0.13393777045126726,0.05646999792798373
0.1,0.13393777045126726,50,30,0.9745192321201288,0.13393777045126726,0.08220185400072846
