profile,s_over_L,X_um,Y_um,radius_um,theta_rad,normal_MPa
uniform,0.0,2.594467668457104e-22,-2.7419700660215056e-22,13.662601021279464,-4.967930435921977e-26,13.990561605819606
uniform,0.005,1.4999934609734507,0.003833159874929283,13.662601021279464,0.00510631854785226,13.916546573040174
uniform,0.01,2.9999479859200178,0.015305122144366062,13.662601021279464,0.010185232025636048,13.842528788445561
uniform,0.015,4.499825172384125,0.03437449370602045,13.662601021279464,0.015236741468741686,13.768510147622571
uniform,0.02,5.999587269281091,0.06099968679346149,13.662601021279464,0.020260848636363942,13.694492514478858
uniform,0.025,7.49919717359134,0.09513892838176559,13.662601021279464,0.02525755599730037,13.620477721396187
uniform,0.03,8.99861833869425,0.13675029093306185,13.662601021279464,0.03022686662319561,13.546467573779218
uniform,0.035,10.497814918127663,0.18579166033396338,13.662601021279464,0.03516878433410136,13.472463842893891
uniform,0.04,11.996751616459461,0.24222078174738512,13.662601021279464,0.04008331353111225,13.398468273274572
uniform,0.045,13.495393775678863,0.30599524260779853,13.662601021279464,0.0449704592802535,13.324482578415928
uniform,0.05,14.993707371404607,0.37707248138500776,13.662601021279464,0.04983022729858957,13.250508440950414
uniform,0.055,16.491658922991316,0.45540981294781,13.662601021279464,0.05466262385577475,13.176547517109915
uniform,0.06,17.98921563351996,0.5409644040573309,13.662601021279464,0.05946765590664682,13.10260142974998
uniform,0.065,19.486345243768692,0.6336933106863969,13.662601021279464,0.06424533093734108,13.028671775604522
uniform,0.07,20.98301611623994,0.7335534654265563,13.662601021279464,0.06899565704140816,12.954760121094356
uniform,0.075,22.479197230929266,0.8405016856068193,13.662601021279464,0.07371864290627039,12.880868002526665
uniform,0.08,23.974858097492188,0.9544946936365933,13.662601021279464,0.07841429772290723,12.80699693045519
uniform,0.085,25.4699688911473,1.0754890994660598,13.662601021279464,0.08308263130584062,12.733148382906352
uniform,0.09,26.96450031015215,1.2034414299632734,13.662601021279464,0.08772365395242296,12.659323812461315
uniform,0.095,28.458423657310885,1.3383081203798097,13.662601021279464,0.09233737651141324,12.585524642189032
uniform,0.1,29.951710835347342,1.4800455218254729,13.662601021279464,0.09692381036981346,12.511752265865622
uniform,0.105,31.444334261380657,1.6286099169541104,13.662601021279464,0.10148296737049332,12.438008052220752
uniform,0.11,32.93626699847853,1.7839575088099957,13.662601021279464,0.10601485991995212,12.364293338378934
uniform,0.115,34.427482616982616,1.9460444428520403,13.662601021279464,0.11051950086044114,12.290609436751707
uniform,0.12,35.91795527337254,2.1148268021321512,13.662601021279464,0.11499690353124091,12.216957631101577
uniform,0.125,37.40765970528423,2.290260614130555,13.662601021279464,0.1194470817559036,12.143339176779287
uniform,0.13,38.89657114850485,2.472301862147193,13.662601021279464,0.12387004976760303,12.06975530484596
uniform,0.135,40.38466546396526,2.6609064799647717,13.662601021279464,0.12826582230507777,11.996207215740183
uniform,0.14,41.87191900320207,2.856030367103833,13.662601021279464,0.1326344144972202,11.922696085966043
uniform,0.145,43.35830868448275,3.0576293873771423,13.662601021279464,0.13697584191730783,11.849223064292765
uniform,0.15,44.84381198750676,3.2656593750933784,13.662601021279464,0.14129012057067403,11.77578927200812
uniform,0.155,46.32840687309546,3.4800761425129862,13.662601021279464,0.14557726682755112,11.702395806907537
uniform,0.16,47.81207190546041,3.700835479773528,13.662601021279464,0.14983729750761754,11.629043737195284
uniform,0.165,49.29478612203529,3.927893163949535,13.662601021279464,0.15407022977666066,11.555734107956697
uniform,0.17,50.77652910679369,4.161204960657101,13.662601021279464,0.15827608119402475,11.482467937497038
uniform,0.17500000000000002,52.257280984666934,4.400726629636322,13.662601021279464,0.1624548697007259,11.409246217609404
uniform,0.18,53.737022344072265,4.646413928624119,13.662601021279464,0.16660661355954473,11.336069917423629
uniform,0.185,55.215734354336796,4.898222618005215,13.662601021279464,0.17073133142861158,11.26293997754775
uniform,0.19,56.6933986400834,5.1561084642372945,13.662601021279464,0.17482904226973095,11.189857316315166
uniform,0.195,58.16999735169592,5.420027244192132,13.662601021279464,0.17889976538931493,11.116822826265068
uniform,0.2,59.6455131594853,5.689934750129376,13.662601021279464,0.18294352042695478,11.043837374423314
uniform,0.20500000000000002,61.11992917916849,5.965786790330344,13.662601021279464,0.18696032730250775,10.97090180600555
uniform,0.21,62.59322908436724,6.24753919795777,13.662601021279464,0.19095020627916334,10.898016938803064
uniform,0.215,64.06539698568713,6.535147829390497,13.662601021279464,0.1949131778830035,10.825183569197865
uniform,0.22,65.53641749830604,6.828568571000599,13.662601021279464,0.1988492629376927,10.75240246878606
uniform,0.225,67.00627573591699,7.127757343532932,13.662601021279464,0.20275848255351528,10.679674384670252
uniform,0.23,68.4749572392427,7.432670099833545,13.662601021279464,0.20664085808119328,10.60700004301262
uniform,0.23500000000000001,69.94244808356397,7.743262837422964,13.662601021279464,0.2104964111648823,10.534380143667534
uniform,0.24,71.40873476258925,8.059491592265791,13.662601021279464,0.21432516367252902,10.46181536595971
uniform,0.245,72.87380425316172,8.38131244769727,13.662601021279464,0.21812713772459302,10.389306365450736
uniform,0.25,74.3376440090041,8.708681538224377,13.662601021279464,0.2219023556835549,10.316853774241828
uniform,0.255,75.80024189232853,9.041555044670796,13.662601021279464,0.22565084011419573,10.244458204373844
uniform,0.26,77.26158627638054,9.379889209991243,13.662601021279464,0.22937261382697377,10.17212024270748
uniform,0.265,78.72166593416016,9.723640328980746,13.662601021279464,0.23306769981873396,10.099840456461365
uniform,0.27,80.18047010025884,10.072764759078405,13.662601021279464,0.23673612129573607,10.027619390121263
uniform,0.275,81.63798846442889,10.427218923607022,13.662601021279464,0.2403779016636358,9.95545756575208
uniform,0.28,83.09421110632583,10.786959304643547,13.662601021279464,0.24399306449395328,9.883355486242928
uniform,0.28500000000000003,84.54912859308176,11.151942461625714,13.662601021279464,0.2475816335582811,9.811313630434288
uniform,0.29,86.00273187290523,11.522125017483594,13.662601021279464,0.25114363277889606,9.739332458414617
uniform,0.295,87.45501233407437,11.897463671062997,13.662601021279464,0.2546790862463678,9.667412408571023
uniform,0.3,88.90596179835073,12.277915199821486,13.662601021279464,0.25818801821001186,9.595553897909497
uniform,0.305,90.35557245887082,12.663436450719354,13.662601021279464,0.26167045305027276,9.523757325144134
uniform,0.31,91.80383697278666,13.053984361194047,13.662601021279464,0.2651264153042115,9.452023066069549
uniform,0.315,93.25074835974303,13.449515942173484,13.662601021279464,0.26855592962556835,9.380351478615927
uniform,0.32,94.69630005806474,13.84998829187619,13.662601021279464,0.27195902079722367,9.308742900039334
uniform,0.325,96.14048591803274,14.255358597982278,13.662601021279464,0.27533571372211924,9.237197647249316
uniform,0.33,97.583300142923,14.66558412682547,13.662601021279464,0.2786860334012822,9.165716019742334
uniform,0.335,99.02473737677353,15.080622246335244,13.662601021279464,0.28201000495103445,9.0942982952165
uniform,0.34,100.46479260771133,15.500430406367522,13.662601021279464,0.28530765357205756,9.02294473438643
uniform,0.34500000000000003,101.90346122138259,15.924966153653452,13.662601021279464,0.28857900455697266,8.951655578310792
uniform,0.35000000000000003,103.3407389941062,16.354187133464208,13.662601021279464,0.29182408328172577,8.880431048726486
uniform,0.355,104.77662203704283,16.788051077369698,13.662601021279464,0.2950429151889787,8.809271350827144
uniform,0.36,106.21110687916477,17.226515827772875,13.662601021279464,0.29823552579747775,8.738176669116424
uniform,0.365,107.6441903753835,17.669539315969114,13.662601021279464,0.3014019406796737,8.667147171985057
uniform,0.37,109.07586975727905,18.117079578030022,13.662601021279464,0.30454218546468464,8.596183009172837
uniform,0.375,110.50614262614536,18.5690947559813,13.662601021279464,0.30765628583013915,8.5252843121087
uniform,0.38,111.93500690025732,19.025543084378498,13.662601021279464,0.3107442674906616,8.454451196535803
uniform,0.385,113.3624608931356,19.486382916082107,13.662601021279464,0.3138061561998306,8.383683758598877
uniform,0.39,114.78850322640572,19.951572698432805,13.662601021279464,0.316841977735913,8.31298207918681
uniform,0.395,116.21313287789113,20.4210709898707,13.662601021279464,0.31985175790046744,8.242346221525917
uniform,0.4,117.63634917456157,20.894836460645667,13.662601021279464,0.32283552251063596,8.171776231525367
uniform,0.405,119.05815174285486,21.372827878445374,13.662601021279464,0.3257932973924593,8.101272140250883
uniform,0.41000000000000003,120.47854058234064,21.855004135083387,13.662601021279464,0.3287251083758427,8.030833960241111
uniform,0.41500000000000004,121.89751598322624,22.341324221153442,13.662601021279464,0.3316309812879705,7.96046168961982
uniform,0.42,123.31507857188257,22.831747243198247,13.662601021279464,0.3345109419478035,7.890155309817086
uniform,0.425,124.73122930370606,23.326232423971817,13.662601021279464,0.33736501615880854,7.819914785919464
uniform,0.43,126.14596941644103,23.824739087339616,13.662601021279464,0.3401932297068412,7.749740068995039
uniform,0.435,127.55930049935627,24.327226685575404,13.662601021279464,0.34299560834852927,7.6796310926331195
uniform,0.44,128.97122441530004,24.83365477283367,13.662601021279464,0.3457721778119431,7.609587776830883
uniform,0.445,130.38174334373164,25.343983022695554,13.662601021279464,0.3485229637872307,7.539610025838834
uniform,0.45,131.7908597735056,25.858171228002515,13.662601021279464,0.35124799191977596,7.469697728515319
uniform,0.455,133.19857645913302,26.37617928523376,13.662601021279464,0.3539472878123918,7.399850760505901
uniform,0.46,134.60489648559152,26.8979672221296,13.662601021279464,0.35662087700752043,7.330068981000444
uniform,0.465,136.00982319482122,27.42349517029836,13.662601021279464,0.35926878499474213,7.260352236399508
uniform,0.47000000000000003,137.413360226338,27.952723382979453,13.662601021279464,0.36189103719778837,7.19070035828033
uniform,0.47500000000000003,138.815511509947,28.48561223446785,13.662601021279464,0.3644876589681173,7.121113163755284
uniform,0.48,140.21628122487417,29.022122204159,13.662601021279464,0.367058675591165,7.051590457508987
uniform,0.485,141.61567386033624,29.562213904238455,13.662601021279464,0.36960411226275164,6.98213202876649
uniform,0.49,143.01369414636085,30.105848051716784,13.662601021279464,0.3721239941030226,6.912737654745158
uniform,0.495,144.4103470920584,30.65298548626214,13.662601021279464,0.37461834614007117,6.843407098737376
uniform,0.5,145.80563797827222,31.203587169234748,13.662601021279464,0.37708719330391927,6.774140110472567
uniform,0.505,147.1995723195054,31.7576141675754,13.662601021279464,0.37953056043658323,6.704936428015713
uniform,0.51,148.5921559203801,32.315027681321645,13.662601021279464,0.3819484722630608,6.635795774940228
uniform,0.515,149.98339481066031,32.87578901534279,13.662601021279464,0.38434095341131036,6.566717863571341
uniform,0.52,151.37329528125954,33.439859597105574,13.662601021279464,0.3867080283927082,6.497702393181655
uniform,0.525,152.76186387683305,34.00720097533794,13.662601021279464,0.3890497215964206,6.428749050356478
uniform,0.53,154.1491073604213,34.57777480392317,13.662601021279464,0.3913660573030489,6.359857510757565
uniform,0.535,155.53503276593088,35.151542869023004,13.662601021279464,0.3936570596505598,6.291027436494196
uniform,0.54,156.9196473372327,35.728467060763734,13.662601021279464,0.3959227526599198,6.222258479164257
uniform,0.545,158.30295856198288,36.30850939080965,13.662601021279464,0.39816316021260384,6.153550278158863
uniform,0.55,159.6849741641619,36.89163199067504,13.662601021279464,0.4003783060453482,6.08490246103069
uniform,0.555,161.0657020713533,37.47779709577305,13.662601021279464,0.4025682137671417,6.0163146451270135
uniform,0.56,162.4451504633778,38.066967071944546,13.662601021279464,0.4047329068204529,5.947786435152387
uniform,0.5650000000000001,163.82332771533825,38.65910438732666,13.662601021279464,0.4068724085121485,5.879317426013828
uniform,0.5700000000000001,165.20024242932965,39.2541716296188,13.662601021279464,0.40898674198826324,5.810907201230683
uniform,0.5750000000000001,166.57590342692956,39.85213150406193,13.662601021279464,0.41107593022911976,5.7425553333057815
uniform,0.58,167.9503197190281,40.45294681777796,13.662601021279464,0.41313999606944407,5.674261385231832
uniform,0.585,169.32350055074656,41.05658050552166,13.662601021279464,0.4151789621552303,5.606024908239265
uniform,0.59,170.69545534829982,41.66299560194359,13.662601021279464,0.4171928509795822,5.537845444451841
uniform,0.595,172.06619374866847,42.2721552584435,13.662601021279464,0.419181684854947,5.469722525398167
uniform,0.6,173.435725592045,42.88402274083523,13.662601021279464,0.42114548590859135,5.401655672385404
uniform,0.605,174.8040608941306,43.49856141410108,13.662601021279464,0.4230842761056244,5.333644397883208
uniform,0.61,176.17120988746643,44.115734767200074,13.662601021279464,0.42499807720182753,5.26568820345035
uniform,0.615,177.53718297198506,44.735506385920104,13.662601021279464,0.42688691078407265,5.197786582207105
uniform,0.62,178.90199074271624,45.35783996922169,13.662601021279464,0.42875079824021595,5.129939017444871
uniform,0.625,180.26564398219116,45.982699326607715,13.662601021279464,0.43058976075491645,5.062144983002247
uniform,0.63,181.62815363512294,46.61004836340467,13.662601021279464,0.432403819335359,4.994403944530675
uniform,0.635,182.9895308462745,47.23985110447726,13.662601021279464,0.43419299476036616,4.926715357593662
uniform,0.64,184.34978691457343,47.87207166784693,13.662601021279464,0.43595730762505686,4.859078669962137
uniform,0.645,185.70893331891838,48.50667428043825,13.662601021279464,0.43769677830858905,4.791493320318837
uniform,0.65,187.06698171054546,49.143623275171606,13.662601021279464,0.43941142697031005,4.723958738636593
uniform,0.655,188.4239438900077,49.782883076873055,13.662601021279464,0.44110127357797646,4.656474347329773
uniform,0.66,189.77983184170122,50.4244182247598,13.662601021279464,0.44276633785345526,4.589039559520098
uniform,0.665,191.13465769141962,51.0681933469865,13.662601021279464,0.4444066393212983,4.521653781161107
uniform,0.67,192.48843373032537,51.71417317571409,13.662601021279464,0.44602219727451686,4.454316409834077
uniform,0.675,193.84117240728074,52.362322543943996,13.662601021279464,0.44761303077105064,4.387026835128372
uniform,0.68,195.19288630804513,53.012606372147474,13.662601021279464,0.44917915866429237,4.319784439682732
uniform,0.685,196.54358818657386,53.664989689400684,13.662601021279464,0.4507205995456719,4.2525885976119735
uniform,0.6900000000000001,197.8932909258938,54.319437609005405,13.662601021279464,0.45223737179683454,4.185438676466397
uniform,0.6950000000000001,199.24200756029944,54.97591534280704,13.662601021279464,0.45372949355362296,4.1183340361162974
uniform,0.7000000000000001,200.5897512676509,55.63438819778918,13.662601021279464,0.455196982702855,4.051274029134217
uniform,0.705,201.9365353507096,56.29482156350332,13.662601021279464,0.4566398569149636,3.9842580017300087
uniform,0.71,203.2823732653186,56.95718093174569,13.662601021279464,0.4580581335837511,3.917285292333006
uniform,0.715,204.62727858448608,57.6214318733845,13.662601021279464,0.459451829881868,3.8503552333919786
uniform,0.72,205.97126501886137,58.28754005186125,13.662601021279464,0.4608209627231735,3.783467150345496
uniform,0.725,207.3143464090023,58.95547121956375,13.662601021279464,0.46216554875981064,3.7166203620059326
uniform,0.73,208.65653670877222,59.62519120612881,13.662601021279464,0.4634856044167819,3.6498141813921015
uniform,0.735,209.99785001050503,60.29666593656439,13.662601021279464,0.4647811458291476,3.5830479144618246
uniform,0.74,211.33830051218814,60.96986140940294,13.662601021279464,0.46605218890051614,3.516320861757723
uniform,0.745,212.67790253626887,61.64474370932624,13.662601021279464,0.467298749263945,3.449632317460949
uniform,0.75,214.0166705218942,62.321279003335356,13.662601021279464,0.46852084227930574,3.3829815697768035
uniform,0.755,215.35461901029527,62.99943352998941,13.662601021279464,0.46971848306961905,3.3163679016685736
uniform,0.76,216.69176266703127,63.6791736158892,13.662601021279464,0.47089168645596535,3.24979058973577
uniform,0.765,218.02811625217274,64.36046565526317,13.662601021279464,0.47204046701870317,3.183248905710758
uniform,0.77,219.36369463748213,65.0432761216622,13.662601021279464,0.47316483905707246,3.1167421155935884
uniform,0.775,220.6985127986289,65.72757156394482,13.662601021279464,0.4742648165868383,3.0502694800391073
uniform,0.78,222.03258580249127,66.41331859650755,13.662601021279464,0.47534041337821725,2.983830254995436
uniform,0.785,223.3659288265674,67.10048391405633,13.662601021279464,0.47639164288875946,2.9174236907235587
uniform,0.79,224.69855713206354,67.78903427272056,13.662601021279464,0.4774185183270222,2.851049033149393
uniform,0.795,226.03048607949052,68.47893650076965,13.662601021279464,0.47842105261102985,2.784705523077766
uniform,0.8,227.36173112085515,69.17015749443196,13.662601021279464,0.4793992583661896,2.71839239658086
uniform,0.805,228.69230778881428,69.86266420916438,13.662601021279464,0.48035314796464407,2.6521088855446067
uniform,0.81,230.02223171333202,70.55642367264839,13.662601021279464,0.4812827334563766,2.585854216825675
uniform,0.8150000000000001,231.35151859758733,71.2514029675166,13.662601021279464,0.482188026635077,2.5196276134632374
uniform,0.8200000000000001,232.68018423202,71.94756924104823,13.662601021279464,0.4830690389956084,2.453428293970372
uniform,0.8250000000000001,234.0082444865014,72.64488970084004,13.662601021279464,0.48392578173218626,2.387255472723732
uniform,0.8300000000000001,235.33571530127944,73.34333160715622,13.662601021279464,0.4847582657790006,2.321108360420866
uniform,0.835,236.6626127009519,74.04286228409491,13.662601021279464,0.48556650173978877,2.2549861633711163
uniform,0.84,237.98895277311675,74.74344910400185,13.662601021279464,0.4863504999556361,2.188888084570896
uniform,0.845,239.31475168089526,75.44505949610688,13.662601021279464,0.4871102704615984,2.1228133230711266
uniform,0.85,240.64002565508528,76.14766094206524,13.662601021279464,0.48784582298513685,2.0567610743679676
uniform,0.855,241.9647909868398,76.85122096942183,13.662601021279464,0.48855716698785506,1.9907305307738905
uniform,0.86,243.28906403901925,77.55570716090367,13.662601021279464,0.48924431159377973,1.9247208808393867
uniform,0.865,244.61286122751383,78.26108714058513,13.662601021279464,0.4899072656588467,1.8587313102952103
uniform,0.87,245.93619903226818,78.96732858143257,13.662601021279464,0.4905460377268224,1.792761001494679
uniform,0.875,247.2590939894189,79.67439920073447,13.662601021279464,0.49116063602798976,1.726809133805363
uniform,0.88,248.58156268565492,80.38226675470796,13.662601021279464,0.49175106852184924,1.6608748838964387
uniform,0.885,249.90362176700182,81.09089904588075,13.662601021279464,0.4923173428243416,1.594957425288615
uniform,0.89,251.2252879227561,81.80026391106428,13.662601021279464,0.4928594662787779,1.5290559291662977
uniform,0.895,252.54657789502764,82.51032922777745,13.662601021279464,0.4933774459111997,1.4631695638939322
uniform,0.9,253.8675084708646,83.22106290958429,13.662601021279464,0.49387128842931066,1.397297495408501
uniform,0.905,255.18809647824907,83.93243290186471,13.662601021279464,0.49434100026599653,1.3314388874254734
uniform,0.91,256.5083587923566,84.64440718725821,13.662601021279464,0.49478658750571974,1.2655929011147775
uniform,0.915,257.82831232205154,85.3569537754917,13.662601021279464,0.4952080559566556,1.1997586957854207
uniform,0.92,259.1479740179583,86.07004070865868,13.662601021279464,0.4956054111056301,1.1339354284753314
uniform,0.925,260.46736086457565,86.78363605648256,13.662601021279464,0.4959786581172944,1.0681222543445328
uniform,0.93,261.7864898778671,87.49770791326861,13.662601021279464,0.4963278018783185,1.0023183268017142
uniform,0.935,263.1053781090299,88.2122244013889,13.662601021279464,0.4966528469231863,0.9365227973045674
uniform,0.9400000000000001,264.4240426335088,88.92715366300419,13.662601021279464,0.49695379750730445,0.8707348159189303
uniform,0.9450000000000001,265.74250055760166,89.64246386417841,13.662601021279464,0.49723065756165563,0.8049535309818805
uniform,0.9500000000000001,267.0607690105661,90.3581231900866,13.662601021279464,0.4974834306922115,0.739178089495452
uniform,0.9550000000000001,268.37886514376805,91.07409984315919,13.662601021279464,0.49771212022466094,0.6734076371755888
uniform,0.96,269.6968061319857,91.79036204459561,13.662601021279464,0.49791672912982965,0.6076413183756301
uniform,0.965,271.0146091649086,92.50687802801158,13.662601021279464,0.49809726009753164,0.5418782765215778
uniform,0.97,272.33229145227705,93.2236160423735,13.662601021279464,0.49825371549107605,0.4761176538485
uniform,0.975,273.64987021598336,93.94054434716915,13.662601021279464,0.4983860973469147,0.4103585917946525
uniform,0.98,274.9673626907491,94.65763121175122,13.662601021279464,0.49849440741976697,0.34460023097429426
uniform,0.985,276.28478612297874,95.37484491487417,13.662601021279464,0.4985786471078869,0.2788417112235854
uniform,0.99,277.6021577647209,96.09215374029075,13.662601021279464,0.4986388175274322,0.21308217191312037
uniform,0.995,278.91949487733507,96.80952597849482,13.662601021279464,0.4986749194669582,0.1473207517579723
uniform,1.0,280.23681472359,97.52692992187369,13.662601021279464,0.4986869533873004,0.08155658921209852
quadratic_a1,0.0,-9.520252086270121e-25,1.1853916999916685e-24,20.0,-2.5243548967059822e-29,4.561870064053046
quadratic_a1,0.005,1.499999672846383,0.0008595683576310188,19.900250000000003,0.0011489243110599952,4.606671925426533
quadratic_a1,0.01,2.999997341058958,0.003455298355495522,19.801000000000002,0.0023149079599929312,4.651784746963678
quadratic_a1,0.015,4.499990923890318,0.007812927094872206,19.702250000000003,0.0034981703815429523,4.697205941029757
quadratic_a1,0.02,5.999978245266735,0.013958531878221657,19.604,0.004698932361613235,4.742932731134158
quadratic_a1,0.025,7.499957029988721,0.021918532272184096,19.50625,0.005917415963061155,4.788962146755915
quadratic_a1,0.03,8.999924915374777,0.031719643834908426,19.409000000000002,0.007153844306507016,4.835291017817714
quadratic_a1,0.035,10.499879424336614,0.04338895814287383,19.312250000000002,0.00840844177147481,4.881915969783752
quadratic_a1,0.04,11.999817986220458,0.056953865467285536,19.216,0.00968143366741653,4.92883341782551
quadratic_a1,0.045,13.49973791915135,0.07244210390487321,19.120250000000002,0.010973046326536916,4.976039561619745
quadratic_a1,0.05,14.999636425785248,0.08988176073915591,19.025000000000002,0.012283507008212709,5.023530379842091
quadratic_a1,0.055,16.499510606974766,0.10930122477712491,18.93025,0.0136130437164496,5.071301624256942
quadratic_a1,0.06,17.9993574306255,0.13072926708237442,18.836000000000002,0.01496188529670955,5.119348814598021
quadratic_a1,0.065,19.499173756070228,0.15419496172095823,18.742250000000002,0.016330261176674618,5.167667232334955
quadratic_a1,0.07,20.9989563137136,0.17972773500708333,18.649,0.01771840138827567,5.216251915241949
quadratic_a1,0.075,22.498701700329036,0.20735736597694712,18.556250000000002,0.019126536447732916,5.265097651621302
quadratic_a1,0.08,23.998406394996966,0.23711393769251715,18.464000000000002,0.020554897220939138,5.314198974063915
quadratic_a1,0.085,25.49806672332678,0.2690279176887328,18.372250000000005,0.022003714891438358,5.363550154203014
quadratic_a1,0.09,26.997678885780697,0.3031300774747324,18.281000000000002,0.023473220790859416,5.413145196139163
quadratic_a1,0.095,28.497238934370994,0.33945154121748544,18.190250000000002,0.024963646334328297,5.462977830873549
quadratic_a1,0.1,29.996742767510767,0.378023785117862,18.1,0.026475222873062546,5.513041510349931
quadratic_a1,0.105,31.49618614848278,0.4188785881406341,18.010250000000003,0.028008181620627647,5.563329400966507
quadratic_a1,0.11,32.995564664634465,0.4620481109652181,17.921000000000003,0.029562753464717425,5.613834378324209
quadratic_a1,0.115,34.494873760073624,0.5075648151083794,17.832250000000002,0.03113916890997797,5.6645490203946585
quadratic_a1,0.12,35.99410870919121,0.5554615102278158,17.744000000000003,0.032737657909292665,5.715465601943784
quadratic_a1,0.125,37.49326461109654,0.6057713521657951,17.656250000000004,0.034358449685903125,5.766576088511819
quadratic_a1,0.13,38.99233641087475,0.6585277936803285,17.569,0.036001772735215216,5.817872129788004
quadratic_a1,0.135,40.49131885340912,0.7137646604482214,17.482250000000004,0.037667854450343805,5.8693450545100605
quadratic_a1,0.14,41.99020652086122,0.7715160708793721,17.396,0.03935692120289467,5.9209858634912
quadratic_a1,0.145,43.488993802829924,0.831816481068292,17.31025,0.041069198051041034,5.972785224195909
quadratic_a1,0.15,44.98767489042931,0.8947006812479242,17.225,0.042804908528322506,6.02473346481309
quadratic_a1,0.155,46.48624380058204,0.9602037472273887,17.140249999999998,0.04456427473741681,6.076820567640322
quadratic_a1,0.16,47.98469432420111,1.0283611117356417,17.056,0.04634751675700393,6.1290361643302225
quadratic_a1,0.165,49.48302006883694,1.09920848622496,16.97225,0.048154852888878295,6.181369528928779
quadratic_a1,0.17,50.98121442534168,1.1727819023335504,16.889,0.049986499222390866,6.233809572805089
quadratic_a1,0.17500000000000002,52.47927056168317,1.2491177064727577,16.806250000000002,0.05184266938743308,6.286344839011908
quadratic_a1,0.18,53.97718145049679,1.3282525128213722,16.724,0.05372357475827058,6.338963495865929
quadratic_a1,0.185,55.47493981147431,1.4102232680225282,16.64225,0.05562942360734615,6.391653332778403
quadratic_a1,0.19,56.97253815950366,1.4950671765232963,16.561000000000003,0.057560421549725266,6.444401753497655
quadratic_a1,0.195,58.46996876779187,1.5828217372394244,16.480249999999998,0.059516770942487134,6.49719577163708
quadratic_a1,0.2,59.96722366155114,1.6735247359851924,16.400000000000002,0.061498670599974214,6.550022005559475
quadratic_a1,0.20500000000000002,61.46429464898855,1.7672142010316734,16.32025,0.06350631612731474,6.602866672383134
quadratic_a1,0.21,62.96117325791103,1.863928458885539,16.241000000000003,0.06553989878555029,6.655715584676665
quadratic_a1,0.215,64.45785078959356,1.963706064979633,16.162250000000004,0.06759960616670846,6.70855414414294
quadratic_a1,0.22,65.95431827842795,2.0665858340565784,16.084,0.06968562140624109,6.761367338032919
quadratic_a1,0.225,67.45056648566757,2.172606830144662,16.006249999999998,0.07179812285945385,6.814139734833756
quadratic_a1,0.23,68.94658593396956,2.281808325855175,15.929,0.07393728458561258,6.866855478976032
quadratic_a1,0.23500000000000001,70.44236683843825,2.3942298466893037,15.85225,0.07610327488851817,6.919498288714069
quadratic_a1,0.24,71.93789916632676,2.5099111091756905,15.776,0.07829625725724354,6.972051450535085
quadratic_a1,0.245,73.43317259342736,2.628892043320164,15.700250000000002,0.08051638936991426,7.024497816788505
quadratic_a1,0.25,74.92817649811953,2.7512127798362465,15.625,0.08276382273136557,7.076819802500166
quadratic_a1,0.255,76.42289999948696,2.876913614530907,15.550250000000002,0.08503870332959611,7.128999381102573
quadratic_a1,0.26,77.91733188329448,3.0060350383175867,15.476000000000003,0.0873411698169223,7.181018083858092
quadratic_a1,0.265,79.41146066744932,3.138617685183218,15.40225,0.08967135475236854,7.232856995324795
quadratic_a1,0.27,80.90527455553433,3.2747023448955876,15.329000000000002,0.09202938337615504,7.284496752567756
quadratic_a1,0.275,82.39876143146891,3.4143299472168223,15.256250000000001,0.09441537321009734,7.3359175434603605
quadratic_a1,0.28,83.89190890109917,3.5575415329020137,15.184000000000001,0.09682943490847774,7.3870991038041565
quadratic_a1,0.28500000000000003,85.38470421394003,3.7043782663589813,15.112250000000001,0.09927167004751966,7.438020718679331
quadratic_a1,0.29,86.87713433408739,3.8548813961080635,15.041,0.10174217270529679,7.488661219344665
quadratic_a1,0.295,88.36918589152187,4.009092255807834,14.970250000000002,0.1042410279884406,7.538998984425291
quadratic_a1,0.3,89.86084517776051,4.167052245217785,14.900000000000002,0.10676831159862021,7.589011940093107
quadratic_a1,0.305,91.35209819065888,4.328802809502797,14.830250000000001,0.10932409089946434,7.63867755898247
quadratic_a1,0.31,92.84293055315152,4.494385431293332,14.761000000000001,0.11190842228663984,7.687972863865085
quadratic_a1,0.315,94.33332758901106,4.663841606562297,14.692250000000001,0.11452135313963213,7.736874426402955
quadratic_a1,0.32,95.82327427281436,4.837212831937138,14.624,0.11716292008561352,7.78535837072077
quadratic_a1,0.325,97.31275522703308,5.014540582237438,14.556250000000002,0.11983314853752566,7.833400375876403
quadratic_a1,0.33,98.80175476958745,5.195866299930605,14.488999999999999,0.12253205399730169,7.880975677009758
quadratic_a1,0.335,100.290256831283,5.3812313632326365,14.422250000000002,0.12525963898563655,7.928059071731364
quadratic_a1,0.34,101.77824503545031,5.5706770805497445,14.356000000000002,0.12801589539675234,7.974624921180678
quadratic_a1,0.34500000000000003,103.26570264776852,5.764244662005259,14.29025,0.13080080248926826,8.020647156385122
quadratic_a1,0.35000000000000003,104.75261257530697,5.961975193462044,14.225,0.13361432640393103,8.066099283433458
quadratic_a1,0.355,106.23895741613053,6.163909638099205,14.160250000000001,0.13645642172085148,8.110954387313056
quadratic_a1,0.36,107.72471937764979,6.370088777178821,14.096,0.13932702793740045,8.155185141366875
quadratic_a1,0.365,109.20988035874848,6.5805532263646205,14.032250000000001,0.14222607225177086,8.198763811130698
quadratic_a1,0.37,110.69442190098847,6.795343389421582,13.969000000000001,0.1451534672772139,8.241662263848855
quadratic_a1,0.375,112.17832519016957,7.01449942874423,13.906250000000002,0.1481091105502732,8.28385197674255
quadratic_a1,0.38,113.66157110700708,7.238061281106725,13.844000000000001,0.1510928863558566,8.325304043991009
quadratic_a1,0.385,115.14414014916905,7.466068567831515,13.782250000000001,0.1541046617537895,8.365989189543425
quadratic_a1,0.39,116.62601251401006,7.698560636378866,13.721000000000002,0.15714428980930373,8.405877774213874
quadratic_a1,0.395,118.10716805302965,7.935576494291982,13.660250000000001,0.16021160703524656,8.444939808659388
quadratic_a1,0.4,119.5875862765511,8.177154776390765,13.6,0.16330643290468172,8.483144965087304
quadratic_a1,0.405,121.06724640417745,8.423333776772953,13.540250000000002,0.16642857195218053,8.520462587813123
quadratic_a1,0.41000000000000003,122.54612729386015,8.674151325382189,13.481000000000002,0.16957780936450845,8.55686170960716
quadratic_a1,0.41500000000000004,124.02420752281944,8.929644858234425,13.422250000000002,0.17275391466583964,8.5923110625098
quadratic_a1,0.42,125.50146534747296,9.18985132989657,13.364,0.17595663890252403,8.626779094476712
quadratic_a1,0.425,126.97787871184158,9.454807177669869,13.30625,0.17918571417697834,8.660233984788892
quadratic_a1,0.43,128.45342529614692,9.724548371871208,13.249,0.1824408560264645,8.692643658570466
quadratic_a1,0.435,129.92808245680723,9.999110256233,13.192250000000001,0.18572175861110282,8.723975806700015
quadratic_a1,0.44,131.40182730255378,10.278527649968524,13.136000000000003,0.18902809884846125,8.754197900768023
quadratic_a1,0.445,132.87463666236792,10.562834737399829,13.080250000000001,0.19235953336707257,8.783277213452495
quadratic_a1,0.45,134.34648709818688,10.852065029640706,13.025000000000002,0.1957156980814745,8.811180837780343
quadratic_a1,0.455,135.81735494965326,11.146251435048805,12.97025,0.19909621084086887,8.83787570590775
quadratic_a1,0.46,137.28721628941895,11.445426061513885,12.916000000000002,0.20250066626787716,8.863328612432671
quadratic_a1,0.465,138.7560469908945,11.749620353238962,12.86225,0.20592864032113786,8.887506233847384
quadratic_a1,0.47000000000000003,140.2238227069974,12.058864956580011,12.809000000000001,0.2093796870567707,8.910375152524939
quadratic_a1,0.47500000000000003,141.69051888764903,12.373189679938282,12.756249999999998,0.2128533382670014,8.931901879830235
quadratic_a1,0.48,143.1561108183396,12.692623586030594,12.704,0.2163491063804863,8.952052879352035
quadratic_a1,0.485,144.62057359548928,13.01719475494191,12.65225,0.21986647902743614,8.970794593218894
quadratic_a1,0.49,146.0838821817306,13.34693045799192,12.601000000000003,0.22340492399011314,8.988093466300086
quadratic_a1,0.495,147.54601139844544,13.68185699941528,12.550250000000002,0.22696388582544472,9.003915973463242
quadratic_a1,0.5,149.00693594840513,14.02199967537456,12.5,0.2305427855916213,9.018228646349566
quadratic_a1,0.505,150.46663044550033,14.367382889337533,12.450250000000002,0.234141023969669,9.030998101100487
quadratic_a1,0.51,151.925069415102,14.718029875777061,12.401,0.2377579756539859,9.042191067012023
quadratic_a1,0.515,153.3822273323223,15.073962912790913,12.352250000000002,0.24139299462951783,9.051774415607339
quadratic_a1,0.52,154.83807863136707,15.435203139926697,12.304,0.2450454107231719,9.059715190575211
quadratic_a1,0.525,156.29259773346632,15.80177051741596,12.256250000000001,0.24871452944381112,9.065980637813789
quadratic_a1,0.53,157.74575906487314,16.173683965467518,12.209,0.2523996352811576,9.070538237517898
quadratic_a1,0.535,159.19753708712162,16.550961049669034,12.16225,0.25609998604435324,9.073355734221103
quadratic_a1,0.54,160.64790631339753,16.933618233129664,12.116000000000001,0.259814818381725,9.074401170703739
quadratic_a1,0.545,162.09684133761752,17.321670671518685,12.070250000000001,0.2635433443428105,9.073642919754251
quadratic_a1,0.55,163.54431686753074,17.71513217377984,12.024999999999999,0.2672847513570067,9.071049716859152
quadratic_a1,0.555,164.9903077279453,18.11401536555238,11.98025,0.2710382056515388,9.066590696315338
quadratic_a1,0.56,166.43478892544206,18.518331338621813,11.936,0.27480284668306504,9.060235421424462
quadratic_a1,0.5650000000000001,167.87773563787192,18.928089942274415,11.89225,0.2785777927922085,9.051953923015201
quadratic_a1,0.5700000000000001,169.31912326576096,19.34329955744084,11.849,0.2823621378710163,9.041716731903447
quadratic_a1,0.5750000000000001,170.75892747014046,19.763967060259063,11.80625,0.2861549515038853,9.029494913376805
quadratic_a1,0.58,172.19712415795337,20.19009800913214,11.764000000000003,0.2899552824317692,9.015260106778427
quadratic_a1,0.585,173.63368958510435,20.62169626193079,11.72225,0.2937621532415792,8.998984554359746
quadratic_a1,0.59,175.06860031424625,21.058764305016712,11.681000000000001,0.29757456602422283,8.980641143991448
quadratic_a1,0.595,176.50183329058214,21.501303009219924,11.640250000000002,0.3013914992532009,8.960203440956082
quadratic_a1,0.6,177.93336588360893,21.94931159766024,11.600000000000003,0.30521190810813814,8.937645723161456
quadratic_a1,0.605,179.3631758518306,22.40278785516712,11.560250000000002,0.30903472789840936,8.9129430234189
quadratic_a1,0.61,180.79124148697534,22.861727718277884,11.521,0.31285886919050865,8.886071155257675
quadratic_a1,0.615,182.21754153569822,23.32612563905332,11.482250000000002,0.3166832233165997,8.857006759182871
quadratic_a1,0.62,183.6420553010904,23.795974326419056,11.444000000000003,0.3205066595777037,8.825727332241108
quadratic_a1,0.625,185.0647626871312,24.271264719614933,11.406250000000002,0.3243280257651015,8.79221126271711
quadratic_a1,0.63,186.48564414021283,24.751986217872748,11.369000000000002,0.3281461514440609,8.756437874114168
quadratic_a1,0.635,187.90468083593834,25.238126249495465,11.33225,0.33195984370882037,8.71838744611535
quadratic_a1,0.64,189.32185456118773,25.729670666220315,11.296,0.33576789237020216,8.678041263528218
quadratic_a1,0.645,190.7371478416647,26.22660347416611,11.260250000000001,0.33956906760047834,8.635381641946683
quadratic_a1,0.65,192.15054398746702,26.728906814147678,11.225000000000001,0.34336212066111865,8.590391960558138
quadratic_a1,0.655,193.5620270095349,27.23656120867837,11.19025,0.34714578693730197,8.543056706640431
quadratic_a1,0.66,194.9715818486862,27.749545117467367,11.155999999999999,0.3509187825121722,8.493361489849505
quadratic_a1,0.665,196.3791942156881,28.267835356765563,11.122250000000001,0.35467980884856315,8.441293092780082
quadratic_a1,0.67,197.78485074400405,28.791406824727236,11.089,0.35842755099130413,8.386839491027697
quadratic_a1,0.675,199.18853903454914,29.32023248960412,11.056249999999999,0.36216067850143735,8.329989882676022
quadratic_a1,0.68,200.59024754601137,29.854283650363023,11.024000000000001,0.36587784812572144,8.270734731967442
quadratic_a1,0.685,201.9899658637521,30.39352948671943,10.99225,0.3695777013751473,8.20906577522357
quadratic_a1,0.6900000000000001,203.38768449708704,30.937937496718188,10.960999999999999,0.3732588685088861,8.144976071758991
quadratic_a1,0.6950000000000001,204.78339505508876,31.487473221694476,10.93025,0.376919967402882,8.078460016743211
quadratic_a1,0.7000000000000001,206.17709028833198,32.042100243058464,10.899999999999999,0.3805596046810988,8.009513365961302
quadratic_a1,0.705,207.56876395308916,32.60178045215063,10.870250000000002,0.38417637790222114,7.9381332772060365
quadratic_a1,0.71,208.958411115528,33.16647360337531,10.841000000000001,0.3877688743112738,7.864318306406594
quadratic_a1,0.715,210.34602790728363,33.736137762310605,10.81225,0.39133567393495994,7.7880684574694
quadratic_a1,0.72,211.7316117208051,34.31072903560717,10.784,0.39487534921255935,7.709385186557401
quadratic_a1,0.725,213.11516124574734,34.89020157671228,10.756250000000001,0.39838646630448576,7.6282714208264
quadratic_a1,0.73,214.49667630827375,35.47450786007754,10.729000000000001,0.40186758668163935,7.54473159603555
quadratic_a1,0.735,215.87615820374873,36.06359824602886,10.702250000000001,0.40531726719312544,7.458771641866092
quadratic_a1,0.74,217.25360941380222,36.657421431045094,10.676000000000002,0.40873406209227814,7.370399029138619
quadratic_a1,0.745,218.62903381636372,37.255924187851775,10.65025,0.41211652350719014,7.279622764462435
quadratic_a1,0.75,220.00243671436075,37.85905138004255,10.625,0.41546320289647387,7.186453401841674
quadratic_a1,0.755,221.3738246527041,38.466746235448085,10.60025,0.4187726519357619,7.090903075013747
quadratic_a1,0.76,222.74320577056457,39.078949931077126,10.576000000000002,0.42204342400937206,6.992985471464316
quadratic_a1,0.765,224.11058948536584,39.69560203690506,10.552250000000003,0.4252740750061027,6.892715875393168
quadratic_a1,0.77,225.47598671143518,40.316640271113236,10.529,0.42846316468261925,6.790111152121669
quadratic_a1,0.775,226.83940987883412,40.942000523184134,10.50625,0.43160925822652074,6.685189751726135
quadratic_a1,0.78,228.20087273198283,41.57161712116067,10.484000000000002,0.43471092634950254,6.5779717346928654
quadratic_a1,0.785,229.5603906907835,42.205422444351235,10.46225,0.43776674826745154,6.4684787347428445
quadratic_a1,0.79,230.91798050919013,42.84334735205128,10.441,0.4407753111345534,6.35673399589719
quadratic_a1,0.795,232.27366049541547,43.48532095838049,10.420250000000001,0.44373521232411145,6.242762346537073
quadratic_a1,0.8,233.6274505190563,44.13127066309268,10.4,0.4466450610505402,6.1265901945383625
quadratic_a1,0.805,234.97937179663563,44.781122407606645,10.380250000000002,0.4495034775995006,6.008245544976275
quadratic_a1,0.81,236.32944724944875,45.43480032225445,10.361,0.45230909781106077,5.88775795251693
quadratic_a1,0.8150000000000001,237.67770114638645,46.092227131808734,10.34225,0.45506057105909703,5.76515855097558
quadratic_a1,0.8200000000000001,239.0241593179621,46.75332395373077,10.324000000000002,0.457756563442165,5.640480017462495
quadratic_a1,0.8250000000000001,240.36884915039414,47.41801033568184,10.30625,0.46039575940954214,5.513756558840621
quadratic_a1,0.8300000000000001,241.7117993645023,48.086204495569625,10.289000000000001,0.46297686008460637,5.3850239204183845
quadratic_a1,0.835,243.05304035734432,48.75782300902987,10.272250000000001,0.46549858921164333,5.254319329291582
quadratic_a1,0.84,244.39260384064443,49.432781184397776,10.256000000000002,0.4679596896336165,5.121681514900084
quadratic_a1,0.845,245.73052304062097,50.11099288746558,10.240250000000001,0.47035892735197987,4.987150664222762
quadratic_a1,0.85,247.06683267831687,50.79237058453058,10.225000000000001,0.472695093097939,4.850768399734449
quadratic_a1,0.855,248.4015687739055,51.47682554016316,10.21025,0.47496700021764904,4.712577775460238
quadratic_a1,0.86,249.73476884464924,52.164267652070386,10.196000000000002,0.4771734897735231,4.572623226284855
quadratic_a1,0.865,251.06647176162818,52.85460559994048,10.18225,0.4793134295555453,4.430950554170438
quadratic_a1,0.87,252.39671775018954,53.54774685966625,10.169,0.48138571565682436,4.2876068961259834
quadratic_a1,0.875,253.72554836344656,54.24359774135047,10.156250000000002,0.48338927358999284,4.14264069338257
quadratic_a1,0.88,255.05300645451308,54.94206342721931,10.144,0.4853230594011358,3.996101658886131
quadratic_a1,0.885,256.3791361480959,55.64304800898358,10.13225,0.4871860608063776,3.848040743075908
quadratic_a1,0.89,257.70398280513297,56.34645452995413,10.121,0.4889772981797221,3.698510098716151
quadratic_a1,0.895,259.02759298728216,57.05218502600276,10.110250000000002,0.4906958255466867,3.5475630440447183
quadratic_a1,0.9,260.3500144202841,57.760140566305054,10.100000000000001,0.49234073156858055,3.395254024398022
quadratic_a1,0.905,261.6712959561358,58.47022129395239,10.090250000000003,0.49391114051909396,3.241638572369726
quadratic_a1,0.91,262.9914875345381,59.18232646612525,10.081000000000001,0.4954062132806776,3.086773266505325
quadratic_a1,0.915,264.3106401383386,59.89635449806962,10.072250000000002,0.4968251481650115,2.9307156891906003
quadratic_a1,0.92,265.6288057489121,60.61220300600879,10.064,0.4981671817387659,2.7735243831100633
quadratic_a1,0.925,266.9460373005792,61.329768849820255,10.05625,0.49943158963563505,2.6152588064396975
quadratic_a1,0.93,268.26238863398925,62.048948175574445,10.049,0.5006176873559971,2.455979286845398
quadratic_a1,0.935,269.57791444875585,62.76963645778293,10.042250000000001,0.501724831083317,2.2957469743234187
quadratic_a1,0.9400000000000001,270.89267025131636,63.491728544489554,10.036000000000001,0.5027524183020858,2.134623793396978
quadratic_a1,0.9450000000000001,272.2067123028526,64.21511870143323,10.03025,0.5036998884210169,1.9726723941898319
quadratic_a1,0.9500000000000001,273.52009756648147,64.93970065599372,10.025,0.5045667233790072,1.8099561025387756
quadratic_a1,0.9550000000000001,274.8328836536372,65.66536764102577,10.020249999999999,0.5053524482348641,1.6465388692269847
quadratic_a1,0.96,276.14512876974067,66.39201243858386,10.016000000000002,0.5060566317707836,1.4824852184081254
quadratic_a1,0.965,277.4568916565505,67.11952742553433,10.01225,0.5066788868804549,1.317860195563322
quadratic_a1,0.97,278.7682315347198,67.84780461841592,10.009,0.5072188709629558,1.1527293146837319
quadratic_a1,0.975,280.0792080459107,68.57673571813268,10.006250000000001,0.5076762862970114,0.9871585048306694
quadratic_a1,0.98,281.38988119438244,69.30621215459,10.004000000000001,0.50805088039622,0.8212140561623892
quadratic_a1,0.985,282.70031128795034,70.03612513142953,10.00225,0.508342446375302,0.6549625655286558
quadratic_a1,0.99,284.0105588772451,70.76636567170411,10.001000000000001,0.5085508230904973,0.48847088178422116
quadratic_a1,0.995,285.3206846953317,71.49682466300895,10.00025,0.5086758952869085,0.3218060507049121
quadratic_a1,1.0,286.63074959720507,72.22739290251519,10.0,0.5087175937250643,0.15503525964142797
quadratic_a5,0.0,6.439954549215748e-24,-1.6079732394876893e-24,26.832815729997478,-1.981398242609508e-30,1.634269582267738
quadratic_a5,0.005,1.4999999765560248,0.00023048175395931408,26.609767949241874,0.00030872434138331096,1.6655888402185526
quadratic_a5,0.01,2.9999998068316898,0.0009304512562805907,26.387838202475024,0.0006260119459564716,1.69758780870226
quadratic_a5,0.015,4.499999334095182,0.0021129334181777303,26.167026489696916,0.0009521243156492592,1.7302823924206765
quadratic_a5,0.02,5.999998388185801,0.00379136653670658,25.94733281090756,0.0012873318673839995,1.7636888723000634
quadratic_a5,0.025,7.499996784345473,0.005979618626477394,25.72875716610696,0.0016319143187199555,1.7978239133401728
quadratic_a5,0.03,8.999994324569098,0.008691937862979176,25.5112995552951,0.001986159613882999,1.8327045724376343
quadratic_a5,0.035,10.499990792836249,0.011943070240124134,25.294959978471994,0.0023503664926584813,1.8683483064852986
quadratic_a5,0.04,11.999985957801675,0.015748169497373222,25.07973843563764,0.0027248425571188835,1.9047729802466273
quadratic_a5,0.045,13.499979569383378,0.020122875636943184,24.86563492679204,0.003109905974056822,1.9419968744891625
quadratic_a5,0.05,14.999971357150537,0.025083334271514324,24.652649451935183,0.003505885932699864,1.9800386940741066
quadratic_a5,0.055,16.49996103221381,0.03064613839661335,24.44078201106708,0.003913121372216582,2.0189175759393856
quadratic_a5,0.06,17.999948280597568,0.036828466988435435,24.23003260418772,0.004331964026656714,2.0586530973818244
quadratic_a5,0.065,19.499932766999418,0.04364797908597132,24.02040123129712,0.004762776133782373,2.0992652839596206
quadratic_a5,0.07,20.99991413005078,0.051122906328986605,23.811887892395262,0.005205932452818929,2.1407746176670392
quadratic_a5,0.075,22.499891980092233,0.059272075877778364,23.60449258748216,0.005661820806703698,2.1832020449701997
quadratic_a5,0.08,23.99986590180904,0.06811484191180905,23.398215316557803,0.006130840573665766,2.226568984615041
quadratic_a5,0.085,25.499835445035078,0.07767124903050833,23.1930560796222,0.006613406295253271,2.2708973357581845
quadratic_a5,0.09,26.99980012998833,0.08796190755980979,22.98901487667534,0.007109944960200097,2.316209485493724
quadratic_a5,0.095,28.499759440697478,0.09900810269254122,22.786091707717233,0.00762089839462468,2.3625283166621354
quadratic_a5,0.1,29.999712821930476,0.11083182162729861,22.58428657274788,0.008146723902727,2.4098772153795873
quadratic_a5,0.105,31.49965968285876,0.12345567289112326,22.38359947176727,0.008687892478373285,2.4582800781610423
quadratic_a5,0.11,32.99959938431265,0.1369030790957352,22.184030404775413,0.00924489307698526,2.5077613193927926
quadratic_a5,0.115,34.49953124605491,0.15119812999572246,21.98557937177231,0.009818229395691698,2.558345877877888
quadratic_a5,0.12,35.99945453767263,0.16636571126749006,21.78824637275795,0.010408422701790387,2.6100592236712257
quadratic_a5,0.125,37.49936847433493,0.18243153661256123,21.592031407732346,0.011016012587014032,2.662927364430881
quadratic_a5,0.13,38.999272221877504,0.19942205265118576,21.39693447669549,0.011641554847494245,2.716976851105006
quadratic_a5,0.135,40.499164879153234,0.217364666374404,21.202955579647384,0.01228562653485279,2.772234784002493
quadratic_a5,0.14,41.99904548812131,0.23628757184930696,21.010094716588025,0.012948822140801916,2.828728817473629
quadratic_a5,0.145,43.498913019843904,0.25621991989534665,20.81835188751742,0.01363175732594135,2.886487164937339
quadratic_a5,0.15,44.99876637559047,0.2771917679997727,20.62772709243556,0.014335067864117217,2.9455386028443624
quadratic_a5,0.155,46.498604378377735,0.299234161952784,20.438220331342453,0.01505941142419085,3.0059124743836985
quadratic_a5,0.16,47.9984257696084,0.3223791441164562,20.249831604238096,0.0158054677618396,3.0676386923578445
quadratic_a5,0.165,49.49822920320845,0.3466597917497301,20.06256091112249,0.01657393957104975,3.130747741430554
quadratic_a5,0.17,50.998013239820594,0.3721102510358135,19.87640825199563,0.01736555323725424,3.1952706795900685
quadratic_a5,0.17500000000000002,52.4977763405554,0.3987657728988414,19.691373626857523,0.018181059627740286,3.2612391387732442
quadratic_a5,0.18,53.99751686025357,0.42666275074805576,19.507457035708168,0.01902123492234176,3.3286853245756176
quadratic_a5,0.185,55.497233040109734,0.4558387612142791,19.324658478547562,0.019886881507151014,3.397642014971105
quadratic_a5,0.19,56.99692300025195,0.48633260159340314,19.142977955375706,0.020778828791948634,3.46814255793304
quadratic_a5,0.195,58.496584731715124,0.5181843298281209,18.96241546619259,0.02169793408051752,3.5402208678836966
quadratic_a5,0.2,59.99621608780308,0.5514353065621748,18.782971010998242,0.022645083482600668,3.613911420874039
quadratic_a5,0.20500000000000002,61.495814774775674,0.5861282394250606,18.604644589792624,0.023621192870774257,3.689249248391634
quadratic_a5,0.21,62.99537834165399,0.6223072307952497,18.427436202575773,0.024627208908552616,3.766269929693324
quadratic_a5,0.215,64.4949041699663,0.6600178216285955,18.25134584934766,0.02566410998590633,3.8450095825144435
quadratic_a5,0.22,65.9943894626576,0.6993070382220999,18.0763735301083,0.026732907213864378,3.925504852057531
quadratic_a5,0.225,67.49383123215618,0.7402234413559717,17.902519244857697,0.027834645464565565,4.007792898128656
quadratic_a5,0.23,68.99322628750994,0.7828171779917268,17.729782993595837,0.02897040446018062,4.091911380284667
quadratic_a5,0.23500000000000001,70.49257122030666,0.8271400369837392,17.558164776322723,0.030141299940892194,4.17789844085446
quadratic_a5,0.24,71.99186239051735,0.8732455000711842,17.387664593038366,0.031348484720103195,4.2657926856331505
quadratic_a5,0.245,73.49109591118808,0.9211887962334067,17.21828244374276,0.032593149804175665,4.355633162124136
quadratic_a5,0.25,74.99026763197269,0.9710269587396665,17.050018328435897,0.033876525560110934,4.447459335154764
quadratic_a5,0.255,76.4893731213868,1.0228188850891902,16.882872247117792,0.03519988293454868,4.541311059686633
quadratic_a5,0.26,77.98840764739069,1.0766254015345558,16.71684419978843,0.036564534758298274,4.637228550643289
quadratic_a5,0.265,79.48736615787557,1.1325093219210915,16.551934186447816,0.03797183691305784,4.735252349485559
quadratic_a5,0.27,80.98624325957114,1.1905355103316961,16.38814220709596,0.03942318956635744,4.835423287379039
quadratic_a5,0.275,82.48503319536535,1.25077094673011,16.22546826173285,0.040920038454488876,4.93778244472872
quadratic_a5,0.28,83.98372981987424,1.3132847958121443,16.06391235035849,0.042463876216437275,5.042371106851667
quadratic_a5,0.28500000000000003,85.48232657272364,1.37814848101773,15.903474472972881,0.044056243816972575,5.14923071556459
quadratic_a5,0.29,86.98081645171999,1.445435751668052,15.74415462957602,0.04569873180084458,5.258402816329448
quadratic_a5,0.295,88.47919198386637,1.5152227543332066,15.585952820167913,0.047392981615637465,5.369929000772481
quadratic_a5,0.3,89.97744519421616,1.587588107452693,15.42886904474855,0.04914068697854986,5.483850844294027
quadratic_a5,0.305,91.47556757234676,1.6626129794226563,15.272903303317944,0.05094359528925651,5.600209838484531
quadratic_a5,0.31,92.97355003571707,1.7403811723810063,15.118055595876077,0.05280350913049371,5.719047318076169
quadratic_a5,0.315,94.47138289291765,1.8209791976402097,14.96432592242297,0.054722287561219704,5.840404381964039
quadratic_a5,0.32,95.96905580399928,1.9044963557073065,14.811714282958606,0.05670184747343534,5.96432180809411
quadratic_a5,0.325,97.46655773788103,1.9910248197014448,14.660220677482998,0.05874416498241277,6.090839961874598
quadratic_a5,0.33,98.96387692654636,2.0806597223710974,14.509845105996135,0.06085127685089686,6.219998697771586
quadratic_a5,0.335,100.4610008150288,2.173499249227299,14.360587568498026,0.06302528199136351,6.351837253777341
quadratic_a5,0.34,101.95791601133621,2.2696447214850295,14.212448064988664,0.06526834271332348,6.486394138152879
quadratic_a5,0.34500000000000003,103.45460823245222,2.369200683799017,14.065426595468056,0.0675826860208251,6.623707008249774
quadratic_a5,0.35000000000000003,104.95106224643308,2.472274995340288,13.919523159936189,0.0699706049231917,6.763812541014888
quadratic_a5,0.355,106.44726181021899,2.5789789243777577,13.774737758393082,0.07243445975693298,6.906746294796127
quadratic_a5,0.36,107.94318960181518,2.6894272491534674,13.63107039083872,0.07497667956347759,7.05254256212035
quadratic_a5,0.365,109.43882715254905,2.8037383462710372,13.48852105727311,0.07759976315386756,7.201234212687862
quadratic_a5,0.37,110.93415477412636,2.9220342838142135,13.347089757696246,0.0803062801977023,7.352852526451934
quadratic_a5,0.375,112.42915148054247,3.0444409174133376,13.206776492108133,0.08309887229133021,7.507427016358405
quadratic_a5,0.38,113.92379490436034,3.1710879893462973,13.067581260508772,0.08598025399921017,7.664985240355509
quadratic_a5,0.385,115.41806120556454,3.3021092336900844,12.92950406289816,0.08895321391062297,7.825552602377724
quadratic_a5,0.39,116.91192498080997,3.437642466125257,12.792544899276297,0.09202061531351464,7.98915214137065
quadratic_a5,0.395,118.40535916589188,3.5778296779590764,12.656703769643185,0.09518539684909513,8.155804308389548
quadratic_a5,0.4,119.8983349315676,3.722817132178636,12.521980673998822,0.09845057309280887,8.325526731373742
quadratic_a5,0.405,121.39082157212424,3.872755461484825,12.388375612343212,0.10181923504981433,8.498333967268662
quadratic_a5,0.41000000000000003,122.8827863843391,4.027799771458923,12.255888584676349,0.10529455060015924,8.674237241327582
quadratic_a5,0.41500000000000004,124.37419454749181,4.188109724836712,12.124519590998236,0.10887976447937316,8.853244172468179
quadratic_a5,0.42,125.86500899474318,4.353849628803263,11.994268631308875,0.11257819817292289,9.035358485054848
quadratic_a5,0.425,127.35519027615297,4.52518852262245,11.865135705608258,0.11639324965964923,9.220579706838548
quadratic_a5,0.43,128.84469641261472,4.702300265337133,11.737120813896398,0.12032839298445938,9.408902852911936
quadratic_a5,0.435,130.33348273767405,4.885363626669469,11.610223956173284,0.12438717768213028,9.600318095802178
quadratic_a5,0.44,131.82150174165545,5.074562354690013,11.484445132438923,0.12857322764507914,9.794810420381253
quadratic_a5,0.445,133.30870290514125,5.270085244317289,11.359784342693306,0.13289023980880585,9.99235926458285
quadratic_a5,0.45,134.79503252232806,5.472126203367298,11.236241586936446,0.1373419825791947,10.192938145956811
quadratic_a5,0.455,136.2804335134548,5.680884315573395,11.11381686516833,0.14193229397193818,10.396514274306243
quadratic_a5,0.46,137.76484522248458,5.896563903439437,10.992510177388969,0.14666507946427756,10.603048151071556
quadratic_a5,0.465,139.248203219372,6.119374562679648,10.872321523598353,0.15154430919599798,10.81249315395406
quadratic_a5,0.47000000000000003,140.73043908978724,6.34953119395477,10.75325090379649,0.15657401485827815,11.02479510881008
quadratic_a5,0.47500000000000003,142.2114802132515,6.587254027941336,10.635298317983372,0.16175828618468557,11.239891849400557
quadratic_a5,0.48,143.6912495288785,6.832768642724315,10.518463766159014,0.1671012670028491,11.457712765922219
quadratic_a5,0.485,145.1696652840691,7.0863059757634765,10.402747248323399,0.17260715081518882,11.678178343888906
quadratic_a5,0.49,146.64664079172314,7.3481023015207265,10.288148764476533,0.17828017564481333,11.901199691672758
quadratic_a5,0.495,148.12208417366253,7.618399201171832,10.17466831461842,0.18412461840600358,12.126678060379321
quadratic_a5,0.5,149.5958980919189,7.897443519710927,10.062305898749054,0.19014478870738521,12.354504357534333
quadratic_a5,0.505,151.06797946724532,8.185487308900813,9.95106151686844,0.19634502203420842,12.58455865657683
quadratic_a5,0.51,152.5382191794141,8.482787757258288,9.840935168976575,0.2027296722350664,12.816709705091736
quadratic_a5,0.515,154.00650178251237,8.789607079440911,9.73192685507346,0.2093031032258694,13.05081442987762
quadratic_a5,0.52,155.47270520673106,9.106212390653255,9.624036575159096,0.21606968003095475,13.286717444939345
quadratic_a5,0.525,156.9367004493871,9.43287556070791,9.51726432923348,0.22303375907132134,13.524250565162221
quadratic_a5,0.53,158.3983512549624,9.769873045603175,9.411610117296615,0.2301996776366111,13.763232329159454
quadratic_a5,0.535,159.85751377817195,10.117485696223943,9.3070739393485,0.2375717424124536,14.003467536082306
quadratic_a5,0.54,161.31403627217233,10.475998520820994,9.203655795389135,0.24515421725545952,14.244746794127064
quadratic_a5,0.545,162.7677587663525,10.845700423826267,9.10135568541852,0.2529513101182528,14.486846090109344
quadratic_a5,0.55,164.2185127380288,11.226883915214646,9.000173609436652,0.2609671590508866,14.729526384452344
quadratic_a5,0.555,165.66612077862212,11.619844787758606,8.900109567443538,0.269205817212211,14.97253323690814
quadratic_a5,0.56,167.1103962482555,12.024881759684343,8.801163559439173,0.2776712367016992,15.215596469998083
quadratic_a5,0.5650000000000001,168.55114297043548,12.44229606798405,8.703335585423556,0.2863672518102929,15.458429867151704
quadratic_a5,0.5700000000000001,169.98815492378827,12.872391028777876,8.60662564539669,0.2952975612808542,15.70073091892417
quadratic_a5,0.5750000000000001,171.4212159372988,13.31547155907556,8.511033739358574,0.30446570954360996,15.942180623219723
quadratic_a5,0.58,172.85009939085612,13.771843657076177,8.416559867309209,0.3138750668698608,16.18244334662381
quadratic_a5,0.585,174.27456791572232,14.241813836048555,8.323204029248595,0.32352880819280894,16.421166755871134
quadratic_a5,0.59,175.69437315546688,14.725688511332253,8.230966225176726,0.3334298917422406,16.657981814875274
quadratic_a5,0.595,177.10925553727776,15.223773346722963,8.139846455093611,0.34358103666662243,16.892502864854542
quadratic_a5,0.6,178.51894406265507,15.736372555732256,8.049844718999246,0.3539846996783377,17.1243277943481
quadratic_a5,0.605,179.92315612086415,16.263788155289088,7.960961016893629,0.36464305069416136,17.353038307169452
quadratic_a5,0.61,181.32159732141486,16.806319164423446,7.87319534877676,0.37555794716798124,17.57820029820535
quadratic_a5,0.615,182.71396141198215,17.364260768507446,7.786547714648644,0.38673090894625534,17.799364329640394
quadratic_a5,0.62,184.09993022634978,17.937903440517285,7.701018114509277,0.3981630922979578,18.01606622817501
quadratic_a5,0.625,185.47917367395505,18.527532017422168,7.61660654835866,0.40985526326202326,18.22782780903073
quadratic_a5,0.63,186.85134977598938,19.133424730672058,7.533313016196792,0.4218077703360252,18.434157733637132
quadratic_a5,0.635,188.2161047469472,19.755852181278176,7.451137518023674,0.43402051617294324,18.634552509085008
quadratic_a5,0.64,189.57307317508142,20.395076295601612,7.370080053839308,0.4464929303038101,18.82849762115317
quadratic_a5,0.645,190.92187832678678,21.051349313937646,7.2901406236436905,0.45922394481175977,19.01546879729387
quadratic_a5,0.65,192.26213235992392,21.7249125953794,7.211319227436822,0.4722119625435514,19.19493346774385
quadratic_a5,0.655,193.59343678485368,22.41599554890453,7.1336158652187045,0.48545483328227107,19.36635233029904
quadratic_a5,0.66,194.91538292355662,23.124814466349626,7.057030536989337,0.49894982650069025,19.529181092624956
quadratic_a5,0.665,196.22755249033756,23.85157137931443,6.981563242748718,0.5126936065862118,19.682872356413025
quadratic_a5,0.67,197.5295182515866,24.596452891922276,6.90721398249685,0.5266822082488831,19.82687765478392
quadratic_a5,0.675,198.82084478913345,25.35962902406394,6.833982756233731,0.54091101354502,19.96064963189949
quadratic_a5,0.68,200.10108936727542,26.141252077788355,6.7618695639593644,0.5553747308453797,20.08364435893721
quadratic_a5,0.685,201.3698028924257,26.941455497201567,6.690874405673745,0.5700673745819121,20.19532378220762
quadratic_a5,0.6900000000000001,202.62653098835713,27.760352793750812,6.6209972813768765,0.5849822483358047,20.295158285235676
quadratic_a5,0.6950000000000001,203.87081516682935,28.59803648356199,6.552238191068759,0.600111929208137,20.382629358404266
quadratic_a5,0.7000000000000001,205.10219410613286,29.45457708596963,6.484597134749389,0.6154482551639285,20.45723235604457
quadratic_a5,0.705,206.32020503114788,30.33002219769233,6.418074112418773,0.6309823156535629,20.518479324802616
quadratic_a5,0.71,207.52438519179614,31.22439560463576,6.352669124076903,0.6467044442121027,20.56590188203203
quadratic_a5,0.715,208.7142734363044,32.137696521187266,6.288382169723785,0.6626042157933528,20.599054122793447
quadratic_a5,0.72,209.88941187467577,33.069898888095665,6.225213249359416,0.678670446545533,20.617515528528223
quadratic_a5,0.725,211.04934762549107,34.02095078834213,6.163162362983796,0.6948911977915523,20.6208938513742
quadratic_a5,0.73,212.1936346314639,34.99077399328929,6.102229510596927,0.7112537843852599,20.60882794890492
quadratic_a5,0.735,213.32183555178207,35.979263593588456,6.0424146921988084,0.7277447860883635,20.5809905286111
quadratic_a5,0.74,214.43352369220017,36.986287812192785,5.983717907789438,0.7443500645504505,20.537090787663637
quadratic_a5,0.745,215.5282849907899,38.011687918090786,5.926139157368818,0.7610547835442538,20.47687689779215
quadratic_a5,0.75,216.60572002809795,39.05527830193542,5.869678440936949,0.777843434018992,20.400138313401932
quadratic_a5,0.755,217.665446040087,40.116846718458795,5.814335758493828,0.794699863894407,20.306707875733345
quadratic_a5,0.76,218.70709895675762,41.19615464495303,5.760111110039459,0.8116073112997626,20.196463656592368
quadratic_a5,0.765,219.73033538920686,42.29293784545152,5.707004495573839,0.8285484432245961,20.069330551026894
quadratic_a5,0.77,220.73483461199922,43.40690705346397,5.6550159150969685,0.8455053974390595,19.925281548765994
quadratic_a5,0.775,221.7203004855761,44.53774882540925,5.604145368608847,0.8624598287499708,19.764338682855215
quadratic_a5,0.78,222.686463294972,45.685126558107655,5.554392856109478,0.8793929591969585,19.586573638190096
quadratic_a5,0.785,223.63308154602922,46.84868161911815,5.505758377598858,0.8962856311122472,19.392107957429545
quadratic_a5,0.79,224.5599436098348,48.028034656375,5.4582419330769865,0.9131183640040023,19.181112896034147
quadratic_a5,0.795,225.46686929487782,49.222787004991396,5.411843522543866,0.9298714136494888,18.953808844669148
quadratic_a5,0.8,226.35371127434178,50.43252222513005,5.366563145999495,0.9465248337454703,18.710464354117562
quadratic_a5,0.805,227.22035635022024,51.6568077526427,5.322400803443875,0.9630585394375089,18.451394766855444
quadratic_a5,0.81,228.06672661494434,52.89519661820468,5.279356494877003,0.9794523720647826,18.176960398635448
quadratic_a5,0.8150000000000001,228.89278038345256,54.14722926820341,5.237430220298883,0.9956861648745912,17.887564374998732
quadratic_a5,0.8200000000000001,229.6985130055823,55.41243542360833,5.196621979709512,1.0117398089481937,17.5836500390692
quadratic_a5,0.8250000000000001,230.48395747986035,56.690335988650745,5.15693177310889,1.0275933189122948,17.265698010061964
quadratic_a5,0.8300000000000001,231.2491848624,57.98044498443934,5.118359600497018,1.0432268976373402,16.934222922268305
quadratic_a5,0.835,231.99430454771462,59.28227147876426,5.080905461873898,1.0586209998571319,16.589769801683474
quadratic_a5,0.84,232.7194642940676,60.59532151129723,5.044569357239527,1.0737563933447947,16.23291023275633
quadratic_a5,0.845,233.42485012355604,61.91909998063591,5.009351286593905,1.088614217974834,15.864238235975233
quadratic_a5,0.85,234.110686022535,63.2531124856375,4.975251249937033,1.1031760416203316,15.484365972085584
quadratic_a5,0.855,234.77723345005018,64.59686709784678,4.942269247268911,1.1174239122105007,15.093919321055251
quadratic_a5,0.86,235.4247907384499,65.9498760579828,4.91040527858954,1.131340406585047,14.693533306698242
quadratic_a5,0.865,236.05369227307744,67.31165736926529,4.879659343898916,1.1449086740196095,14.283847543622032
quadratic_a5,0.87,236.6643075851033,68.68173628948556,4.850031443197045,1.158112475872994,13.865501632426072
quadratic_a5,0.875,237.25704029454502,70.05964670180948,4.8215215764839225,1.1709362199794038,13.439130633042849
quadratic_a5,0.88,237.83232692121018,71.44493234992586,4.79412974375955,1.1833649894622875,13.005360666590757
quadratic_a5,0.885,238.39063564319366,72.83714795249877,4.7678559450239275,1.1953845672644525,12.564804623221386
quadratic_a5,0.89,238.9324649118698,74.23586015511623,4.742700180277054,1.2069814540126886,12.118058143951792
quadratic_a5,0.895,239.45834204352528,75.6406483527135,4.7186624495189315,1.2181428815674762,11.665695804915025
quadratic_a5,0.9,239.96882173794987,77.05110535743766,4.695742752749559,1.2288568208905433,11.20826762039688
quadratic_a5,0.905,240.46448454439644,78.46683790892301,4.6739410899689355,1.2391119843636769,10.746295899968134
quadratic_a5,0.91,240.9459353392691,79.88746705755142,4.653257461177063,1.2488978243032933,10.28027243433986
quadratic_a5,0.915,241.41380174738575,81.31262837569584,4.6336918663739395,1.2582045254998087,9.810656139978066
quadratic_a5,0.92,241.86873259991845,82.74197204848151,4.615244305559567,1.2670229946000708,9.337871090571417
quadratic_a5,0.925,242.311396390895,84.17516281950896,4.5979147787339425,1.2753448452198375,8.862305016385026
quadratic_a5,0.93,242.7424797483647,85.61187979760047,4.58170328589707,1.283162379306339,8.384308280653043
quadratic_a5,0.935,243.16268596342783,87.05181616044308,4.566609827048946,1.290468566627665,7.9041932981776775
quadratic_a5,0.9400000000000001,243.5727335284793,88.49467871551168,4.552634402189573,1.2972570206936884,7.422234472479249
quadratic_a5,0.9450000000000001,243.97335474567635,89.94018737279823,4.539777011318948,1.3035219738878485,6.938668578664232
quadratic_a5,0.9500000000000001,244.36529437624574,91.38807450871485,4.528037654437075,1.3092582510212363,6.453695628566772
quadratic_a5,0.9550000000000001,244.7493083387193,92.83808423183648,4.51741633154395,1.3144612419945156,5.96748019937171
quadratic_a5,0.96,245.12616247798297,94.2899715816947,4.507913042639577,1.319126875257986,5.480153180300081
quadratic_a5,0.965,245.49663137158802,95.74350163229305,4.499527787723952,1.3232515908345586,4.991813959939313
quadratic_a5,0.97,245.86149720464286,97.19844854469652,4.492260566797078,1.3268323152398265,4.502532982879993
quadratic_a5,0.975,246.2215486905533,98.6545945545949,4.486111379858954,1.3298664377210447,4.012354671341003
quadratic_a5,0.98,246.57758003789087,100.11172890644443,4.481080226909579,1.3323517883829836,3.521300671059403
quadratic_a5,0.985,246.93038996779228,101.56964675433576,4.477167107948954,1.3342866194977203,3.0293733699486878
quadratic_a5,0.99,247.2807807606278,103.02814801687872,4.474372022977079,1.3356695889609864,2.536559669114312
quadratic_a5,0.995,247.6295573400051,104.48703621252567,4.472694971993954,1.3364997476157627,2.0428349419359892
quadratic_a5,1.0,247.97752637773354,105.94611727050736,4.47213595499958,1.3367765298397678,1.5481671476298289
volume_optimal_clipped,0.0,5.570316766934907e-25,1.361776068018429e-24,17.26737698550791,-2.5243553007221494e-29,7.138984128654189
volume_optimal_clipped,0.005,1.4999989310296655,0.0015511514971315282,17.238549925247632,0.0020687111537992624,7.137798037825267
volume_optimal_clipped,0.01,2.99999143478756,0.006207653196691653,17.209626129432692,0.00414047973560363,7.136599707133843
volume_optimal_clipped,0.015,4.499971059771517,0.013974084083616094,17.180604782411436,0.006215323631462424,7.13538910766137
volume_optimal_clipped,0.02,5.99993132463727,0.02485503717650618,17.15148505747242,0.008293260962793982,7.134166210607922
volume_optimal_clipped,0.025,7.499865717885026,0.03885511979806679,17.122266116637146,0.010374310091570926,7.132930987302551
volume_optimal_clipped,0.03,8.999767701867558,0.05597895176452255,17.092947110447835,0.01245848958984917,7.131683409099842
volume_optimal_clipped,0.035,10.499630705568077,0.07623116896897189,17.063527177750082,0.014545818300492758,7.130423447571055
volume_optimal_clipped,0.04,11.999448131328055,0.09961642024572387,17.03400544547027,0.01663631528475806,7.129151074329354
volume_optimal_clipped,0.045,13.499213350350212,0.12613936966554642,17.00438102838753,0.018729999861003207,7.127866261150298
volume_optimal_clipped,0.05,14.998919702357794,0.15580469683488773,16.97465302890015,0.020826891610497503,7.126568979984217
volume_optimal_clipped,0.055,16.498560499770836,0.18861709493263293,16.944820536786214,0.022927010344198605,7.125259202846443
volume_optimal_clipped,0.06,17.9981290201511,0.22458127460859528,16.91488262895833,0.02503037616929083,7.12393690202375
volume_optimal_clipped,0.065,19.497618513218956,0.26370196058053547,16.884838369212265,0.02713700943196939,7.122602049888093
volume_optimal_clipped,0.07,20.997022196144297,0.30598389413329147,16.854686807969276,0.029246930759905625,7.1212546190273445
volume_optimal_clipped,0.075,22.496333253175205,0.35143183345040824,16.824426982012,0.031360161068775164,7.119894582260185
volume_optimal_clipped,0.08,23.99554483999701,0.40005055148228597,16.79405791421362,0.033476721525956946,7.118521912519445
volume_optimal_clipped,0.085,25.494650075813468,0.4518448401941422,16.763578613260197,0.035596633623618625,7.1171365830758635
volume_optimal_clipped,0.09,26.993642050678186,0.5068195068674698,16.732988073365878,0.03771991911612294,7.115738567339228
volume_optimal_clipped,0.095,28.492513820553484,0.5649793768255046,16.7022852739808,0.03984660006672948,7.114327839000789
volume_optimal_clipped,0.1,29.99125840690478,0.6263292938014502,16.671469179491442,0.04197669885495368,7.1129043720512275
volume_optimal_clipped,0.105,31.489868801258655,0.6908741176200988,16.640538738913214,0.044110238136812516,7.11146814065655
volume_optimal_clipped,0.11,32.98833795688566,0.758618728834115,16.609492885574983,0.04624724092530761,7.11001911940149
volume_optimal_clipped,0.115,34.486658796474764,0.8295680246981368,16.578330536795338,0.04838773052178813,7.10855728307687
volume_optimal_clipped,0.12,35.98482420693772,0.9037269221460327,16.547050593550296,0.050531730567447475,7.107082606835378
volume_optimal_clipped,0.125,37.48282703896486,0.9811003582005853,16.515651940132187,0.05267926505164648,7.10559506621327
volume_optimal_clipped,0.13,38.980660111800326,1.061693287448392,16.48413344379939,0.05483035826827323,7.104094636998328
volume_optimal_clipped,0.135,40.47831620448751,1.1455106871085747,16.45249395441672,0.05698503490461369,7.102581295495584
volume_optimal_clipped,0.14,41.97578806391844,1.2325575526436245,16.420732304086055,0.05914331996590204,7.101055018299572
volume_optimal_clipped,0.145,43.473068399358255,1.3228389010173944,16.3888473067669,0.061305238832263395,7.099515782465547
volume_optimal_clipped,0.15,44.97014988195743,1.4163597711519171,16.35683775788662,0.06347081726816092,7.09796356553577
volume_optimal_clipped,0.155,46.46702514976469,1.513125221172751,16.324702433939947,0.06564008137436877,7.096398345398914
volume_optimal_clipped,0.16,47.96368679849069,1.6131403339603758,16.29244009207738,0.06781305768638757,7.0948201005813925
volume_optimal_clipped,0.165,49.460127389968456,1.7164102123571021,16.26004946968213,0.06998977309128962,7.09322881000311
volume_optimal_clipped,0.17,50.956339446369206,1.822939982738861,16.227529283935258,0.07217025489087067,7.091624453166433
volume_optimal_clipped,0.17500000000000002,52.45231544966496,1.9327347955257748,16.194878231368527,0.07435453081241265,7.09000701018827
volume_optimal_clipped,0.18,53.94804784690245,2.0457998221720852,16.162094987404572,0.07654262895568756,7.088376461650292
volume_optimal_clipped,0.185,55.4435290404346,2.1621402612576817,16.129178205884003,0.07873457790227727,7.0867327889198
volume_optimal_clipped,0.19,56.938751396832735,2.2817613332448636,16.096126518578913,0.08093040662367304,7.085075973887297
volume_optimal_clipped,0.195,58.43370724076087,2.4046682844017924,16.062938534692332,0.08313014455153485,7.083405999176269
volume_optimal_clipped,0.2,59.92838885438202,2.530866387374627,16.029612840343155,0.08533382159000166,7.0817228481824595
volume_optimal_clipped,0.20500000000000002,61.42278848291913,2.6603609378925754,15.996147998036035,0.08754146805704648,7.0800265049142475
volume_optimal_clipped,0.21,62.9168983242968,2.793157261465533,15.962542546115639,0.0897531148063048,7.078316954347842
volume_optimal_clipped,0.215,64.41071053855173,2.929260707637977,15.928794998204797,0.0919687931252109,7.0765941821449445
volume_optimal_clipped,0.22,65.90421724132764,3.0686766543076565,15.894903842625887,0.09418853481342765,7.074858174886894
volume_optimal_clipped,0.225,67.39741050321726,3.2114105083685125,15.860867541804868,0.09641237219698645,7.073108920122987
volume_optimal_clipped,0.23,68.89028235564018,3.3574677020972348,15.826684531657369,0.0986403380631959,7.071346406200539
volume_optimal_clipped,0.23500000000000001,70.38282477982882,3.5068537005330613,15.792353220956079,0.10087246579688293,7.069570622660039
volume_optimal_clipped,0.24,71.87502971678954,3.659573995168435,15.757871990678856,0.1031087892671337,7.0677815599310785
volume_optimal_clipped,0.245,73.36688906037526,3.8156341087133185,15.723239193336722,0.10534934291515868,7.06597920959536
volume_optimal_clipped,0.25,74.85839465655359,3.9750395958198363,15.688453152281083,0.10759416177060714,7.064163564446329
volume_optimal_clipped,0.255,76.34953830963538,4.13779603911179,15.653512160989349,0.10984328137908979,7.062334618308587
volume_optimal_clipped,0.26,77.84031177052904,4.30390905733471,15.61841448232809,0.11209673795510451,7.060492366479955
volume_optimal_clipped,0.265,79.33070674731256,4.473384298413897,15.583158347792937,0.11435456825568897,7.058636805403774
volume_optimal_clipped,0.27,80.8207148978339,4.646227444722804,15.547741956724296,0.11661680967923439,7.056767932966168
volume_optimal_clipped,0.275,82.31032782889399,4.822444213902529,15.51216347549793,0.11888350028439945,7.054885748570217
volume_optimal_clipped,0.28,83.79953710286487,5.002040354489897,15.476421036689416,0.12115467870913406,7.052990252944468
volume_optimal_clipped,0.28500000000000003,85.28833422512429,5.185021654940282,15.440512738211488,0.1234303843430164,7.051081448640496
volume_optimal_clipped,0.29,86.77671065530804,5.371393935972907,15.40443664242315,0.12571065718580596,7.049159339679581
volume_optimal_clipped,0.295,88.26465779938,5.5611630564115595,15.368190775209415,0.12799553795902816,7.047223931891211
volume_optimal_clipped,0.3,89.75216700871658,5.754334914114648,15.331773125030555,0.13028506812801466,7.045275233005797
volume_optimal_clipped,0.305,91.23922958715916,5.950915441150546,15.295181641939573,0.1325792898111024,7.043313252452397
volume_optimal_clipped,0.31,92.72583677752684,6.150910613813125,15.25841423656657,0.13487824597467665,7.041338001922583
volume_optimal_clipped,0.315,94.21197977362856,6.354326444161374,15.221468779068747,0.13718198027422088,7.039349494989493
volume_optimal_clipped,0.32,95.69764971173538,6.561168986512527,15.184343098044483,0.13949053718088011,7.037347747496347
volume_optimal_clipped,0.325,97.18283766955028,6.771444338501683,15.147034979410119,0.14180396200728665,7.035332777673067
volume_optimal_clipped,0.33,98.66753467374659,6.985158635744867,15.10954216523777,0.14412230080534655,7.033304605923972
volume_optimal_clipped,0.335,100.15173168543893,7.202318062988308,15.071862352552603,0.1464456005879952,7.031263255471336
volume_optimal_clipped,0.34,101.63541961304792,7.422928844734078,15.033993192087763,0.14877390914985505,7.029208751945201
volume_optimal_clipped,0.34500000000000003,103.11858930309535,7.646997252480118,14.995932286995208,0.15110727521147307,7.027141123832973
volume_optimal_clipped,0.35000000000000003,104.60123153903974,7.874529605932589,14.957677191510463,0.15344574844976122,7.025060402627321
volume_optimal_clipped,0.355,106.08333704936051,8.105532267087076,14.91922540956936,0.1557893793824563,7.022966622605216
volume_optimal_clipped,0.36,107.5648964918469,8.340011652678582,14.880574393374562,0.15813821962149907,7.020859821568532
volume_optimal_clipped,0.365,109.04590046742247,8.57797422376624,14.841721541909726,0.16049232166980262,7.0187400404031335
volume_optimal_clipped,0.37,110.52633951016989,8.819426493832449,14.802664199398883,0.1628517390864797,7.016607323604268
volume_optimal_clipped,0.375,112.00620408600842,9.064375030176365,14.763399653708644,0.16521652652295146,7.014461719465321
volume_optimal_clipped,0.38,113.48548460139375,9.312826447331622,14.72392513469057,0.16758673959175982,7.012303279851252
volume_optimal_clipped,0.385,114.96417138625817,9.564787421015865,14.684237812460973,0.16996243515763315,7.010132061058181
volume_optimal_clipped,0.39,116.4422547089213,9.820264676525001,14.644334795615324,0.17234367110610752,7.007948123341454
volume_optimal_clipped,0.395,117.91972476523313,10.079264997825547,14.604213129374111,0.17473050653385297,7.005751531535764
volume_optimal_clipped,0.4,119.39657167706447,10.341795229164404,14.563869793657016,0.17712300179180418,7.003542355298224
volume_optimal_clipped,0.405,120.87278550170404,10.607862267726736,14.523301701081998,0.17952121833548745,7.00132066888107
volume_optimal_clipped,0.41000000000000003,122.34835621325205,10.877473079323515,14.482505694885646,0.1819252190613284,6.99908655213906
volume_optimal_clipped,0.41500000000000004,123.82327371876505,11.150634685418048,14.4414785467611,0.18433506804189756,6.996840090027628
volume_optimal_clipped,0.42,125.29752784638508,11.427354173372978,14.400216954609437,0.18675083074647947,6.994581373343076
volume_optimal_clipped,0.425,126.77110834360606,11.707638698320183,14.358717540200354,0.1891725740929764,6.992310499038431
volume_optimal_clipped,0.43,128.24400488746565,11.991495474944394,14.316976846737667,0.19160036627625832,6.990027570003572
volume_optimal_clipped,0.435,129.71620706415354,12.278931795196952,14.27499133632478,0.19403427715921182,6.98773269625849
volume_optimal_clipped,0.44,131.18770438656676,12.56995501374301,14.232757387325265,0.1964743779681414,6.98542599442531
volume_optimal_clipped,0.445,132.65848628126471,12.864572559559234,14.190271291613046,0.1989207415500794,6.983107588622685
volume_optimal_clipped,0.45,134.12854208646618,13.162791938118916,14.147529251706686,0.20137344243575786,6.9807776108803266
volume_optimal_clipped,0.455,135.59786106315113,13.46462072216458,14.104527377781674,0.2038325566416467,6.978436200939822
volume_optimal_clipped,0.46,137.06643237259493,13.770066571799138,14.061261684554436,0.20629816212780985,6.976083507684607
volume_optimal_clipped,0.465,138.53424509554486,14.079137218099463,14.017728088031244,0.2087703384453909,6.9737196885942385
volume_optimal_clipped,0.47000000000000003,140.0012882178061,14.391840476304763,13.973922402114935,0.21124916703895882,6.971344910839597
volume_optimal_clipped,0.47500000000000003,141.46755062791223,14.708184248386987,13.929840335061693,0.2137347313235913,6.96895935183311
volume_optimal_clipped,0.48,142.93302112927418,15.028176512647752,13.885477485779903,0.21622711645517317,6.96656319907113
volume_optimal_clipped,0.485,144.39768841528885,15.351825346618655,13.840829339962347,0.21872640987055714,6.964156651870219
volume_optimal_clipped,0.49,145.8615410903895,15.679138908533334,13.795891266042599,0.22123270087696625,6.961739920819219
volume_optimal_clipped,0.495,147.3245676540234,16.010125452402974,13.750658510965804,0.2237460810100894,6.959313229140511
volume_optimal_clipped,0.5,148.78675649792345,16.34479333106219,13.705126195763363,0.22626664412936354,6.956876813429078
volume_optimal_clipped,0.505,150.24809591946945,16.683150984390362,13.659289310920434,0.2287944861496714,6.954430923569933
volume_optimal_clipped,0.51,151.70857409393716,17.025206965557356,13.613142711524288,0.23132970568395309,6.951975824877054
volume_optimal_clipped,0.515,153.16817909772956,17.37096991997801,13.566681112180843,0.23387240356158912,6.949511797571295
volume_optimal_clipped,0.52,154.62689889045012,17.720448602645007,13.519899081685772,0.2364226832562589,6.947039138500089
volume_optimal_clipped,0.525,156.08472131167977,18.073651881767532,13.472791037435643,0.23898065100499274,6.9445581621435695
volume_optimal_clipped,0.53,157.54163409575395,18.43058872537245,13.42535123956354,0.24154641549250455,6.942069200660402
volume_optimal_clipped,0.535,158.9976248406096,18.791268231568615,13.377573784782482,0.24412008862279908,6.939572606565741
volume_optimal_clipped,0.54,160.4526810335734,19.155699604520255,13.329452599918785,0.24670178494989292,6.937068752283547
volume_optimal_clipped,0.545,161.9067900311584,19.523892174505022,13.280981435116164,0.24929162219402387,6.934558032358515
volume_optimal_clipped,0.55,163.35993905522378,19.895855402299972,13.232153856690065,0.25188972139218496,6.932040864846467
volume_optimal_clipped,0.555,164.81211520941378,20.271598863860575,13.182963239610027,0.2544962065237729,6.929517691574225
volume_optimal_clipped,0.56,166.26330544392093,20.651132285459024,13.133402759586383,0.2571112054466862,6.92698898155381
volume_optimal_clipped,0.5650000000000001,167.71349658429443,21.034465516099644,13.083465384735664,0.2597348492187149,6.924455230692403
volume_optimal_clipped,0.5700000000000001,169.16267530848953,21.42160855090035,13.0331438667972,0.26236727272714444,6.921916964694719
volume_optimal_clipped,0.5750000000000001,170.61082814224375,21.812571536433023,12.982430731871192,0.26500861488163546,6.919374741016629
volume_optimal_clipped,0.58,172.05794147748645,22.20736475310352,12.931318270646251,0.26765901816639087,6.916829149478544
volume_optimal_clipped,0.585,173.50400153214363,22.605998656265783,12.879798528081798,0.27031862978899696,6.914280816707862
volume_optimal_clipped,0.59,174.9489943825475,23.008483844353066,12.82786329250799,0.2729876008638969,6.911730406149126
volume_optimal_clipped,0.595,176.3929059371299,23.414831086359378,12.775504084102701,0.2756660871897154,6.909178621957771
volume_optimal_clipped,0.6,177.83572193079357,23.82505132841578,12.722712142701843,0.27835424950009713,6.906626211796922
volume_optimal_clipped,0.605,179.2774279456762,24.23915567339623,12.669478414895552,0.2810522529227839,6.9040739680347745
volume_optimal_clipped,0.61,180.7180093648638,24.657155429447997,12.615793540358855,0.28376026840801877,6.901522733659215
volume_optimal_clipped,0.615,182.15745140913498,25.0790620729139,12.561647837360868,0.28647847173584523,6.898973402834545
volume_optimal_clipped,0.62,183.59573910650303,25.50488728093743,12.507031287391921,0.28920704448913354,6.896426926255689
volume_optimal_clipped,0.625,185.0328572852763,25.93464293966525,12.451933518842406,0.2919461743853014,6.893884315237888
volume_optimal_clipped,0.63,186.4687905976644,26.368341120472454,12.396343789661488,0.2946960546159492,6.89134664388647
volume_optimal_clipped,0.635,187.9035234659038,26.805994137825074,12.340250968917129,0.29745688564929945,6.888815057179323
volume_optimal_clipped,0.64,189.33704012427793,27.24761450579929,12.283643517171775,0.3002288740093028,6.886290772501189
volume_optimal_clipped,0.645,190.7693245834477,27.69321497718477,12.226509465579992,0.3030122335129195,6.883775087213354
volume_optimal_clipped,0.65,192.20036062177022,28.142808553865628,12.168836393605636,0.305807185717235,6.881269384779186
volume_optimal_clipped,0.655,193.63013181237548,28.596408458880905,12.110611405246164,0.30861395910366546,6.878775138577835
volume_optimal_clipped,0.66,195.05862145969044,29.05402820621674,12.05182110364094,0.31143279139120417,6.876293923280843
volume_optimal_clipped,0.665,196.4858126479577,29.515681549358078,11.992451563928151,0.3142639280153566,6.8738274181352725
volume_optimal_clipped,0.67,197.9116881989133,29.98138252877394,11.932488304201433,0.3171076237301167,6.871377418005202
volume_optimal_clipped,0.675,199.3362306607461,30.45114548527737,11.871916254402224,0.31996414322391414,6.86894584280352
volume_optimal_clipped,0.68,200.75942233946148,30.924985026892088,11.810719722966917,0.3228337600984056,6.8665347441442455
volume_optimal_clipped,0.685,202.1812452230352,31.4029161141755,11.748882361028897,0.3257167598959665,6.8641463219077945
volume_optimal_clipped,0.6900000000000001,203.60168103804816,31.88495399871858,11.68638712395441,0.32861343817693767,6.861782930690015
volume_optimal_clipped,0.6950000000000001,205.02071119870405,32.371114281656745,11.623216229967136,0.33152410263775317,6.8594470964906815
volume_optimal_clipped,0.7000000000000001,206.4383167925163,32.861412931200945,11.559351115589516,0.33444907398118673,6.857141531707694
volume_optimal_clipped,0.705,207.85447861704037,33.355866242939214,11.49477238759846,0.33738868461901006,6.854869146830127
volume_optimal_clipped,0.71,209.26917708775227,33.854490945812266,11.429459771158662,0.34034328272597575,6.852633075519259
volume_optimal_clipped,0.715,210.6823923049751,34.3573041277329,11.363392053757865,0.3433132297691398,6.850436686918553
volume_optimal_clipped,0.72,212.09410399136675,34.8643233089367,11.296547024524145,0.34629890337832336,6.848283611928112
volume_optimal_clipped,0.725,213.5042914729395,35.375566465516556,11.228901408455036,0.3493006986125857,6.846177767950138
volume_optimal_clipped,0.73,214.91293372262027,35.89105198130016,11.160430795030923,0.3523190262847495,6.844123379856199
volume_optimal_clipped,0.735,216.32000924617475,36.410798781985115,11.09110956061962,0.35535431853902283,6.8421250197261525
volume_optimal_clipped,0.74,217.72549616241875,36.934826243959016,11.020910784003885,0.3584070256168905,6.8401876303668345
volume_optimal_clipped,0.745,219.1293721249322,37.463154288173655,10.94980615427746,0.3614776198630221,6.8383165686879765
volume_optimal_clipped,0.75,220.53161429620604,37.99580341260686,10.877765870255844,0.364566597634298,6.83651764839264
volume_optimal_clipped,0.755,221.93219940003183,38.532794633149514,10.80475853043344,0.3676744770962117,6.834797178779371
volume_optimal_clipped,0.76,223.3311035727961,39.07414966229104,10.730751012385944,0.3708018063713947,6.833162031642169
volume_optimal_clipped,0.765,224.72830247747163,39.61989077625902,10.655708340362867,0.37394915832889397,6.83161968528245
volume_optimal_clipped,0.77,226.1237711717701,40.17004097477489,10.579593539635663,0.37711713813519865,6.83017830391785
volume_optimal_clipped,0.775,227.51748412763925,40.72462396141449,10.502367475957438,0.3803063830449324,6.828846808608646
volume_optimal_clipped,0.78,228.9094151904524,41.28366419561418,10.423988678244738,0.3835175654694008,6.827634965237148
volume_optimal_clipped,0.785,230.2995375443236,41.847186937967535,10.34441314230338,0.38675139587074864,6.826553483629439
volume_optimal_clipped,0.79,231.6878236772988,42.41521829604383,10.263594113079726,0.390008625810725,6.825614130461596
volume_optimal_clipped,0.795,233.07424534300932,42.9877852748732,10.181481842515717,0.39329005136675965,6.8248298587188065
volume_optimal_clipped,0.8,234.45877351868168,43.56491583231201,10.098023319606744,0.3965965169537491,6.8242149565564745
volume_optimal_clipped,0.805,235.84137835949164,44.14663893925442,10.013161968689628,0.39992891959298205,6.823785218973915
volume_optimal_clipped,0.81,237.2220359739079,44.73296858499605,10.0,0.4032469395421592,6.675783254551772
volume_optimal_clipped,0.8150000000000001,238.60076577703498,45.32381727265014,10.0,0.406478481207935,6.501183396914691
volume_optimal_clipped,0.8200000000000001,239.9776051662412,45.919057901917746,10.0,0.40962231060947624,6.326797310560329
volume_optimal_clipped,0.8250000000000001,241.35259274422432,46.51856392884384,10.0,0.4126785467732615,6.152620210550013
volume_optimal_clipped,0.8300000000000001,242.7257680728801,47.12220935436653,10.0,0.41564730650250326,5.978647187550732
volume_optimal_clipped,0.835,244.09717188358206,47.729868854460186,10.0,0.4185287037078627,5.8048731807753295
volume_optimal_clipped,0.84,245.46684579885616,48.34141762743939,10.0,0.42132284994981883,5.631293013490823
volume_optimal_clipped,0.845,246.83483244822875,48.95673146787602,10.0,0.42402985400703225,5.457901378058671
volume_optimal_clipped,0.85,248.2011754244852,49.57568675023509,10.0,0.4266498218013152,5.284692841402198
volume_optimal_clipped,0.855,249.5659191269766,50.19816033909907,10.0,0.42918285675060897,5.11166186498275
volume_optimal_clipped,0.86,250.9291089340039,50.82402970191116,10.0,0.4316290590386597,4.938802782565764
volume_optimal_clipped,0.865,252.2907909662259,51.453172769165526,10.0,0.433988526239103,4.766109830454951
volume_optimal_clipped,0.87,253.6510121801122,52.08546799700843,10.0,0.43626135285101597,4.5935771353917065
volume_optimal_clipped,0.875,255.00982032658865,52.720794348201956,10.0,0.43844763023683536,4.421198719738528
volume_optimal_clipped,0.88,256.36726381900985,53.35903121110624,10.0,0.44054744702171883,4.248968518343156
volume_optimal_clipped,0.885,257.72339186961096,54.000058493013015,10.0,0.44256088831393336,4.076880360881887
volume_optimal_clipped,0.89,259.078254292231,54.64375649611608,10.0,0.4444880363977686,3.904927997121856
volume_optimal_clipped,0.895,260.43190157446384,55.29000596772857,10.0,0.4463289702432066,3.73310508754045
volume_optimal_clipped,0.9,261.7843848383654,55.93868807912513,10.0,0.44808376545610407,3.5614052082641248
volume_optimal_clipped,0.905,263.1357557316877,56.589684354876404,10.0,0.4497524947162929,3.3898218649952834
volume_optimal_clipped,0.91,264.48606653002696,57.24287674522172,10.0,0.4513352269598593,3.2183484797270214
volume_optimal_clipped,0.915,265.83536997670495,57.89814752016244,10.0,0.4528320281287277,3.046978411302885
volume_optimal_clipped,0.92,267.1837193344975,58.55537930649137,10.0,0.4542429606610663,2.8757049486447412
volume_optimal_clipped,0.925,268.53116834803507,59.2144550650074,10.0,0.45556808345315564,2.7045213154920402
volume_optimal_clipped,0.93,269.8777711570703,59.87525803147932,10.0,0.45680745232900793,2.5334206815443747
volume_optimal_clipped,0.935,271.2235823655846,60.53767176692126,10.0,0.4579611191952518,2.362396153388379
volume_optimal_clipped,0.9400000000000001,272.56865691698187,61.20158007165892,10.0,0.4590291328358664,2.1914407905854882
volume_optimal_clipped,0.9450000000000001,273.9130501260428,61.86686700860685,10.0,0.4600115383896994,2.020547601426138
volume_optimal_clipped,0.9500000000000001,275.25681764262043,62.53341687930384,10.0,0.46090837732356466,1.8497095475188847
volume_optimal_clipped,0.9550000000000001,276.6000153859127,63.20111417749904,10.0,0.46171968792652,1.6789195522764415
volume_optimal_clipped,0.96,277.9426995814053,63.86984361657396,10.0,0.46244550444773236,1.5081704959447944
volume_optimal_clipped,0.965,279.2849266698778,64.53949006498974,10.0,0.463085857925373,1.3374552274058795
volume_optimal_clipped,0.97,280.62675331999213,65.20993855547026,10.0,0.46364077565746026,1.1667665624068746
volume_optimal_clipped,0.975,281.9682363928618,65.88107426027102,10.0,0.46411028118585324,0.9960972880516825
volume_optimal_clipped,0.98,283.309432896523,66.55278245812526,10.0,0.4644943948086269,0.8254401687307437
volume_optimal_clipped,0.985,284.65039999119034,67.22494853841255,10.0,0.46479313271107364,0.6547879451934535
volume_optimal_clipped,0.99,285.9911949309496,67.89745795899397,10.0,0.46500650781818614,0.4841333422058098
volume_optimal_clipped,0.995,287.33187505714034,68.57019624117025,10.0,0.465134529264953,0.31346906923510287
volume_optimal_clipped,1.0,288.67249776336763,69.24304894457354,10.0,0.4651772023910457,0.14278782489844072
