head_width_m,ideal_coverage_passes,footprint_m,frequency_Hz,speed_m_s,point_dwell_s,nominal_cycles_per_point,cycles_if_whole_moving_time_wrongly_used,overcount_factor
10,4.0,0.4,20,0.08333333333333333,4.800000000000001,96.00000000000001,48000,500.0
10,4.0,0.4,30,0.08333333333333333,4.800000000000001,144.00000000000003,72000,500.0
10,4.0,0.4,50,0.08333333333333333,4.800000000000001,240.00000000000003,120000,500.0
10,4.0,1,20,0.08333333333333333,12.0,240.0,48000,200.0
10,4.0,1,30,0.08333333333333333,12.0,360.0,72000,200.0
10,4.0,1,50,0.08333333333333333,12.0,600.0,120000,200.0
10,4.0,2,20,0.08333333333333333,24.0,480.0,48000,100.0
10,4.0,2,30,0.08333333333333333,24.0,720.0,72000,100.0
10,4.0,2,50,0.08333333333333333,24.0,1200.0,120000,100.0
20,2.0,0.4,20,0.041666666666666664,9.600000000000001,192.00000000000003,48000,250.0
20,2.0,0.4,30,0.041666666666666664,9.600000000000001,288.00000000000006,72000,250.0
20,2.0,0.4,50,0.041666666666666664,9.600000000000001,480.00000000000006,120000,250.0
20,2.0,1,20,0.041666666666666664,24.0,480.0,48000,100.0
20,2.0,1,30,0.041666666666666664,24.0,720.0,72000,100.0
20,2.0,1,50,0.041666666666666664,24.0,1200.0,120000,100.0
20,2.0,2,20,0.041666666666666664,48.0,960.0,48000,50.0
20,2.0,2,30,0.041666666666666664,48.0,1440.0,72000,50.0
20,2.0,2,50,0.041666666666666664,48.0,2400.0,120000,50.0
40,1.0,0.4,20,0.020833333333333332,19.200000000000003,384.00000000000006,48000,125.0
40,1.0,0.4,30,0.020833333333333332,19.200000000000003,576.0000000000001,72000,125.0
40,1.0,0.4,50,0.020833333333333332,19.200000000000003,960.0000000000001,120000,125.0
40,1.0,1,20,0.020833333333333332,48.0,960.0,48000,50.0
40,1.0,1,30,0.020833333333333332,48.0,1440.0,72000,50.0
40,1.0,1,50,0.020833333333333332,48.0,2400.0,120000,50.0
40,1.0,2,20,0.020833333333333332,96.0,1920.0,48000,25.0
40,1.0,2,30,0.020833333333333332,96.0,2880.0,72000,25.0
40,1.0,2,50,0.020833333333333332,96.0,4800.0,120000,25.0
