b,active_fraction,mu_interface,peak_pressure_Pa,adhesive_ratio,pressure_multiplier,coulomb_mu_constant
0.0,1.0,0.1,5000000.0,1.0,1.0,0.1
0.0,0.6309573444801932,0.08576958985908942,5829572.005899158,0.8576958985908941,1.1659144011798317,0.1
0.0,0.3981071705534972,0.07356422544596412,6796781.954392629,0.7356422544596413,1.3593563908785258,0.1
0.0,0.251188643150958,0.06309573444801933,7924465.962305567,0.6309573444801932,1.5848931924611134,0.1
0.0,0.15848931924611134,0.05411695265464637,9239248.987111455,0.5411695265464637,1.847849797422291,0.1
0.0,0.1,0.046415888336127795,10772173.450159417,0.4641588833612779,2.1544346900318834,0.1
0.0,0.06309573444801933,0.03981071705534973,12559432.1575479,0.39810717055349726,2.51188643150958,0.1
0.0,0.039810717055349734,0.034145488738336026,14643222.82312618,0.3414548873833602,2.928644564625236,0.1
0.0,0.025118864315095794,0.029286445646252365,17072744.36916801,0.2928644564625236,3.414548873833602,0.1
0.0,0.015848931924611134,0.0251188643150958,19905358.52767486,0.251188643150958,3.9810717055349727,0.1
0.0,0.01,0.02154434690031884,23207944.168063894,0.2154434690031884,4.641588833612778,0.1
0.0,0.00630957344480193,0.01847849797422291,27058476.327323183,0.1847849797422291,5.411695265464637,0.1
0.0,0.003981071705534973,0.015848931924611138,31547867.22400966,0.15848931924611137,6.309573444801932,0.1
0.0,0.0025118864315095794,0.013593563908785257,36782112.72298207,0.13593563908785256,7.3564225445964135,0.1
0.0,0.001584893192461114,0.01165914401179832,42884794.929544695,0.1165914401179832,8.57695898590894,0.1
0.0,0.001,0.010000000000000002,49999999.99999999,0.10000000000000002,9.999999999999998,0.1
0.02,1.0,0.1,5000000.0,1.0,1.0,0.1
0.02,0.6309573444801932,0.08861567188727154,5829572.005899158,0.8576958985908941,1.1659144011798317,0.1
0.02,0.3981071705534972,0.0788513803567713,6796781.954392629,0.7356422544596413,1.3593563908785258,0.1
0.02,0.251188643150958,0.07047658755841546,7924465.962305567,0.6309573444801932,1.5848931924611134,0.1
0.02,0.15848931924611134,0.06329356212371709,9239248.987111455,0.5411695265464637,1.847849797422291,0.1
0.02,0.1,0.05713271066890223,10772173.450159417,0.4641588833612779,2.1544346900318834,0.1
0.02,0.06309573444801933,0.05184857364427978,12559432.1575479,0.39810717055349726,2.51188643150958,0.1
0.02,0.039810717055349734,0.04731639099066882,14643222.82312618,0.3414548873833602,2.928644564625236,0.1
0.02,0.025118864315095794,0.043429156517001896,17072744.36916801,0.2928644564625236,3.414548873833602,0.1
0.02,0.015848931924611134,0.04009509145207664,19905358.52767486,0.251188643150958,3.9810717055349727,0.1
0.02,0.01,0.03723547752025507,23207944.168063894,0.2154434690031884,4.641588833612778,0.1
0.02,0.00630957344480193,0.03478279837937833,27058476.327323183,0.1847849797422291,5.411695265464637,0.1
0.02,0.003981071705534973,0.03267914553968891,31547867.22400966,0.15848931924611137,6.309573444801932,0.1
0.02,0.0025118864315095794,0.030874851127028206,36782112.72298207,0.13593563908785256,7.3564225445964135,0.1
0.02,0.001584893192461114,0.029327315209438657,42884794.929544695,0.1165914401179832,8.57695898590894,0.1
0.02,0.001,0.028000000000000004,49999999.99999999,0.10000000000000002,9.999999999999998,0.1
0.03,1.0,0.1,5000000.0,1.0,1.0,0.1
0.03,0.6309573444801932,0.09003871290136259,5829572.005899158,0.8576958985908941,1.1659144011798317,0.1
0.03,0.3981071705534972,0.08149495781217489,6796781.954392629,0.7356422544596413,1.3593563908785258,0.1
0.03,0.251188643150958,0.07416701411361354,7924465.962305567,0.6309573444801932,1.5848931924611134,0.1
0.03,0.15848931924611134,0.06788186685825245,9239248.987111455,0.5411695265464637,1.847849797422291,0.1
0.03,0.1,0.06249112183528946,10772173.450159417,0.4641588833612779,2.1544346900318834,0.1
0.03,0.06309573444801933,0.057867501938744806,12559432.1575479,0.39810717055349726,2.51188643150958,0.1
0.03,0.039810717055349734,0.053901842116835214,14643222.82312618,0.3414548873833602,2.928644564625236,0.1
0.03,0.025118864315095794,0.050500511952376655,17072744.36916801,0.2928644564625236,3.414548873833602,0.1
0.03,0.015848931924611134,0.047583205020567065,19905358.52767486,0.251188643150958,3.9810717055349727,0.1
0.03,0.01,0.045081042830223184,23207944.168063894,0.2154434690031884,4.641588833612778,0.1
0.03,0.00630957344480193,0.04293494858195604,27058476.327323183,0.1847849797422291,5.411695265464637,0.1
0.03,0.003981071705534973,0.0410942523472278,31547867.22400966,0.15848931924611137,6.309573444801932,0.1
0.03,0.0025118864315095794,0.03951549473614968,36782112.72298207,0.13593563908785256,7.3564225445964135,0.1
0.03,0.001584893192461114,0.038161400808258826,42884794.929544695,0.1165914401179832,8.57695898590894,0.1
0.03,0.001,0.037,49999999.99999999,0.10000000000000002,9.999999999999998,0.1
0.05,1.0,0.1,5000000.0,1.0,1.0,0.1
0.05,0.6309573444801932,0.09288479492954471,5829572.005899158,0.8576958985908941,1.1659144011798317,0.1
0.05,0.3981071705534972,0.08678211272298206,6796781.954392629,0.7356422544596413,1.3593563908785258,0.1
0.05,0.251188643150958,0.08154786722400967,7924465.962305567,0.6309573444801932,1.5848931924611134,0.1
0.05,0.15848931924611134,0.07705847632732318,9239248.987111455,0.5411695265464637,1.847849797422291,0.1
0.05,0.1,0.0732079441680639,10772173.450159417,0.4641588833612779,2.1544346900318834,0.1
0.05,0.06309573444801933,0.06990535852767486,12559432.1575479,0.39810717055349726,2.51188643150958,0.1
0.05,0.039810717055349734,0.06707274436916802,14643222.82312618,0.3414548873833602,2.928644564625236,0.1
0.05,0.025118864315095794,0.06464322282312618,17072744.36916801,0.2928644564625236,3.414548873833602,0.1
0.05,0.015848931924611134,0.0625594321575479,19905358.52767486,0.251188643150958,3.9810717055349727,0.1
0.05,0.01,0.06077217345015942,23207944.168063894,0.2154434690031884,4.641588833612778,0.1
0.05,0.00630957344480193,0.059239248987111456,27058476.327323183,0.1847849797422291,5.411695265464637,0.1
0.05,0.003981071705534973,0.05792446596230557,31547867.22400966,0.15848931924611137,6.309573444801932,0.1
0.05,0.0025118864315095794,0.05679678195439263,36782112.72298207,0.13593563908785256,7.3564225445964135,0.1
0.05,0.001584893192461114,0.055829572005899164,42884794.929544695,0.1165914401179832,8.57695898590894,0.1
0.05,0.001,0.05500000000000001,49999999.99999999,0.10000000000000002,9.999999999999998,0.1
